SEASON_ID,TEAM_ID,TEAM_ABBREVIATION,TEAM_NAME,GAME_ID,GAME_DATE,MATCHUP,WL,MIN,PTS,FGM,FGA,FG_PCT,FG3M,FG3A,FG3_PCT,FTM,FTA,FT_PCT,OREB,DREB,REB,AST,STL,BLK,TOV,PF,PLUS_MINUS
22024,1610612759,SAS,San Antonio Spurs,0022401197,2025-04-13,SAS vs. TOR,W,240,125,43,84,0.512,11,32,0.344,28,32,0.875,9,41,50,22,11,2,12,13,7.0
22024,1610612763,MEM,Memphis Grizzlies,0022401194,2025-04-13,MEM vs. DAL,W,239,132,52,104,0.5,15,40,0.375,13,15,0.867,19,34,53,31,13,7,11,15,35.0
22024,1610612762,UTA,Utah Jazz,0022401195,2025-04-13,UTA @ MIN,L,241,105,40,89,0.449,16,42,0.381,9,11,0.818,9,31,40,24,6,5,13,15,-11.0
22024,1610612740,NOP,New Orleans Pelicans,0022401196,2025-04-13,NOP vs. OKC,L,240,100,35,91,0.385,7,38,0.184,23,30,0.767,11,36,47,22,6,4,12,19,-15.0
22024,1610612766,CHA,Charlotte Hornets,0022401187,2025-04-13,CHA @ BOS,L,240,86,32,85,0.376,11,39,0.282,11,18,0.611,18,33,51,23,10,4,17,16,-7.0
22024,1610612761,TOR,Toronto Raptors,0022401197,2025-04-13,TOR @ SAS,L,240,118,46,97,0.474,14,39,0.359,12,16,0.75,12,30,42,32,8,1,13,23,-7.0
22024,1610612754,IND,Indiana Pacers,0022401189,2025-04-13,IND @ CLE,W,289,126,48,119,0.403,10,42,0.238,20,22,0.909,14,47,61,27,15,10,13,20,8.0
22024,1610612758,SAC,Sacramento Kings,0022401200,2025-04-13,SAC vs. PHX,W,243,109,46,88,0.523,14,34,0.412,3,3,1.0,10,33,43,31,6,4,11,7,11.0
22024,1610612747,LAL,Los Angeles Lakers,0022401199,2025-04-13,LAL @ POR,L,239,81,31,80,0.388,9,28,0.321,10,14,0.714,13,29,42,21,9,11,20,21,-28.0
22024,1610612752,NYK,New York Knicks,0022401188,2025-04-13,NYK @ BKN,W,240,113,37,86,0.43,16,42,0.381,23,26,0.885,10,30,40,27,10,3,11,25,8.0
22024,1610612760,OKC,Oklahoma City Thunder,0022401196,2025-04-13,OKC @ NOP,W,241,115,41,98,0.418,9,47,0.191,24,27,0.889,17,37,54,16,8,4,10,25,15.0
22024,1610612741,CHI,Chicago Bulls,0022401191,2025-04-13,CHI @ PHI,W,240,122,47,103,0.456,13,40,0.325,15,20,0.75,15,44,59,29,10,4,12,17,20.0
22024,1610612750,MIN,Minnesota Timberwolves,0022401195,2025-04-13,MIN vs. UTA,W,240,116,46,98,0.469,13,43,0.302,11,16,0.688,17,37,54,23,9,9,13,16,11.0
22024,1610612737,ATL,Atlanta Hawks,0022401186,2025-04-13,ATL vs. ORL,W,241,117,47,88,0.534,17,40,0.425,6,10,0.6,9,35,44,32,8,2,15,15,12.0
22024,1610612753,ORL,Orlando Magic,0022401186,2025-04-13,ORL @ ATL,L,240,105,40,88,0.455,15,35,0.429,10,15,0.667,12,31,43,25,11,5,14,8,-12.0
22024,1610612745,HOU,Houston Rockets,0022401193,2025-04-13,HOU vs. DEN,L,239,111,45,100,0.45,12,34,0.353,9,14,0.643,16,29,45,32,5,4,10,24,-15.0
22024,1610612765,DET,Detroit Pistons,0022401192,2025-04-13,DET @ MIL,L,264,133,51,107,0.477,22,59,0.373,9,14,0.643,14,28,42,35,9,3,13,19,-7.0
22024,1610612738,BOS,Boston Celtics,0022401187,2025-04-13,BOS vs. CHA,W,241,93,35,90,0.389,14,45,0.311,9,13,0.692,15,34,49,22,12,6,13,14,7.0
22024,1610612746,LAC,LA Clippers,0022401198,2025-04-13,LAC @ GSW,W,265,124,48,86,0.558,14,30,0.467,14,18,0.778,9,33,42,28,11,3,16,21,5.0
22024,1610612756,PHX,Phoenix Suns,0022401200,2025-04-13,PHX @ SAC,L,241,98,40,84,0.476,15,44,0.341,3,6,0.5,9,28,37,28,6,1,11,9,-11.0
22024,1610612749,MIL,Milwaukee Bucks,0022401192,2025-04-13,MIL vs. DET,W,265,140,50,86,0.581,23,44,0.523,17,22,0.773,6,32,38,30,5,7,20,17,7.0
22024,1610612751,BKN,Brooklyn Nets,0022401188,2025-04-13,BKN vs. NYK,L,239,105,38,74,0.514,12,35,0.343,17,25,0.68,6,36,42,21,4,2,18,24,-8.0
22024,1610612755,PHI,Philadelphia 76ers,0022401191,2025-04-13,PHI vs. CHI,L,240,102,36,94,0.383,12,44,0.273,18,21,0.857,10,38,48,20,7,6,14,15,-20.0
22024,1610612748,MIA,Miami Heat,0022401190,2025-04-13,MIA vs. WAS,L,241,118,49,98,0.5,10,32,0.313,10,12,0.833,9,37,46,28,8,6,8,12,-1.0
22024,1610612744,GSW,Golden State Warriors,0022401198,2025-04-13,GSW vs. LAC,L,265,119,43,79,0.544,15,33,0.455,18,23,0.783,3,22,25,31,11,6,15,20,-5.0
22024,1610612743,DEN,Denver Nuggets,0022401193,2025-04-13,DEN @ HOU,W,238,126,45,88,0.511,10,29,0.345,26,31,0.839,11,36,47,28,7,6,9,13,15.0
22024,1610612742,DAL,Dallas Mavericks,0022401194,2025-04-13,DAL @ MEM,L,240,97,38,87,0.437,5,28,0.179,16,22,0.727,10,28,38,20,6,3,18,13,-35.0
22024,1610612764,WAS,Washington Wizards,0022401190,2025-04-13,WAS @ MIA,W,240,119,46,90,0.511,16,37,0.432,11,17,0.647,6,37,43,33,4,3,10,14,1.0
22024,1610612757,POR,Portland Trail Blazers,0022401199,2025-04-13,POR vs. LAL,W,240,109,42,96,0.438,15,42,0.357,10,21,0.476,27,29,56,27,7,6,14,16,28.0
22024,1610612739,CLE,Cleveland Cavaliers,0022401189,2025-04-13,CLE vs. IND,L,292,118,44,115,0.383,18,60,0.3,12,22,0.545,18,47,65,21,6,9,21,23,-8.0
22024,1610612761,TOR,Toronto Raptors,0022401178,2025-04-11,TOR @ DAL,L,240,102,40,100,0.4,11,39,0.282,11,18,0.611,16,27,43,22,11,4,10,15,-22.0
22024,1610612739,CLE,Cleveland Cavaliers,0022401175,2025-04-11,CLE @ NYK,W,240,108,38,77,0.494,11,31,0.355,21,30,0.7,13,36,49,23,7,2,15,17,6.0
22024,1610612760,OKC,Oklahoma City Thunder,0022401181,2025-04-11,OKC @ UTA,W,240,145,56,100,0.56,24,53,0.453,9,13,0.692,5,42,47,41,12,4,10,17,34.0
22024,1610612756,PHX,Phoenix Suns,0022401182,2025-04-11,PHX vs. SAS,W,240,117,44,95,0.463,19,47,0.404,10,11,0.909,13,39,52,27,9,10,11,9,19.0
22024,1610612754,IND,Indiana Pacers,0022401172,2025-04-11,IND vs. ORL,L,241,115,40,89,0.449,12,29,0.414,23,35,0.657,17,27,44,24,8,7,17,19,-14.0
22024,1610612737,ATL,Atlanta Hawks,0022401173,2025-04-11,ATL @ PHI,W,240,124,45,94,0.479,16,42,0.381,18,24,0.75,18,35,53,28,9,5,14,15,14.0
22024,1610612766,CHA,Charlotte Hornets,0022401174,2025-04-11,CHA @ BOS,L,241,94,36,93,0.387,15,40,0.375,7,10,0.7,12,36,48,25,7,4,17,14,-36.0
22024,1610612758,SAC,Sacramento Kings,0022401184,2025-04-11,SAC vs. LAC,L,240,100,37,85,0.435,10,31,0.323,16,17,0.941,11,32,43,23,5,1,11,18,-1.0
22024,1610612752,NYK,New York Knicks,0022401175,2025-04-11,NYK vs. CLE,L,240,102,36,88,0.409,16,41,0.39,14,20,0.7,10,25,35,22,11,2,8,18,-6.0
22024,1610612742,DAL,Dallas Mavericks,0022401178,2025-04-11,DAL vs. TOR,W,241,124,49,89,0.551,15,34,0.441,11,17,0.647,12,44,56,34,8,10,17,12,22.0
22024,1610612763,MEM,Memphis Grizzlies,0022401180,2025-04-11,MEM @ DEN,L,239,109,41,91,0.451,14,43,0.326,13,19,0.684,7,34,41,26,8,5,12,24,-8.0
22024,1610612738,BOS,Boston Celtics,0022401174,2025-04-11,BOS vs. CHA,W,240,130,49,95,0.516,23,51,0.451,9,12,0.75,10,42,52,35,9,8,10,11,36.0
22024,1610612747,LAL,Los Angeles Lakers,0022401185,2025-04-11,LAL vs. HOU,W,239,140,53,87,0.609,19,37,0.514,15,25,0.6,4,38,42,28,11,1,12,15,31.0
22024,1610612764,WAS,Washington Wizards,0022401176,2025-04-11,WAS @ CHI,L,239,89,35,91,0.385,10,41,0.244,9,12,0.75,8,33,41,26,7,5,16,16,-30.0
22024,1610612765,DET,Detroit Pistons,0022401171,2025-04-11,DET vs. MIL,L,240,119,46,93,0.495,18,39,0.462,9,18,0.5,8,34,42,30,1,9,10,19,-6.0
22024,1610612746,LAC,LA Clippers,0022401184,2025-04-11,LAC @ SAC,W,239,101,40,78,0.513,7,21,0.333,14,18,0.778,7,30,37,19,6,2,12,19,1.0
22024,1610612745,HOU,Houston Rockets,0022401185,2025-04-11,HOU @ LAL,L,240,109,41,90,0.456,18,51,0.353,9,12,0.75,7,30,37,22,8,5,18,17,-31.0
22024,1610612748,MIA,Miami Heat,0022401177,2025-04-11,MIA @ NOP,W,240,153,58,104,0.558,20,45,0.444,17,22,0.773,16,44,60,36,12,5,9,13,49.0
22024,1610612743,DEN,Denver Nuggets,0022401180,2025-04-11,DEN vs. MEM,W,242,117,44,91,0.484,5,24,0.208,24,31,0.774,11,41,52,32,9,2,12,17,8.0
22024,1610612751,BKN,Brooklyn Nets,0022401179,2025-04-11,BKN @ MIN,L,240,91,33,90,0.367,12,41,0.293,13,17,0.765,15,26,41,24,7,1,9,24,-26.0
22024,1610612750,MIN,Minnesota Timberwolves,0022401179,2025-04-11,MIN vs. BKN,W,239,117,42,77,0.545,11,31,0.355,22,29,0.759,7,41,48,27,5,5,12,15,26.0
22024,1610612755,PHI,Philadelphia 76ers,0022401173,2025-04-11,PHI vs. ATL,L,240,110,43,97,0.443,12,35,0.343,12,15,0.8,14,31,45,29,6,6,14,17,-14.0
22024,1610612753,ORL,Orlando Magic,0022401172,2025-04-11,ORL @ IND,W,240,129,49,85,0.576,13,32,0.406,18,21,0.857,8,27,35,32,14,11,19,28,14.0
22024,1610612759,SAS,San Antonio Spurs,0022401182,2025-04-11,SAS @ PHX,L,241,98,39,90,0.433,13,34,0.382,7,10,0.7,5,35,40,28,7,2,14,7,-19.0
22024,1610612749,MIL,Milwaukee Bucks,0022401171,2025-04-11,MIL @ DET,W,240,125,43,94,0.457,17,39,0.436,22,27,0.815,8,36,44,30,7,8,7,17,6.0
22024,1610612741,CHI,Chicago Bulls,0022401176,2025-04-11,CHI vs. WAS,W,240,119,43,93,0.462,13,41,0.317,20,22,0.909,13,41,54,32,8,7,12,13,30.0
22024,1610612762,UTA,Utah Jazz,0022401181,2025-04-11,UTA vs. OKC,L,239,111,39,103,0.379,17,63,0.27,16,20,0.8,19,38,57,23,7,3,16,14,-34.0
22024,1610612744,GSW,Golden State Warriors,0022401183,2025-04-11,GSW @ POR,W,240,103,33,83,0.398,14,44,0.318,23,28,0.821,7,38,45,26,15,7,14,19,17.0
22024,1610612740,NOP,New Orleans Pelicans,0022401177,2025-04-11,NOP vs. MIA,L,240,104,38,95,0.4,14,37,0.378,14,20,0.7,12,30,42,27,6,2,13,16,-49.0
22024,1610612757,POR,Portland Trail Blazers,0022401183,2025-04-11,POR vs. GSW,L,240,86,32,85,0.376,6,30,0.2,16,22,0.727,13,39,52,21,9,5,22,20,-17.0
22024,1610612763,MEM,Memphis Grizzlies,0022401170,2025-04-10,MEM vs. MIN,L,238,125,46,89,0.517,18,36,0.5,15,21,0.714,8,25,33,26,5,2,15,22,-16.0
22024,1610612739,CLE,Cleveland Cavaliers,0022401168,2025-04-10,CLE @ IND,L,241,112,43,98,0.439,17,37,0.459,9,13,0.692,11,39,50,24,6,3,11,16,-2.0
22024,1610612751,BKN,Brooklyn Nets,0022401169,2025-04-10,BKN vs. ATL,L,239,109,36,90,0.4,22,52,0.423,15,22,0.682,10,31,41,31,8,2,17,26,-24.0
22024,1610612754,IND,Indiana Pacers,0022401168,2025-04-10,IND vs. CLE,W,240,114,43,93,0.462,14,41,0.341,14,20,0.7,10,36,46,28,3,11,9,16,2.0
22024,1610612749,MIL,Milwaukee Bucks,0022401161,2025-04-10,MIL vs. NOP,W,239,136,49,90,0.544,18,45,0.4,20,30,0.667,7,36,43,27,13,4,11,17,25.0
22024,1610612765,DET,Detroit Pistons,0022401167,2025-04-10,DET vs. NYK,W,241,115,47,82,0.573,8,22,0.364,13,18,0.722,9,26,35,20,5,6,15,23,9.0
22024,1610612750,MIN,Minnesota Timberwolves,0022401170,2025-04-10,MIN @ MEM,W,242,141,48,87,0.552,20,44,0.455,25,28,0.893,8,33,41,29,6,3,16,25,16.0
22024,1610612740,NOP,New Orleans Pelicans,0022401161,2025-04-10,NOP @ MIL,L,241,111,41,96,0.427,15,47,0.319,14,19,0.737,15,38,53,28,8,0,16,21,-25.0
22024,1610612737,ATL,Atlanta Hawks,0022401169,2025-04-10,ATL @ BKN,W,238,133,48,84,0.571,15,36,0.417,22,33,0.667,7,44,51,36,11,1,15,19,24.0
22024,1610612752,NYK,New York Knicks,0022401167,2025-04-10,NYK @ DET,L,240,106,42,90,0.467,11,34,0.324,11,14,0.786,11,23,34,32,11,6,14,19,-9.0
22024,1610612764,WAS,Washington Wizards,0022401157,2025-04-09,WAS vs. PHI,L,240,103,34,87,0.391,10,33,0.303,25,30,0.833,13,34,47,22,9,2,16,25,-19.0
22024,1610612753,ORL,Orlando Magic,0022401156,2025-04-09,ORL vs. BOS,W,242,96,37,91,0.407,16,45,0.356,6,8,0.75,12,37,49,23,5,3,10,9,20.0
22024,1610612741,CHI,Chicago Bulls,0022401160,2025-04-09,CHI vs. MIA,W,240,119,46,89,0.517,14,37,0.378,13,13,1.0,10,36,46,33,8,7,16,14,8.0
22024,1610612742,DAL,Dallas Mavericks,0022401159,2025-04-09,DAL vs. LAL,L,240,97,36,72,0.5,9,26,0.346,16,23,0.696,9,29,38,30,6,6,19,14,-15.0
22024,1610612738,BOS,Boston Celtics,0022401156,2025-04-09,BOS @ ORL,L,238,76,32,82,0.39,7,40,0.175,5,6,0.833,9,34,43,20,5,5,15,11,-20.0
22024,1610612746,LAC,LA Clippers,0022401166,2025-04-09,LAC vs. HOU,W,240,134,48,90,0.533,19,37,0.514,19,19,1.0,11,32,43,33,10,3,11,11,17.0
22024,1610612744,GSW,Golden State Warriors,0022401163,2025-04-09,GSW vs. SAS,L,239,111,36,86,0.419,16,48,0.333,23,28,0.821,16,29,45,29,8,2,10,19,-3.0
22024,1610612755,PHI,Philadelphia 76ers,0022401157,2025-04-09,PHI @ WAS,W,240,122,39,91,0.429,16,50,0.32,28,38,0.737,18,37,55,20,10,8,16,20,19.0
22024,1610612758,SAC,Sacramento Kings,0022401165,2025-04-09,SAC vs. DEN,L,241,116,43,92,0.467,16,36,0.444,14,17,0.824,11,29,40,25,2,5,8,22,-8.0
22024,1610612756,PHX,Phoenix Suns,0022401164,2025-04-09,PHX vs. OKC,L,240,112,42,87,0.483,15,42,0.357,13,19,0.684,9,29,38,31,10,3,13,17,-13.0
22024,1610612757,POR,Portland Trail Blazers,0022401162,2025-04-09,POR @ UTA,L,264,126,48,104,0.462,11,45,0.244,19,28,0.679,14,29,43,27,13,5,16,23,-7.0
22024,1610612748,MIA,Miami Heat,0022401160,2025-04-09,MIA @ CHI,L,240,111,44,92,0.478,12,33,0.364,11,17,0.647,11,28,39,28,11,3,13,10,-8.0
22024,1610612766,CHA,Charlotte Hornets,0022401158,2025-04-09,CHA @ TOR,L,240,96,36,82,0.439,11,35,0.314,13,16,0.813,5,36,41,23,5,3,19,13,-30.0
22024,1610612759,SAS,San Antonio Spurs,0022401163,2025-04-09,SAS @ GSW,W,241,114,39,81,0.481,18,46,0.391,18,21,0.857,10,33,43,23,6,5,13,23,3.0
22024,1610612760,OKC,Oklahoma City Thunder,0022401164,2025-04-09,OKC @ PHX,W,241,125,45,86,0.523,12,30,0.4,23,27,0.852,8,36,44,24,11,2,10,18,13.0
22024,1610612743,DEN,Denver Nuggets,0022401165,2025-04-09,DEN @ SAC,W,239,124,43,86,0.5,13,34,0.382,25,31,0.806,12,33,45,30,7,5,7,16,8.0
22024,1610612745,HOU,Houston Rockets,0022401166,2025-04-09,HOU @ LAC,L,241,117,45,88,0.511,20,40,0.5,7,10,0.7,7,29,36,24,7,4,13,14,-17.0
22024,1610612762,UTA,Utah Jazz,0022401162,2025-04-09,UTA vs. POR,W,265,133,50,98,0.51,15,36,0.417,18,22,0.818,16,40,56,27,14,4,24,26,7.0
22024,1610612761,TOR,Toronto Raptors,0022401158,2025-04-09,TOR vs. CHA,W,240,126,49,104,0.471,19,52,0.365,9,12,0.75,16,39,55,37,8,2,8,16,30.0
22024,1610612747,LAL,Los Angeles Lakers,0022401159,2025-04-09,LAL @ DAL,W,242,112,42,90,0.467,12,36,0.333,16,21,0.762,15,24,39,22,14,0,9,16,15.0
22024,1610612747,LAL,Los Angeles Lakers,0022401153,2025-04-08,LAL @ OKC,L,241,120,37,80,0.463,18,40,0.45,28,37,0.757,12,33,45,21,2,6,18,15,-16.0
22024,1610612749,MIL,Milwaukee Bucks,0022401152,2025-04-08,MIL vs. MIN,W,241,110,40,84,0.476,12,36,0.333,18,25,0.72,11,32,43,27,8,2,11,15,7.0
22024,1610612751,BKN,Brooklyn Nets,0022401150,2025-04-08,BKN vs. NOP,W,241,119,41,83,0.494,17,40,0.425,20,24,0.833,7,33,40,30,11,4,16,22,5.0
22024,1610612746,LAC,LA Clippers,0022401155,2025-04-08,LAC vs. SAS,W,241,122,48,93,0.516,14,30,0.467,12,16,0.75,14,36,50,30,6,0,15,14,5.0
22024,1610612740,NOP,New Orleans Pelicans,0022401150,2025-04-08,NOP @ BKN,L,240,114,39,82,0.476,12,33,0.364,24,31,0.774,9,33,42,26,10,6,17,18,-5.0
22024,1610612753,ORL,Orlando Magic,0022401149,2025-04-08,ORL vs. ATL,W,240,119,42,84,0.5,14,34,0.412,21,31,0.677,13,30,43,23,13,6,13,20,7.0
22024,1610612763,MEM,Memphis Grizzlies,0022401146,2025-04-08,MEM @ CHA,W,240,124,42,93,0.452,18,55,0.327,22,26,0.846,14,38,52,23,12,3,13,18,24.0
22024,1610612750,MIN,Minnesota Timberwolves,0022401152,2025-04-08,MIN @ MIL,L,240,103,41,89,0.461,13,40,0.325,8,9,0.889,10,32,42,25,4,3,13,20,-7.0
22024,1610612760,OKC,Oklahoma City Thunder,0022401153,2025-04-08,OKC vs. LAL,W,243,136,52,104,0.5,18,37,0.486,14,20,0.7,15,29,44,26,9,5,6,26,16.0
22024,1610612739,CLE,Cleveland Cavaliers,0022401147,2025-04-08,CLE vs. CHI,W,238,135,51,100,0.51,25,50,0.5,8,13,0.615,16,29,45,35,13,3,12,15,22.0
22024,1610612756,PHX,Phoenix Suns,0022401154,2025-04-08,PHX vs. GSW,L,241,95,35,88,0.398,12,43,0.279,13,15,0.867,13,28,41,22,12,4,19,19,-38.0
22024,1610612738,BOS,Boston Celtics,0022401151,2025-04-08,BOS @ NYK,W,266,119,40,87,0.46,19,49,0.388,20,25,0.8,9,29,38,26,8,4,15,17,2.0
22024,1610612741,CHI,Chicago Bulls,0022401147,2025-04-08,CHI @ CLE,L,240,113,41,86,0.477,15,43,0.349,16,19,0.842,12,33,45,26,9,3,20,15,-22.0
22024,1610612744,GSW,Golden State Warriors,0022401154,2025-04-08,GSW @ PHX,W,239,133,45,93,0.484,15,40,0.375,28,34,0.824,19,38,57,31,14,3,15,10,38.0
22024,1610612754,IND,Indiana Pacers,0022401148,2025-04-08,IND vs. WAS,W,240,104,33,87,0.379,9,35,0.257,29,37,0.784,13,36,49,21,7,5,7,16,6.0
22024,1610612766,CHA,Charlotte Hornets,0022401146,2025-04-08,CHA vs. MEM,L,239,100,37,81,0.457,11,38,0.289,15,23,0.652,6,32,38,22,3,4,15,18,-24.0
22024,1610612759,SAS,San Antonio Spurs,0022401155,2025-04-08,SAS @ LAC,L,239,117,45,85,0.529,17,42,0.405,10,16,0.625,8,26,34,29,8,4,16,16,-5.0
22024,1610612737,ATL,Atlanta Hawks,0022401149,2025-04-08,ATL @ ORL,L,241,112,40,88,0.455,14,41,0.341,18,22,0.818,14,27,41,25,7,6,18,26,-7.0
22024,1610612752,NYK,New York Knicks,0022401151,2025-04-08,NYK vs. BOS,L,266,117,48,101,0.475,11,38,0.289,10,16,0.625,17,35,52,28,8,6,11,21,-2.0
22024,1610612764,WAS,Washington Wizards,0022401148,2025-04-08,WAS @ IND,L,241,98,38,91,0.418,11,39,0.282,11,15,0.733,13,37,50,18,2,8,11,27,-6.0
22024,1610612748,MIA,Miami Heat,0022401145,2025-04-07,MIA vs. PHI,W,241,117,45,89,0.506,16,36,0.444,11,15,0.733,10,37,47,26,7,6,13,17,12.0
22024,1610612765,DET,Detroit Pistons,0022401144,2025-04-07,DET vs. SAC,L,240,117,42,89,0.472,13,39,0.333,20,28,0.714,13,24,37,30,8,4,9,23,-10.0
22024,1610612758,SAC,Sacramento Kings,0022401144,2025-04-07,SAC @ DET,W,240,127,47,91,0.516,11,27,0.407,22,27,0.815,18,32,50,20,5,4,10,21,10.0
22024,1610612755,PHI,Philadelphia 76ers,0022401145,2025-04-07,PHI @ MIA,L,239,105,38,88,0.432,12,38,0.316,17,25,0.68,14,31,45,20,7,4,13,14,-12.0
22024,1610612762,UTA,Utah Jazz,0022401136,2025-04-06,UTA @ ATL,L,239,134,45,87,0.517,20,47,0.426,24,28,0.857,7,25,32,29,10,4,10,18,-13.0
22024,1610612741,CHI,Chicago Bulls,0022401133,2025-04-06,CHI @ CHA,W,239,131,46,86,0.535,16,36,0.444,23,29,0.793,9,32,41,26,8,1,12,23,14.0
22024,1610612738,BOS,Boston Celtics,0022401137,2025-04-06,BOS vs. WAS,W,242,124,48,98,0.49,24,52,0.462,4,6,0.667,25,37,62,33,6,5,13,9,34.0
22024,1610612745,HOU,Houston Rockets,0022401143,2025-04-06,HOU @ GSW,W,240,106,45,93,0.484,10,30,0.333,6,16,0.375,16,33,49,26,11,7,15,15,10.0
22024,1610612764,WAS,Washington Wizards,0022401137,2025-04-06,WAS @ BOS,L,240,90,35,86,0.407,12,45,0.267,8,10,0.8,11,21,32,21,5,3,10,10,-34.0
22024,1610612739,CLE,Cleveland Cavaliers,0022401138,2025-04-06,CLE vs. SAC,L,240,113,46,88,0.523,10,38,0.263,11,19,0.579,13,26,39,31,11,5,16,17,-7.0
22024,1610612756,PHX,Phoenix Suns,0022401140,2025-04-06,PHX @ NYK,L,239,98,39,92,0.424,4,34,0.118,16,19,0.842,15,20,35,20,11,3,12,22,-14.0
22024,1610612737,ATL,Atlanta Hawks,0022401136,2025-04-06,ATL vs. UTA,W,239,147,54,95,0.568,22,41,0.537,17,20,0.85,11,31,42,43,7,3,11,19,13.0
22024,1610612747,LAL,Los Angeles Lakers,0022401135,2025-04-06,LAL @ OKC,W,239,126,46,84,0.548,22,40,0.55,12,17,0.706,8,35,43,25,6,2,15,15,27.0
22024,1610612740,NOP,New Orleans Pelicans,0022400617,2025-04-06,NOP vs. MIL,L,241,107,43,95,0.453,12,33,0.364,9,14,0.643,9,39,48,31,4,6,11,14,-4.0
22024,1610612760,OKC,Oklahoma City Thunder,0022401135,2025-04-06,OKC vs. LAL,L,239,99,39,90,0.433,12,37,0.324,9,12,0.75,9,25,34,20,9,3,7,17,-27.0
22024,1610612752,NYK,New York Knicks,0022401140,2025-04-06,NYK vs. PHX,W,240,112,40,74,0.541,12,28,0.429,20,24,0.833,6,35,41,28,6,3,14,18,14.0
22024,1610612766,CHA,Charlotte Hornets,0022401133,2025-04-06,CHA vs. CHI,L,240,117,41,85,0.482,8,30,0.267,27,34,0.794,9,31,40,25,7,2,12,22,-14.0
22024,1610612758,SAC,Sacramento Kings,0022401138,2025-04-06,SAC @ CLE,W,240,120,44,82,0.537,14,33,0.424,18,22,0.818,8,31,39,25,10,3,14,14,7.0
22024,1610612754,IND,Indiana Pacers,0022401142,2025-04-06,IND @ DEN,W,240,125,46,96,0.479,15,44,0.341,18,21,0.857,7,34,41,34,10,7,6,17,5.0
22024,1610612743,DEN,Denver Nuggets,0022401142,2025-04-06,DEN vs. IND,L,241,120,50,93,0.538,8,31,0.258,12,18,0.667,9,38,47,33,2,7,13,17,-5.0
22024,1610612759,SAS,San Antonio Spurs,0022401139,2025-04-06,SAS @ POR,L,242,109,41,95,0.432,11,34,0.324,16,21,0.762,13,32,45,26,9,4,18,21,-11.0
22024,1610612751,BKN,Brooklyn Nets,0022401134,2025-04-06,BKN vs. TOR,L,240,109,39,82,0.476,10,35,0.286,21,27,0.778,8,38,46,25,8,7,23,18,-11.0
22024,1610612761,TOR,Toronto Raptors,0022401134,2025-04-06,TOR @ BKN,W,240,120,47,94,0.5,12,36,0.333,14,22,0.636,13,34,47,30,16,4,18,21,11.0
22024,1610612744,GSW,Golden State Warriors,0022401143,2025-04-06,GSW vs. HOU,L,241,96,37,89,0.416,16,43,0.372,6,11,0.545,15,31,46,28,12,2,20,14,-10.0
22024,1610612749,MIL,Milwaukee Bucks,0022400617,2025-04-06,MIL @ NOP,W,240,111,43,92,0.467,11,32,0.344,14,22,0.636,10,41,51,29,10,4,7,14,4.0
22024,1610612757,POR,Portland Trail Blazers,0022401139,2025-04-06,POR vs. SAS,W,240,120,42,89,0.472,15,41,0.366,21,27,0.778,8,36,44,25,10,5,15,20,11.0
22024,1610612737,ATL,Atlanta Hawks,0022401128,2025-04-05,ATL vs. NYK,L,240,105,41,88,0.466,14,45,0.311,9,12,0.75,9,29,38,24,11,7,15,18,-16.0
22024,1610612749,MIL,Milwaukee Bucks,0022401131,2025-04-05,MIL @ MIA,W,266,121,45,87,0.517,8,24,0.333,23,29,0.793,3,44,47,29,6,3,9,17,6.0
22024,1610612742,DAL,Dallas Mavericks,0022401132,2025-04-05,DAL @ LAC,L,239,104,34,78,0.436,7,27,0.259,29,38,0.763,10,31,41,18,5,8,15,18,-31.0
22024,1610612763,MEM,Memphis Grizzlies,0022401129,2025-04-05,MEM @ DET,W,238,109,39,94,0.415,9,32,0.281,22,29,0.759,17,47,64,19,4,3,14,18,6.0
22024,1610612746,LAC,LA Clippers,0022401132,2025-04-05,LAC vs. DAL,W,237,135,54,96,0.563,11,28,0.393,16,20,0.8,10,35,45,31,11,3,6,22,31.0
22024,1610612755,PHI,Philadelphia 76ers,0022401130,2025-04-05,PHI vs. MIN,L,239,109,44,91,0.484,12,35,0.343,9,15,0.6,11,23,34,26,9,4,8,23,-5.0
22024,1610612750,MIN,Minnesota Timberwolves,0022401130,2025-04-05,MIN @ PHI,W,241,114,41,81,0.506,11,34,0.324,21,29,0.724,14,33,47,22,5,7,15,15,5.0
22024,1610612752,NYK,New York Knicks,0022401128,2025-04-05,NYK @ ATL,W,240,121,45,84,0.536,15,29,0.517,16,19,0.842,6,32,38,32,8,5,13,13,16.0
22024,1610612748,MIA,Miami Heat,0022401131,2025-04-05,MIA vs. MIL,L,265,115,43,102,0.422,15,46,0.326,14,16,0.875,12,40,52,24,4,1,10,21,-6.0
22024,1610612765,DET,Detroit Pistons,0022401129,2025-04-05,DET vs. MEM,L,240,103,37,96,0.385,11,42,0.262,18,23,0.783,8,36,44,24,9,6,6,19,-6.0
22024,1610612739,CLE,Cleveland Cavaliers,0022401124,2025-04-04,CLE @ SAS,W,241,114,41,87,0.471,22,51,0.431,10,14,0.714,7,37,44,31,6,4,15,13,1.0
22024,1610612740,NOP,New Orleans Pelicans,0022401126,2025-04-04,NOP @ LAL,L,241,108,40,82,0.488,14,34,0.412,14,22,0.636,15,23,38,27,10,2,16,22,-16.0
22024,1610612759,SAS,San Antonio Spurs,0022401124,2025-04-04,SAS vs. CLE,L,241,113,41,94,0.436,16,48,0.333,15,19,0.789,9,35,44,27,9,4,11,15,-1.0
22024,1610612765,DET,Detroit Pistons,0022401121,2025-04-04,DET @ TOR,W,241,117,41,89,0.461,12,34,0.353,23,27,0.852,12,35,47,27,11,7,13,14,12.0
22024,1610612762,UTA,Utah Jazz,0022401119,2025-04-04,UTA @ IND,L,240,112,39,104,0.375,16,52,0.308,18,21,0.857,19,33,52,21,5,1,11,24,-28.0
22024,1610612745,HOU,Houston Rockets,0022401123,2025-04-04,HOU vs. OKC,W,241,125,45,92,0.489,13,29,0.448,22,26,0.846,14,34,48,24,10,5,13,16,14.0
22024,1610612744,GSW,Golden State Warriors,0022401125,2025-04-04,GSW vs. DEN,W,240,118,43,88,0.489,16,38,0.421,16,18,0.889,11,25,36,25,14,2,13,15,14.0
22024,1610612746,LAC,LA Clippers,0022401127,2025-04-04,LAC vs. DAL,W,239,114,44,89,0.494,14,30,0.467,12,16,0.75,11,37,48,23,11,4,13,23,23.0
22024,1610612766,CHA,Charlotte Hornets,0022401118,2025-04-04,CHA vs. SAC,L,241,102,33,83,0.398,8,35,0.229,28,34,0.824,11,34,45,17,2,2,12,19,-23.0
22024,1610612742,DAL,Dallas Mavericks,0022401127,2025-04-04,DAL @ LAC,L,240,91,35,77,0.455,4,20,0.2,17,26,0.654,6,33,39,19,7,0,17,14,-23.0
22024,1610612761,TOR,Toronto Raptors,0022401121,2025-04-04,TOR vs. DET,L,241,105,38,91,0.418,13,37,0.351,16,20,0.8,16,33,49,24,9,6,15,24,-12.0
22024,1610612758,SAC,Sacramento Kings,0022401118,2025-04-04,SAC @ CHA,W,240,125,45,91,0.495,16,36,0.444,19,23,0.826,10,34,44,26,4,3,6,28,23.0
22024,1610612756,PHX,Phoenix Suns,0022401120,2025-04-04,PHX @ BOS,L,241,103,41,93,0.441,12,37,0.324,9,11,0.818,11,29,40,24,7,2,6,15,-20.0
22024,1610612757,POR,Portland Trail Blazers,0022401122,2025-04-04,POR @ CHI,L,240,113,44,115,0.383,11,42,0.262,14,18,0.778,19,35,54,23,7,5,5,21,-5.0
22024,1610612743,DEN,Denver Nuggets,0022401125,2025-04-04,DEN @ GSW,L,241,104,40,74,0.541,12,31,0.387,12,13,0.923,7,31,38,28,8,4,25,18,-14.0
22024,1610612760,OKC,Oklahoma City Thunder,0022401123,2025-04-04,OKC @ HOU,L,238,111,43,89,0.483,13,35,0.371,12,15,0.8,7,26,33,24,7,6,15,20,-14.0
22024,1610612738,BOS,Boston Celtics,0022401120,2025-04-04,BOS vs. PHX,W,240,123,45,87,0.517,14,39,0.359,19,22,0.864,10,39,49,28,1,4,7,13,20.0
22024,1610612754,IND,Indiana Pacers,0022401119,2025-04-04,IND vs. UTA,W,240,140,51,89,0.573,12,32,0.375,26,38,0.684,11,40,51,38,8,17,7,17,28.0
22024,1610612741,CHI,Chicago Bulls,0022401122,2025-04-04,CHI vs. POR,W,240,118,41,87,0.471,10,27,0.37,26,31,0.839,11,50,61,25,2,8,17,16,5.0
22024,1610612747,LAL,Los Angeles Lakers,0022401126,2025-04-04,LAL vs. NOP,W,240,124,41,79,0.519,16,41,0.39,26,28,0.929,8,28,36,26,7,2,12,18,16.0
22024,1610612751,BKN,Brooklyn Nets,0022401113,2025-04-03,BKN vs. MIN,L,240,90,38,89,0.427,11,36,0.306,3,4,0.75,8,26,34,30,11,0,10,17,-15.0
22024,1610612749,MIL,Milwaukee Bucks,0022401115,2025-04-03,MIL @ PHI,W,240,126,46,82,0.561,16,31,0.516,18,27,0.667,8,32,40,32,7,7,11,14,13.0
22024,1610612747,LAL,Los Angeles Lakers,0022401117,2025-04-03,LAL vs. GSW,L,240,116,39,86,0.453,18,47,0.383,20,23,0.87,14,25,39,23,5,3,8,23,-7.0
22024,1610612744,GSW,Golden State Warriors,0022401117,2025-04-03,GSW @ LAL,W,241,123,39,82,0.476,19,42,0.452,26,31,0.839,14,32,46,30,5,2,13,21,7.0
22024,1610612755,PHI,Philadelphia 76ers,0022401115,2025-04-03,PHI vs. MIL,L,240,113,43,89,0.483,12,39,0.308,15,19,0.789,11,29,40,30,8,4,13,18,-13.0
22024,1610612750,MIN,Minnesota Timberwolves,0022401113,2025-04-03,MIN @ BKN,W,242,105,39,78,0.5,13,42,0.31,14,21,0.667,10,35,45,27,6,10,17,13,15.0
22024,1610612761,TOR,Toronto Raptors,0022401116,2025-04-03,TOR vs. POR,L,240,103,44,96,0.458,12,34,0.353,3,5,0.6,13,22,35,29,14,1,17,19,-9.0
22024,1610612764,WAS,Washington Wizards,0022401112,2025-04-03,WAS vs. ORL,L,241,97,38,85,0.447,12,30,0.4,9,11,0.818,8,30,38,16,4,3,13,20,-12.0
22024,1610612748,MIA,Miami Heat,0022401114,2025-04-03,MIA vs. MEM,L,239,108,39,95,0.411,14,33,0.424,16,19,0.842,15,32,47,24,11,8,11,21,-2.0
22024,1610612763,MEM,Memphis Grizzlies,0022401114,2025-04-03,MEM @ MIA,W,240,110,40,85,0.471,16,38,0.421,14,17,0.824,12,37,49,24,8,4,18,18,2.0
22024,1610612753,ORL,Orlando Magic,0022401112,2025-04-03,ORL @ WAS,W,241,109,38,82,0.463,11,30,0.367,22,25,0.88,13,34,47,27,7,8,8,12,12.0
22024,1610612757,POR,Portland Trail Blazers,0022401116,2025-04-03,POR @ TOR,W,242,112,42,86,0.488,10,34,0.294,18,20,0.9,17,37,54,20,10,6,20,13,9.0
22024,1610612754,IND,Indiana Pacers,0022401104,2025-04-02,IND vs. CHA,W,239,119,47,95,0.495,18,44,0.409,7,10,0.7,11,27,38,29,10,6,6,16,14.0
22024,1610612739,CLE,Cleveland Cavaliers,0022401103,2025-04-02,CLE vs. NYK,W,238,124,50,94,0.532,12,37,0.324,12,14,0.857,15,29,44,23,8,5,13,18,19.0
22024,1610612748,MIA,Miami Heat,0022401106,2025-04-02,MIA @ BOS,W,242,124,43,83,0.518,14,30,0.467,24,27,0.889,11,23,34,28,9,2,4,13,21.0
22024,1610612740,NOP,New Orleans Pelicans,0022401111,2025-04-02,NOP @ LAC,L,240,98,43,85,0.506,4,22,0.182,8,11,0.727,7,32,39,29,9,4,15,21,-16.0
22024,1610612766,CHA,Charlotte Hornets,0022401104,2025-04-02,CHA @ IND,L,239,105,41,78,0.526,10,24,0.417,13,18,0.722,9,35,44,20,3,2,18,15,-14.0
22024,1610612762,UTA,Utah Jazz,0022401107,2025-04-02,UTA @ HOU,L,239,105,40,94,0.426,10,40,0.25,15,23,0.652,10,29,39,25,7,6,9,14,-38.0
22024,1610612764,WAS,Washington Wizards,0022401105,2025-04-02,WAS vs. SAC,W,239,116,43,84,0.512,17,43,0.395,13,18,0.722,7,34,41,24,6,3,14,21,5.0
22024,1610612738,BOS,Boston Celtics,0022401106,2025-04-02,BOS vs. MIA,L,240,103,39,87,0.448,12,43,0.279,13,16,0.813,19,24,43,24,3,6,13,17,-21.0
22024,1610612745,HOU,Houston Rockets,0022401107,2025-04-02,HOU vs. UTA,W,241,143,56,104,0.538,19,45,0.422,12,19,0.632,18,45,63,30,4,6,10,18,38.0
22024,1610612746,LAC,LA Clippers,0022401111,2025-04-02,LAC vs. NOP,W,241,114,40,76,0.526,13,32,0.406,21,26,0.808,2,28,30,27,9,4,10,9,16.0
22024,1610612752,NYK,New York Knicks,0022401103,2025-04-02,NYK @ CLE,L,240,105,40,90,0.444,11,36,0.306,14,17,0.824,15,24,39,24,7,2,14,19,-19.0
22024,1610612742,DAL,Dallas Mavericks,0022401109,2025-04-02,DAL vs. ATL,W,240,120,44,83,0.53,15,33,0.455,17,21,0.81,4,38,42,27,7,8,13,16,2.0
22024,1610612737,ATL,Atlanta Hawks,0022401109,2025-04-02,ATL @ DAL,L,241,118,42,97,0.433,15,39,0.385,19,22,0.864,12,31,43,29,7,3,11,19,-2.0
22024,1610612758,SAC,Sacramento Kings,0022401105,2025-04-02,SAC @ WAS,L,241,111,40,95,0.421,10,39,0.256,21,28,0.75,17,31,48,25,10,3,11,16,-5.0
22024,1610612765,DET,Detroit Pistons,0022401108,2025-04-02,DET @ OKC,L,241,103,36,89,0.404,10,33,0.303,21,25,0.84,11,32,43,20,5,7,18,25,-16.0
22024,1610612743,DEN,Denver Nuggets,0022401110,2025-04-02,DEN vs. SAS,L,240,106,38,96,0.396,13,44,0.295,17,25,0.68,14,44,58,24,7,4,12,12,-7.0
22024,1610612759,SAS,San Antonio Spurs,0022401110,2025-04-02,SAS @ DEN,W,240,113,43,97,0.443,17,46,0.37,10,13,0.769,8,44,52,27,6,5,10,17,7.0
22024,1610612760,OKC,Oklahoma City Thunder,0022401108,2025-04-02,OKC vs. DET,W,238,119,42,96,0.438,10,38,0.263,25,31,0.806,13,33,46,25,12,11,10,19,16.0
22024,1610612757,POR,Portland Trail Blazers,0022401097,2025-04-01,POR @ ATL,W,239,127,47,103,0.456,13,41,0.317,20,27,0.741,19,35,54,30,13,5,17,18,14.0
22024,1610612743,DEN,Denver Nuggets,0022401102,2025-04-01,DEN vs. MIN,L,289,139,47,86,0.547,12,34,0.353,33,44,0.75,8,37,45,33,7,7,16,22,-1.0
22024,1610612750,MIN,Minnesota Timberwolves,0022401102,2025-04-01,MIN @ DEN,W,290,140,52,111,0.468,19,50,0.38,17,25,0.68,21,31,52,35,5,2,14,34,1.0
22024,1610612744,GSW,Golden State Warriors,0022401100,2025-04-01,GSW @ MEM,W,241,134,42,99,0.424,22,56,0.393,28,28,1.0,15,34,49,29,11,3,11,22,9.0
22024,1610612737,ATL,Atlanta Hawks,0022401097,2025-04-01,ATL vs. POR,L,241,113,41,92,0.446,7,32,0.219,24,28,0.857,12,33,45,26,12,8,19,22,-14.0
22024,1610612749,MIL,Milwaukee Bucks,0022401101,2025-04-01,MIL vs. PHX,W,240,133,51,74,0.689,17,29,0.586,14,15,0.933,3,26,29,32,6,5,18,22,10.0
22024,1610612759,SAS,San Antonio Spurs,0022400988,2025-04-01,SAS vs. ORL,L,240,105,40,81,0.494,13,32,0.406,12,17,0.706,9,29,38,24,7,4,17,14,-11.0
22024,1610612756,PHX,Phoenix Suns,0022401101,2025-04-01,PHX @ MIL,L,241,123,44,92,0.478,18,45,0.4,17,21,0.81,15,18,33,26,6,0,13,19,-10.0
22024,1610612752,NYK,New York Knicks,0022401098,2025-04-01,NYK vs. PHI,W,239,105,36,85,0.424,12,31,0.387,21,26,0.808,14,30,44,23,10,4,18,18,14.0
22024,1610612741,CHI,Chicago Bulls,0022401099,2025-04-01,CHI vs. TOR,W,239,137,50,88,0.568,14,34,0.412,23,27,0.852,10,39,49,36,10,2,12,9,19.0
22024,1610612753,ORL,Orlando Magic,0022400988,2025-04-01,ORL @ SAS,W,239,116,43,90,0.478,18,47,0.383,12,12,1.0,10,31,41,28,12,7,10,15,11.0
22024,1610612761,TOR,Toronto Raptors,0022401099,2025-04-01,TOR @ CHI,L,239,118,44,97,0.454,20,45,0.444,10,11,0.909,9,26,35,35,7,3,12,20,-19.0
22024,1610612763,MEM,Memphis Grizzlies,0022401100,2025-04-01,MEM vs. GSW,L,239,125,44,92,0.478,18,44,0.409,19,22,0.864,8,35,43,22,7,6,16,23,-9.0
22024,1610612755,PHI,Philadelphia 76ers,0022401098,2025-04-01,PHI @ NYK,L,239,91,34,81,0.42,6,31,0.194,17,22,0.773,13,29,42,23,11,5,19,21,-14.0
22024,1610612753,ORL,Orlando Magic,0022401091,2025-03-31,ORL vs. LAC,L,241,87,30,76,0.395,7,26,0.269,20,22,0.909,6,26,32,18,10,4,14,17,-9.0
22024,1610612741,CHI,Chicago Bulls,0022401094,2025-03-31,CHI @ OKC,L,240,117,44,98,0.449,16,51,0.314,13,16,0.813,10,33,43,29,7,7,19,16,-28.0
22024,1610612745,HOU,Houston Rockets,0022401096,2025-03-31,HOU @ LAL,L,241,98,37,89,0.416,10,32,0.313,14,17,0.824,10,41,51,26,7,5,15,20,-6.0
22024,1610612763,MEM,Memphis Grizzlies,0022401093,2025-03-31,MEM vs. BOS,L,240,103,41,92,0.446,11,44,0.25,10,16,0.625,5,40,45,21,9,3,10,16,-14.0
22024,1610612754,IND,Indiana Pacers,0022401090,2025-03-31,IND vs. SAC,W,240,111,42,90,0.467,14,41,0.341,13,13,1.0,6,34,40,28,6,5,12,14,2.0
22024,1610612758,SAC,Sacramento Kings,0022401090,2025-03-31,SAC @ IND,L,240,109,43,92,0.467,12,27,0.444,11,17,0.647,6,39,45,22,7,2,11,18,-2.0
22024,1610612742,DAL,Dallas Mavericks,0022401095,2025-03-31,DAL vs. BKN,L,240,109,41,86,0.477,10,30,0.333,17,29,0.586,12,37,49,29,4,3,8,19,-4.0
22024,1610612766,CHA,Charlotte Hornets,0022401089,2025-03-31,CHA vs. UTA,W,241,110,43,80,0.538,15,38,0.395,9,14,0.643,10,37,47,33,3,5,18,14,4.0
22024,1610612747,LAL,Los Angeles Lakers,0022401096,2025-03-31,LAL vs. HOU,W,242,104,35,89,0.393,16,46,0.348,18,20,0.9,10,35,45,22,11,6,11,15,6.0
22024,1610612738,BOS,Boston Celtics,0022401093,2025-03-31,BOS @ MEM,W,241,117,39,96,0.406,21,62,0.339,18,19,0.947,12,42,54,30,4,3,12,11,14.0
22024,1610612762,UTA,Utah Jazz,0022401089,2025-03-31,UTA @ CHA,L,239,106,39,96,0.406,14,52,0.269,14,15,0.933,14,27,41,25,13,2,10,15,-4.0
22024,1610612748,MIA,Miami Heat,0022401092,2025-03-31,MIA @ WAS,W,242,120,47,93,0.505,9,32,0.281,17,24,0.708,15,47,62,29,12,2,17,16,26.0
22024,1610612751,BKN,Brooklyn Nets,0022401095,2025-03-31,BKN @ DAL,W,240,113,39,90,0.433,20,51,0.392,15,20,0.75,7,33,40,32,6,3,8,23,4.0
22024,1610612746,LAC,LA Clippers,0022401091,2025-03-31,LAC @ ORL,W,240,96,36,82,0.439,8,31,0.258,16,19,0.842,11,36,47,18,12,5,16,19,9.0
22024,1610612764,WAS,Washington Wizards,0022401092,2025-03-31,WAS vs. MIA,L,239,94,34,86,0.395,13,43,0.302,13,18,0.722,5,34,39,22,14,4,18,20,-26.0
22024,1610612760,OKC,Oklahoma City Thunder,0022401094,2025-03-31,OKC vs. CHI,W,240,145,52,98,0.531,23,43,0.535,18,23,0.783,9,35,44,39,11,6,14,16,28.0
22024,1610612737,ATL,Atlanta Hawks,0022401083,2025-03-30,ATL @ MIL,W,242,145,50,94,0.532,17,48,0.354,28,35,0.8,15,31,46,36,10,2,8,29,21.0
22024,1610612755,PHI,Philadelphia 76ers,0022401087,2025-03-30,PHI vs. TOR,L,241,109,42,89,0.472,8,29,0.276,17,19,0.895,8,38,46,25,6,10,16,12,-18.0
22024,1610612759,SAS,San Antonio Spurs,0022401086,2025-03-30,SAS vs. GSW,L,240,106,40,84,0.476,16,42,0.381,10,16,0.625,7,27,34,30,4,3,21,20,-42.0
22024,1610612756,PHX,Phoenix Suns,0022401088,2025-03-30,PHX vs. HOU,L,241,109,42,87,0.483,10,32,0.313,15,17,0.882,10,29,39,25,8,5,19,21,-39.0
22024,1610612765,DET,Detroit Pistons,0022401084,2025-03-30,DET @ MIN,L,237,104,34,95,0.358,12,38,0.316,24,32,0.75,16,28,44,22,3,3,7,24,-19.0
22024,1610612750,MIN,Minnesota Timberwolves,0022401084,2025-03-30,MIN vs. DET,W,239,123,44,93,0.473,12,31,0.387,23,31,0.742,15,44,59,24,3,9,9,24,19.0
22024,1610612740,NOP,New Orleans Pelicans,0022401085,2025-03-30,NOP vs. CHA,W,239,98,38,92,0.413,9,31,0.29,13,17,0.765,14,43,57,24,9,8,17,17,4.0
22024,1610612752,NYK,New York Knicks,0022401082,2025-03-30,NYK vs. POR,W,241,110,45,84,0.536,10,25,0.4,10,13,0.769,9,35,44,27,10,10,13,17,17.0
22024,1610612746,LAC,LA Clippers,0022401081,2025-03-30,LAC @ CLE,L,240,122,45,93,0.484,16,41,0.39,16,22,0.727,10,34,44,25,6,4,12,17,-5.0
22024,1610612744,GSW,Golden State Warriors,0022401086,2025-03-30,GSW @ SAS,W,242,148,56,97,0.577,21,44,0.477,15,19,0.789,10,34,44,42,17,3,12,15,42.0
22024,1610612761,TOR,Toronto Raptors,0022401087,2025-03-30,TOR @ PHI,W,240,127,49,103,0.476,17,38,0.447,12,18,0.667,13,33,46,32,10,4,10,13,18.0
22024,1610612739,CLE,Cleveland Cavaliers,0022401081,2025-03-30,CLE vs. LAC,W,240,127,47,93,0.505,15,45,0.333,18,23,0.783,10,35,45,33,11,3,10,17,5.0
22024,1610612766,CHA,Charlotte Hornets,0022401085,2025-03-30,CHA @ NOP,L,240,94,32,91,0.352,8,33,0.242,22,25,0.88,12,38,50,20,15,6,14,17,-4.0
22024,1610612749,MIL,Milwaukee Bucks,0022401083,2025-03-30,MIL vs. ATL,L,241,124,39,82,0.476,12,35,0.343,34,43,0.791,6,30,36,21,5,2,14,24,-21.0
22024,1610612745,HOU,Houston Rockets,0022401088,2025-03-30,HOU @ PHX,W,240,148,56,98,0.571,18,31,0.581,18,25,0.72,13,32,45,37,14,4,9,15,39.0
22024,1610612757,POR,Portland Trail Blazers,0022401082,2025-03-30,POR @ NYK,L,240,93,38,87,0.437,9,36,0.25,8,14,0.571,13,26,39,19,9,4,14,12,-17.0
22024,1610612742,DAL,Dallas Mavericks,0022401077,2025-03-29,DAL @ CHI,W,239,120,47,101,0.465,9,30,0.3,17,21,0.81,8,33,41,28,9,8,6,18,1.0
22024,1610612754,IND,Indiana Pacers,0022401079,2025-03-29,IND @ OKC,L,241,111,39,87,0.448,14,42,0.333,19,26,0.731,8,35,43,27,6,6,11,16,-21.0
22024,1610612763,MEM,Memphis Grizzlies,0022401078,2025-03-29,MEM vs. LAL,L,240,127,50,95,0.526,14,32,0.438,13,18,0.722,9,32,41,33,7,4,12,27,-7.0
22024,1610612755,PHI,Philadelphia 76ers,0022401076,2025-03-29,PHI vs. MIA,L,240,95,38,76,0.5,13,32,0.406,6,14,0.429,6,31,37,28,7,7,18,15,-23.0
22024,1610612759,SAS,San Antonio Spurs,0022401080,2025-03-29,SAS vs. BOS,L,241,111,38,87,0.437,14,40,0.35,21,27,0.778,10,25,35,25,6,1,4,16,-10.0
22024,1610612760,OKC,Oklahoma City Thunder,0022401079,2025-03-29,OKC vs. IND,W,241,132,48,94,0.511,17,36,0.472,19,23,0.826,8,39,47,26,9,4,9,17,21.0
22024,1610612758,SAC,Sacramento Kings,0022401074,2025-03-29,SAC @ ORL,L,241,91,34,81,0.42,7,28,0.25,16,20,0.8,9,32,41,17,6,6,16,21,-30.0
22024,1610612751,BKN,Brooklyn Nets,0022401075,2025-03-29,BKN @ WAS,W,240,115,39,88,0.443,18,46,0.391,19,20,0.95,12,37,49,25,2,4,12,23,3.0
22024,1610612748,MIA,Miami Heat,0022401076,2025-03-29,MIA @ PHI,W,240,118,44,93,0.473,20,43,0.465,10,13,0.769,16,31,47,33,12,4,9,13,23.0
22024,1610612738,BOS,Boston Celtics,0022401080,2025-03-29,BOS @ SAS,W,240,121,45,94,0.479,17,51,0.333,14,18,0.778,15,39,54,32,2,4,9,18,10.0
22024,1610612753,ORL,Orlando Magic,0022401074,2025-03-29,ORL vs. SAC,W,239,121,44,89,0.494,18,39,0.462,15,24,0.625,13,36,49,31,10,2,12,18,30.0
22024,1610612764,WAS,Washington Wizards,0022401075,2025-03-29,WAS vs. BKN,L,240,112,37,85,0.435,9,34,0.265,29,33,0.879,7,33,40,21,5,7,6,15,-3.0
22024,1610612747,LAL,Los Angeles Lakers,0022401078,2025-03-29,LAL @ MEM,W,238,134,45,89,0.506,19,43,0.442,25,27,0.926,8,34,42,30,7,3,13,21,7.0
22024,1610612741,CHI,Chicago Bulls,0022401077,2025-03-29,CHI vs. DAL,L,240,119,43,91,0.473,14,33,0.424,19,24,0.792,12,44,56,31,4,3,19,17,-1.0
22024,1610612740,NOP,New Orleans Pelicans,0022401072,2025-03-28,NOP vs. GSW,L,239,95,33,81,0.407,7,23,0.304,22,28,0.786,14,32,46,24,6,5,15,23,-16.0
22024,1610612761,TOR,Toronto Raptors,0022401069,2025-03-28,TOR vs. CHA,W,239,108,42,95,0.442,14,44,0.318,10,15,0.667,11,34,45,28,9,5,6,15,11.0
22024,1610612756,PHX,Phoenix Suns,0022401071,2025-03-28,PHX @ MIN,L,240,109,41,79,0.519,18,37,0.486,9,13,0.692,8,26,34,28,6,4,16,16,-15.0
22024,1610612750,MIN,Minnesota Timberwolves,0022401071,2025-03-28,MIN vs. PHX,W,241,124,47,89,0.528,19,39,0.487,11,13,0.846,12,31,43,31,12,4,11,18,15.0
22024,1610612749,MIL,Milwaukee Bucks,0022401070,2025-03-28,MIL vs. NYK,L,242,107,41,75,0.547,13,33,0.394,12,19,0.632,3,29,32,24,2,3,16,14,-9.0
22024,1610612762,UTA,Utah Jazz,0022401073,2025-03-28,UTA @ DEN,L,239,93,33,93,0.355,7,40,0.175,20,24,0.833,14,28,42,21,10,0,17,19,-36.0
22024,1610612739,CLE,Cleveland Cavaliers,0022401067,2025-03-28,CLE @ DET,L,241,122,39,84,0.464,15,40,0.375,29,38,0.763,11,30,41,16,9,3,14,27,-11.0
22024,1610612743,DEN,Denver Nuggets,0022401073,2025-03-28,DEN vs. UTA,W,241,129,48,83,0.578,11,29,0.379,22,28,0.786,9,36,45,38,12,13,18,16,36.0
22024,1610612766,CHA,Charlotte Hornets,0022401069,2025-03-28,CHA @ TOR,L,239,97,39,96,0.406,9,31,0.29,10,15,0.667,13,43,56,29,5,5,17,12,-11.0
22024,1610612752,NYK,New York Knicks,0022401070,2025-03-28,NYK @ MIL,W,239,116,45,93,0.484,12,33,0.364,14,16,0.875,14,30,44,28,12,1,8,14,9.0
22024,1610612744,GSW,Golden State Warriors,0022401072,2025-03-28,GSW @ NOP,W,242,111,38,92,0.413,13,55,0.236,22,29,0.759,18,32,50,29,10,1,10,22,16.0
22024,1610612765,DET,Detroit Pistons,0022401067,2025-03-28,DET vs. CLE,W,240,133,44,92,0.478,15,34,0.441,30,35,0.857,16,27,43,25,8,5,13,29,11.0
22024,1610612751,BKN,Brooklyn Nets,0022401068,2025-03-28,BKN vs. LAC,L,242,100,33,89,0.371,14,47,0.298,20,26,0.769,10,33,43,27,10,3,14,21,-32.0
22024,1610612746,LAC,LA Clippers,0022401068,2025-03-28,LAC @ BKN,W,241,132,44,80,0.55,19,37,0.514,25,28,0.893,2,46,48,29,11,4,12,22,32.0
22024,1610612764,WAS,Washington Wizards,0022401061,2025-03-27,WAS vs. IND,L,242,109,38,85,0.447,11,30,0.367,22,26,0.846,12,19,31,19,9,2,15,15,-53.0
22024,1610612757,POR,Portland Trail Blazers,0022401066,2025-03-27,POR @ SAC,L,240,107,35,88,0.398,16,50,0.32,21,26,0.808,15,17,32,23,11,3,10,20,-21.0
22024,1610612753,ORL,Orlando Magic,0022401060,2025-03-27,ORL vs. DAL,L,240,92,34,80,0.425,5,30,0.167,19,24,0.792,10,34,44,14,5,5,16,20,-9.0
22024,1610612758,SAC,Sacramento Kings,0022401066,2025-03-27,SAC vs. POR,W,239,128,48,74,0.649,10,27,0.37,22,27,0.815,9,37,46,24,8,3,20,23,21.0
22024,1610612760,OKC,Oklahoma City Thunder,0022401064,2025-03-27,OKC vs. MEM,W,239,125,44,90,0.489,13,31,0.419,24,28,0.857,7,38,45,28,9,4,12,17,21.0
22024,1610612748,MIA,Miami Heat,0022401062,2025-03-27,MIA vs. ATL,W,241,122,44,82,0.537,18,33,0.545,16,20,0.8,7,30,37,26,10,1,13,10,10.0
22024,1610612742,DAL,Dallas Mavericks,0022401060,2025-03-27,DAL @ ORL,W,240,101,37,78,0.474,11,22,0.5,16,22,0.727,5,35,40,21,10,1,14,17,9.0
22024,1610612754,IND,Indiana Pacers,0022401061,2025-03-27,IND @ WAS,W,240,162,59,92,0.641,27,47,0.574,17,19,0.895,13,37,50,48,8,2,12,19,53.0
22024,1610612747,LAL,Los Angeles Lakers,0022401063,2025-03-27,LAL @ CHI,L,239,117,45,91,0.495,12,41,0.293,15,18,0.833,6,34,40,30,8,7,11,19,-2.0
22024,1610612745,HOU,Houston Rockets,0022401065,2025-03-27,HOU @ UTA,W,239,121,47,102,0.461,12,37,0.324,15,19,0.789,18,33,51,26,7,5,9,14,11.0
22024,1610612762,UTA,Utah Jazz,0022401065,2025-03-27,UTA vs. HOU,L,239,110,43,79,0.544,11,23,0.478,13,17,0.765,3,30,33,29,5,5,16,20,-11.0
22024,1610612739,CLE,Cleveland Cavaliers,0022401059,2025-03-27,CLE vs. SAS,W,240,124,46,99,0.465,17,48,0.354,15,18,0.833,14,42,56,33,7,5,13,14,8.0
22024,1610612759,SAS,San Antonio Spurs,0022401059,2025-03-27,SAS @ CLE,L,239,116,43,106,0.406,14,43,0.326,16,21,0.762,19,31,50,27,10,3,10,20,-8.0
22024,1610612763,MEM,Memphis Grizzlies,0022401064,2025-03-27,MEM @ OKC,L,238,104,33,79,0.418,16,42,0.381,22,23,0.957,5,31,36,28,9,4,18,20,-21.0
22024,1610612737,ATL,Atlanta Hawks,0022401062,2025-03-27,ATL @ MIA,L,240,112,43,83,0.518,18,41,0.439,8,11,0.727,6,30,36,27,10,2,15,11,-10.0
22024,1610612741,CHI,Chicago Bulls,0022401063,2025-03-27,CHI vs. LAL,W,240,119,43,92,0.467,19,44,0.432,14,22,0.636,11,37,48,33,4,2,15,15,2.0
22024,1610612738,BOS,Boston Celtics,0022401058,2025-03-26,BOS @ PHX,W,239,132,45,89,0.506,22,52,0.423,20,22,0.909,11,37,48,33,8,7,10,18,30.0
22024,1610612752,NYK,New York Knicks,0022401056,2025-03-26,NYK vs. LAC,L,241,113,42,84,0.5,13,34,0.382,16,22,0.727,7,31,38,35,4,1,9,14,-13.0
22024,1610612756,PHX,Phoenix Suns,0022401058,2025-03-26,PHX vs. BOS,L,239,102,36,87,0.414,13,41,0.317,17,21,0.81,11,27,38,22,7,3,13,18,-30.0
22024,1610612751,BKN,Brooklyn Nets,0022401054,2025-03-26,BKN vs. TOR,L,239,86,31,87,0.356,8,41,0.195,16,19,0.842,10,33,43,16,6,9,19,21,-30.0
22024,1610612746,LAC,LA Clippers,0022401056,2025-03-26,LAC @ NYK,W,242,126,45,88,0.511,16,30,0.533,20,24,0.833,13,32,45,27,4,8,5,21,13.0
22024,1610612743,DEN,Denver Nuggets,0022401057,2025-03-26,DEN vs. MIL,W,241,127,49,90,0.544,16,37,0.432,13,22,0.591,8,38,46,36,6,4,9,12,10.0
22024,1610612761,TOR,Toronto Raptors,0022401054,2025-03-26,TOR @ BKN,W,241,116,43,102,0.422,10,33,0.303,20,23,0.87,17,46,63,34,5,3,11,22,30.0
22024,1610612747,LAL,Los Angeles Lakers,0022401055,2025-03-26,LAL @ IND,W,239,120,41,79,0.519,17,38,0.447,21,24,0.875,8,35,43,26,5,3,14,22,1.0
22024,1610612749,MIL,Milwaukee Bucks,0022401057,2025-03-26,MIL @ DEN,L,240,117,46,89,0.517,16,37,0.432,9,13,0.692,8,31,39,30,4,6,11,14,-10.0
22024,1610612754,IND,Indiana Pacers,0022401055,2025-03-26,IND vs. LAL,L,241,119,44,87,0.506,15,36,0.417,16,19,0.842,7,29,36,31,9,4,9,16,-1.0
22024,1610612764,WAS,Washington Wizards,0022401053,2025-03-26,WAS @ PHI,W,240,119,48,95,0.505,18,44,0.409,5,12,0.417,13,36,49,30,3,6,10,12,5.0
22024,1610612755,PHI,Philadelphia 76ers,0022401053,2025-03-26,PHI vs. WAS,L,241,114,42,98,0.429,14,46,0.304,16,20,0.8,13,34,47,22,7,5,4,15,-5.0
22024,1610612762,UTA,Utah Jazz,0022401050,2025-03-25,UTA vs. MEM,L,240,103,34,78,0.436,17,42,0.405,18,22,0.818,4,24,28,24,6,3,13,16,-37.0
22024,1610612752,NYK,New York Knicks,0022401048,2025-03-25,NYK vs. DAL,W,240,128,53,89,0.596,10,26,0.385,12,18,0.667,5,31,36,40,9,4,14,18,15.0
22024,1610612739,CLE,Cleveland Cavaliers,0022401051,2025-03-25,CLE @ POR,W,241,122,48,88,0.545,12,27,0.444,14,17,0.824,9,32,41,28,4,6,11,18,11.0
22024,1610612759,SAS,San Antonio Spurs,0022401046,2025-03-25,SAS @ DET,L,240,96,33,91,0.363,14,44,0.318,16,20,0.8,16,25,41,21,7,2,10,19,-26.0
22024,1610612758,SAC,Sacramento Kings,0022401052,2025-03-25,SAC vs. OKC,L,240,105,37,91,0.407,23,47,0.489,8,12,0.667,5,31,36,32,10,7,11,15,-16.0
22024,1610612742,DAL,Dallas Mavericks,0022401048,2025-03-25,DAL @ NYK,L,241,113,43,80,0.538,6,19,0.316,21,25,0.84,5,28,33,19,9,3,16,16,-15.0
22024,1610612748,MIA,Miami Heat,0022401047,2025-03-25,MIA vs. GSW,W,240,112,43,77,0.558,17,25,0.68,9,12,0.75,8,34,42,26,8,5,15,15,26.0
22024,1610612760,OKC,Oklahoma City Thunder,0022401052,2025-03-25,OKC @ SAC,W,241,121,43,82,0.524,19,32,0.594,16,20,0.8,6,46,52,30,7,6,15,18,16.0
22024,1610612744,GSW,Golden State Warriors,0022401047,2025-03-25,GSW @ MIA,L,240,86,33,83,0.398,9,38,0.237,11,16,0.688,14,24,38,20,8,1,12,14,-26.0
22024,1610612737,ATL,Atlanta Hawks,0022401049,2025-03-25,ATL @ HOU,L,241,114,43,103,0.417,15,49,0.306,13,15,0.867,18,24,42,32,8,1,14,26,-7.0
22024,1610612763,MEM,Memphis Grizzlies,0022401050,2025-03-25,MEM @ UTA,W,240,140,52,98,0.531,20,45,0.444,16,18,0.889,17,35,52,38,7,4,8,21,37.0
22024,1610612745,HOU,Houston Rockets,0022401049,2025-03-25,HOU vs. ATL,W,240,121,42,93,0.452,11,39,0.282,26,29,0.897,14,37,51,17,8,2,13,12,7.0
22024,1610612766,CHA,Charlotte Hornets,0022401045,2025-03-25,CHA vs. ORL,L,241,104,37,88,0.42,14,34,0.412,16,21,0.762,8,30,38,26,4,3,11,22,-7.0
22024,1610612765,DET,Detroit Pistons,0022401046,2025-03-25,DET vs. SAS,W,241,122,44,78,0.564,15,31,0.484,19,25,0.76,6,38,44,33,6,5,10,19,26.0
22024,1610612757,POR,Portland Trail Blazers,0022401051,2025-03-25,POR vs. CLE,L,241,111,40,100,0.4,17,52,0.327,14,22,0.636,19,26,45,28,9,3,9,15,-11.0
22024,1610612753,ORL,Orlando Magic,0022401045,2025-03-25,ORL @ CHA,W,240,111,41,90,0.456,13,42,0.31,16,19,0.842,13,37,50,22,5,4,8,21,7.0
22024,1610612756,PHX,Phoenix Suns,0022401043,2025-03-24,PHX vs. MIL,W,241,108,39,82,0.476,14,36,0.389,16,18,0.889,14,38,52,25,2,4,16,21,2.0
22024,1610612743,DEN,Denver Nuggets,0022401042,2025-03-24,DEN vs. CHI,L,240,119,46,97,0.474,11,36,0.306,16,24,0.667,17,35,52,34,5,9,12,16,-10.0
22024,1610612741,CHI,Chicago Bulls,0022401042,2025-03-24,CHI @ DEN,W,240,129,45,91,0.495,17,39,0.436,22,26,0.846,12,31,43,31,8,5,10,17,10.0
22024,1610612764,WAS,Washington Wizards,0022401039,2025-03-24,WAS vs. TOR,L,241,104,35,87,0.402,11,37,0.297,23,34,0.676,9,39,48,24,8,9,17,19,-8.0
22024,1610612751,BKN,Brooklyn Nets,0022401040,2025-03-24,BKN vs. DAL,L,240,101,40,78,0.513,11,33,0.333,10,14,0.714,9,28,37,30,7,2,18,15,-19.0
22024,1610612738,BOS,Boston Celtics,0022401044,2025-03-24,BOS @ SAC,W,240,113,41,90,0.456,19,50,0.38,12,20,0.6,10,35,45,28,9,4,10,14,18.0
22024,1610612755,PHI,Philadelphia 76ers,0022401041,2025-03-24,PHI @ NOP,L,240,99,34,87,0.391,14,42,0.333,17,19,0.895,12,25,37,19,11,6,11,16,-13.0
22024,1610612761,TOR,Toronto Raptors,0022401039,2025-03-24,TOR @ WAS,W,241,112,41,101,0.406,10,36,0.278,20,27,0.741,17,43,60,28,11,6,12,23,8.0
22024,1610612747,LAL,Los Angeles Lakers,0022401038,2025-03-24,LAL @ ORL,L,240,106,37,80,0.463,10,32,0.313,22,28,0.786,11,28,39,19,7,1,10,20,-12.0
22024,1610612749,MIL,Milwaukee Bucks,0022401043,2025-03-24,MIL @ PHX,L,241,106,37,83,0.446,12,39,0.308,20,29,0.69,9,27,36,24,12,0,7,16,-2.0
22024,1610612750,MIN,Minnesota Timberwolves,0022401037,2025-03-24,MIN @ IND,L,243,103,44,91,0.484,9,35,0.257,6,10,0.6,9,36,45,26,5,3,17,13,-16.0
22024,1610612754,IND,Indiana Pacers,0022401037,2025-03-24,IND vs. MIN,W,240,119,46,94,0.489,13,35,0.371,14,14,1.0,9,37,46,30,9,5,11,12,16.0
22024,1610612742,DAL,Dallas Mavericks,0022401040,2025-03-24,DAL @ BKN,W,241,120,49,87,0.563,10,31,0.323,12,16,0.75,11,30,41,34,10,1,10,15,19.0
22024,1610612753,ORL,Orlando Magic,0022401038,2025-03-24,ORL vs. LAL,W,240,118,42,85,0.494,15,40,0.375,19,23,0.826,12,31,43,25,6,4,8,18,12.0
22024,1610612758,SAC,Sacramento Kings,0022401044,2025-03-24,SAC vs. BOS,L,242,95,39,86,0.453,8,24,0.333,9,11,0.818,8,37,45,23,7,1,14,18,-18.0
22024,1610612740,NOP,New Orleans Pelicans,0022401041,2025-03-24,NOP vs. PHI,W,241,112,43,87,0.494,15,35,0.429,11,13,0.846,13,38,51,36,11,5,16,17,13.0
22024,1610612745,HOU,Houston Rockets,0022401035,2025-03-23,HOU vs. DEN,L,241,111,39,89,0.438,11,34,0.324,22,34,0.647,16,29,45,25,4,7,6,20,-5.0
22024,1610612748,MIA,Miami Heat,0022401032,2025-03-23,MIA vs. CHA,W,240,122,47,82,0.573,12,29,0.414,16,20,0.8,7,25,32,27,10,4,10,13,17.0
22024,1610612760,OKC,Oklahoma City Thunder,0022401036,2025-03-23,OKC @ LAC,W,240,103,37,92,0.402,12,35,0.343,17,20,0.85,10,32,42,28,9,8,9,22,2.0
22024,1610612739,CLE,Cleveland Cavaliers,0022401030,2025-03-23,CLE @ UTA,W,239,120,44,96,0.458,11,48,0.229,21,31,0.677,14,37,51,28,9,7,6,16,29.0
22024,1610612755,PHI,Philadelphia 76ers,0022401031,2025-03-23,PHI @ ATL,L,240,119,40,91,0.44,11,34,0.324,28,37,0.757,13,24,37,24,8,4,13,18,-13.0
22024,1610612762,UTA,Utah Jazz,0022401030,2025-03-23,UTA vs. CLE,L,240,91,32,89,0.36,16,50,0.32,11,18,0.611,13,39,52,25,4,5,18,24,-29.0
22024,1610612743,DEN,Denver Nuggets,0022401035,2025-03-23,DEN @ HOU,W,239,116,44,87,0.506,10,21,0.476,18,26,0.692,10,33,43,28,5,4,9,23,5.0
22024,1610612761,TOR,Toronto Raptors,0022401033,2025-03-23,TOR vs. SAS,L,241,89,35,92,0.38,10,39,0.256,9,13,0.692,16,30,46,27,8,3,21,21,-34.0
22024,1610612740,NOP,New Orleans Pelicans,0022401029,2025-03-23,NOP @ DET,L,241,130,49,85,0.576,20,40,0.5,12,16,0.75,10,27,37,35,3,5,17,30,-6.0
22024,1610612738,BOS,Boston Celtics,0022401034,2025-03-23,BOS @ POR,W,241,129,48,88,0.545,23,50,0.46,10,14,0.714,11,27,38,31,6,6,9,14,13.0
22024,1610612759,SAS,San Antonio Spurs,0022401033,2025-03-23,SAS @ TOR,W,239,123,41,86,0.477,14,43,0.326,27,32,0.844,13,33,46,27,15,6,14,14,34.0
22024,1610612757,POR,Portland Trail Blazers,0022401034,2025-03-23,POR vs. BOS,L,241,116,43,88,0.489,19,47,0.404,11,16,0.688,11,27,38,24,6,3,12,11,-13.0
22024,1610612737,ATL,Atlanta Hawks,0022401031,2025-03-23,ATL vs. PHI,W,240,132,48,87,0.552,17,37,0.459,19,22,0.864,10,29,39,35,11,4,16,26,13.0
22024,1610612766,CHA,Charlotte Hornets,0022401032,2025-03-23,CHA @ MIA,L,239,105,41,87,0.471,11,33,0.333,12,13,0.923,12,28,40,24,5,4,19,15,-17.0
22024,1610612765,DET,Detroit Pistons,0022401029,2025-03-23,DET vs. NOP,W,241,136,47,86,0.547,13,27,0.481,29,40,0.725,11,21,32,26,6,2,6,20,6.0
22024,1610612746,LAC,LA Clippers,0022401036,2025-03-23,LAC vs. OKC,L,239,101,35,82,0.427,8,26,0.308,23,28,0.821,11,37,48,20,6,8,14,19,-2.0
22024,1610612758,SAC,Sacramento Kings,0022401027,2025-03-22,SAC vs. MIL,L,240,108,41,91,0.451,9,38,0.237,17,22,0.773,14,30,44,21,4,2,8,17,-6.0
22024,1610612751,BKN,Brooklyn Nets,0022401024,2025-03-22,BKN @ IND,L,241,103,39,90,0.433,15,43,0.349,10,17,0.588,11,37,48,20,6,1,14,20,-5.0
22024,1610612754,IND,Indiana Pacers,0022401024,2025-03-22,IND vs. BKN,W,242,108,40,84,0.476,11,35,0.314,17,21,0.81,6,38,44,32,5,6,13,24,5.0
22024,1610612744,GSW,Golden State Warriors,0022401025,2025-03-22,GSW @ ATL,L,242,115,39,84,0.464,16,38,0.421,21,26,0.808,6,32,38,28,8,4,9,16,-9.0
22024,1610612737,ATL,Atlanta Hawks,0022401025,2025-03-22,ATL vs. GSW,W,240,124,49,86,0.57,15,36,0.417,11,18,0.611,10,36,46,37,5,3,14,23,9.0
22024,1610612749,MIL,Milwaukee Bucks,0022401027,2025-03-22,MIL @ SAC,W,241,114,44,84,0.524,13,31,0.419,13,20,0.65,11,31,42,22,6,3,9,17,6.0
22024,1610612764,WAS,Washington Wizards,0022401026,2025-03-22,WAS @ NYK,L,241,103,39,88,0.443,11,36,0.306,14,19,0.737,10,31,41,21,9,5,20,23,-19.0
22024,1610612741,CHI,Chicago Bulls,0022401028,2025-03-22,CHI @ LAL,W,240,146,56,96,0.583,19,41,0.463,15,20,0.75,10,32,42,41,17,5,10,16,31.0
22024,1610612747,LAL,Los Angeles Lakers,0022401028,2025-03-22,LAL vs. CHI,L,241,115,41,85,0.482,17,41,0.415,16,22,0.727,9,26,35,23,8,1,21,16,-31.0
22024,1610612752,NYK,New York Knicks,0022401026,2025-03-22,NYK vs. WAS,W,242,122,44,91,0.484,13,35,0.371,21,27,0.778,14,35,49,29,13,3,14,17,19.0
22024,1610612764,WAS,Washington Wizards,0022401014,2025-03-21,WAS vs. ORL,L,240,105,37,87,0.425,17,39,0.436,14,19,0.737,8,33,41,23,11,4,14,10,-15.0
22024,1610612763,MEM,Memphis Grizzlies,0022401023,2025-03-21,MEM @ LAC,L,240,108,40,95,0.421,19,49,0.388,9,13,0.692,10,30,40,28,8,3,10,20,-20.0
22024,1610612746,LAC,LA Clippers,0022401023,2025-03-21,LAC vs. MEM,W,241,128,45,78,0.577,17,34,0.5,21,26,0.808,2,41,43,29,7,9,13,14,20.0
22024,1610612739,CLE,Cleveland Cavaliers,0022401021,2025-03-21,CLE @ PHX,L,240,112,42,94,0.447,17,45,0.378,11,14,0.786,16,28,44,24,11,5,11,12,-11.0
22024,1610612753,ORL,Orlando Magic,0022401014,2025-03-21,ORL @ WAS,W,240,120,46,96,0.479,17,42,0.405,11,13,0.846,13,42,55,25,9,8,12,17,15.0
22024,1610612738,BOS,Boston Celtics,0022401020,2025-03-21,BOS @ UTA,W,240,121,45,97,0.464,17,51,0.333,14,16,0.875,16,32,48,27,13,4,10,15,22.0
22024,1610612760,OKC,Oklahoma City Thunder,0022401017,2025-03-21,OKC vs. CHA,W,241,141,54,94,0.574,21,39,0.538,12,17,0.706,10,33,43,29,10,7,7,13,35.0
22024,1610612745,HOU,Houston Rockets,0022401015,2025-03-21,HOU @ MIA,W,240,102,39,84,0.464,14,28,0.5,10,21,0.476,15,31,46,14,17,4,15,14,4.0
22024,1610612762,UTA,Utah Jazz,0022401020,2025-03-21,UTA vs. BOS,L,240,99,38,84,0.452,14,35,0.4,9,12,0.75,9,29,38,24,7,2,17,17,-22.0
22024,1610612740,NOP,New Orleans Pelicans,0022401016,2025-03-21,NOP @ MIN,L,240,93,34,68,0.5,11,31,0.355,14,22,0.636,7,26,33,20,11,4,25,20,-41.0
22024,1610612757,POR,Portland Trail Blazers,0022401022,2025-03-21,POR vs. DEN,W,238,128,47,87,0.54,14,35,0.4,20,25,0.8,15,23,38,30,12,6,17,18,19.0
22024,1610612755,PHI,Philadelphia 76ers,0022401018,2025-03-21,PHI @ SAS,L,241,120,46,81,0.568,14,37,0.378,14,20,0.7,5,27,32,30,10,4,16,15,-8.0
22024,1610612759,SAS,San Antonio Spurs,0022401018,2025-03-21,SAS vs. PHI,W,239,128,47,89,0.528,19,39,0.487,15,18,0.833,9,25,34,36,11,5,14,14,8.0
22024,1610612765,DET,Detroit Pistons,0022401019,2025-03-21,DET @ DAL,L,239,117,46,98,0.469,11,31,0.355,14,19,0.737,15,26,41,24,14,5,14,22,-6.0
22024,1610612766,CHA,Charlotte Hornets,0022401017,2025-03-21,CHA @ OKC,L,241,106,37,80,0.463,19,41,0.463,13,13,1.0,6,23,29,29,6,4,16,13,-35.0
22024,1610612743,DEN,Denver Nuggets,0022401022,2025-03-21,DEN @ POR,L,239,109,38,76,0.5,9,26,0.346,24,28,0.857,11,20,31,24,10,2,20,25,-19.0
22024,1610612742,DAL,Dallas Mavericks,0022401019,2025-03-21,DAL vs. DET,W,239,123,42,80,0.525,12,34,0.353,27,36,0.75,10,34,44,25,10,7,20,16,6.0
22024,1610612756,PHX,Phoenix Suns,0022401021,2025-03-21,PHX vs. CLE,W,240,123,48,92,0.522,19,42,0.452,8,8,1.0,12,34,46,33,6,3,13,16,11.0
22024,1610612748,MIA,Miami Heat,0022401015,2025-03-21,MIA vs. HOU,L,243,98,38,73,0.521,10,24,0.417,12,14,0.857,5,29,34,25,8,5,20,16,-4.0
22024,1610612750,MIN,Minnesota Timberwolves,0022401016,2025-03-21,MIN vs. NOP,W,241,134,48,89,0.539,19,44,0.432,19,20,0.95,10,26,36,40,14,1,13,17,41.0
22024,1610612749,MIL,Milwaukee Bucks,0022400996,2025-03-20,MIL @ LAL,W,238,118,40,84,0.476,11,35,0.314,27,34,0.794,10,31,41,24,12,4,9,14,29.0
22024,1610612747,LAL,Los Angeles Lakers,0022400996,2025-03-20,LAL vs. MIL,L,239,89,34,82,0.415,11,32,0.344,10,16,0.625,14,36,50,26,5,4,19,25,-29.0
22024,1610612754,IND,Indiana Pacers,0022401011,2025-03-20,IND vs. BKN,W,265,105,35,81,0.432,8,31,0.258,27,31,0.871,10,47,57,18,10,8,22,21,6.0
22024,1610612761,TOR,Toronto Raptors,0022401005,2025-03-20,TOR @ GSW,L,241,114,44,78,0.564,11,26,0.423,15,19,0.789,7,37,44,32,7,4,23,24,-3.0
22024,1610612744,GSW,Golden State Warriors,0022401005,2025-03-20,GSW vs. TOR,W,239,117,38,90,0.422,19,47,0.404,22,28,0.786,11,27,38,30,13,5,14,15,3.0
22024,1610612752,NYK,New York Knicks,0022401010,2025-03-20,NYK @ CHA,L,240,98,36,90,0.4,10,39,0.256,16,20,0.8,9,29,38,26,9,2,7,18,-17.0
22024,1610612751,BKN,Brooklyn Nets,0022401011,2025-03-20,BKN @ IND,L,266,99,36,101,0.356,14,50,0.28,13,18,0.722,14,33,47,20,11,4,16,24,-6.0
22024,1610612741,CHI,Chicago Bulls,0022401013,2025-03-20,CHI @ SAC,W,239,128,45,86,0.523,15,35,0.429,23,26,0.885,12,28,40,32,9,2,12,19,12.0
22024,1610612766,CHA,Charlotte Hornets,0022401010,2025-03-20,CHA vs. NYK,W,239,115,43,88,0.489,15,32,0.469,14,17,0.824,11,41,52,25,1,3,11,20,17.0
22024,1610612758,SAC,Sacramento Kings,0022401013,2025-03-20,SAC vs. CHI,L,240,116,41,86,0.477,15,39,0.385,19,23,0.826,9,27,36,27,4,5,11,22,-12.0
22024,1610612743,DEN,Denver Nuggets,0022401006,2025-03-19,DEN @ LAL,L,240,108,41,87,0.471,13,39,0.333,13,21,0.619,12,33,45,25,8,4,18,17,-12.0
22024,1610612755,PHI,Philadelphia 76ers,0022401002,2025-03-19,PHI @ OKC,L,239,100,35,95,0.368,18,57,0.316,12,16,0.75,12,29,41,24,8,3,12,15,-33.0
22024,1610612747,LAL,Los Angeles Lakers,0022401006,2025-03-19,LAL vs. DEN,W,239,120,42,83,0.506,16,38,0.421,20,28,0.714,8,30,38,25,13,3,13,17,12.0
22024,1610612741,CHI,Chicago Bulls,0022401007,2025-03-19,CHI @ PHX,L,241,121,49,90,0.544,15,38,0.395,8,12,0.667,8,32,40,29,7,8,13,19,-6.0
22024,1610612762,UTA,Utah Jazz,0022400627,2025-03-19,UTA vs. WAS,W,238,128,50,89,0.562,17,42,0.405,11,18,0.611,9,33,42,30,7,1,16,16,16.0
22024,1610612739,CLE,Cleveland Cavaliers,0022401009,2025-03-19,CLE @ SAC,L,241,119,46,84,0.548,13,34,0.382,14,18,0.778,8,29,37,24,7,1,12,14,-4.0
22024,1610612742,DAL,Dallas Mavericks,0022400998,2025-03-19,DAL @ IND,L,238,131,48,88,0.545,11,27,0.407,24,32,0.75,7,34,41,23,6,0,12,26,-4.0
22024,1610612760,OKC,Oklahoma City Thunder,0022401002,2025-03-19,OKC vs. PHI,W,239,133,47,90,0.522,24,52,0.462,15,20,0.75,11,44,55,36,10,5,12,12,33.0
22024,1610612753,ORL,Orlando Magic,0022400999,2025-03-19,ORL vs. HOU,L,239,108,41,92,0.446,9,35,0.257,17,20,0.85,14,27,41,23,7,4,12,20,-8.0
22024,1610612758,SAC,Sacramento Kings,0022401009,2025-03-19,SAC vs. CLE,W,239,123,46,91,0.505,16,35,0.457,15,16,0.938,14,27,41,28,9,1,11,20,4.0
22024,1610612752,NYK,New York Knicks,0022401003,2025-03-19,NYK @ SAS,L,240,105,39,92,0.424,11,37,0.297,16,21,0.762,17,27,44,28,7,7,10,18,-15.0
22024,1610612748,MIA,Miami Heat,0022401000,2025-03-19,MIA vs. DET,L,241,113,44,90,0.489,10,32,0.313,15,18,0.833,11,26,37,24,7,5,13,15,-3.0
22024,1610612740,NOP,New Orleans Pelicans,0022401001,2025-03-19,NOP @ MIN,W,239,119,47,89,0.528,13,29,0.448,12,22,0.545,11,35,46,28,5,6,13,25,4.0
22024,1610612756,PHX,Phoenix Suns,0022401007,2025-03-19,PHX vs. CHI,W,239,127,47,96,0.49,15,40,0.375,18,20,0.9,13,33,46,34,9,6,11,13,6.0
22024,1610612757,POR,Portland Trail Blazers,0022401008,2025-03-19,POR vs. MEM,W,240,115,40,96,0.417,18,46,0.391,17,21,0.81,22,43,65,25,3,6,17,17,16.0
22024,1610612754,IND,Indiana Pacers,0022400998,2025-03-19,IND vs. DAL,W,241,135,45,82,0.549,16,35,0.457,29,37,0.784,6,32,38,29,4,5,11,26,4.0
22024,1610612764,WAS,Washington Wizards,0022400627,2025-03-19,WAS @ UTA,L,240,112,43,93,0.462,12,45,0.267,14,18,0.778,13,24,37,30,12,4,13,13,-16.0
22024,1610612750,MIN,Minnesota Timberwolves,0022401001,2025-03-19,MIN vs. NOP,L,241,115,35,77,0.455,16,39,0.41,29,36,0.806,9,31,40,21,7,6,14,19,-4.0
22024,1610612765,DET,Detroit Pistons,0022401000,2025-03-19,DET @ MIA,W,241,116,46,91,0.505,9,23,0.391,15,18,0.833,13,34,47,25,4,10,12,20,3.0
22024,1610612763,MEM,Memphis Grizzlies,0022401008,2025-03-19,MEM @ POR,L,240,99,37,92,0.402,8,30,0.267,17,21,0.81,10,30,40,23,11,4,10,20,-16.0
22024,1610612745,HOU,Houston Rockets,0022400999,2025-03-19,HOU @ ORL,W,240,116,38,81,0.469,11,35,0.314,29,32,0.906,12,34,46,18,10,5,15,18,8.0
22024,1610612759,SAS,San Antonio Spurs,0022401003,2025-03-19,SAS vs. NYK,W,240,120,45,90,0.5,16,35,0.457,14,20,0.7,15,37,52,28,7,7,13,22,15.0
22024,1610612751,BKN,Brooklyn Nets,0022400994,2025-03-18,BKN @ BOS,L,240,96,36,88,0.409,13,45,0.289,11,17,0.647,8,31,39,21,9,2,8,19,-8.0
22024,1610612744,GSW,Golden State Warriors,0022401012,2025-03-18,GSW vs. MIL,W,239,104,32,77,0.416,17,44,0.386,23,26,0.885,9,43,52,25,7,6,18,24,11.0
22024,1610612766,CHA,Charlotte Hornets,0022400993,2025-03-18,CHA vs. ATL,L,240,102,38,84,0.452,10,30,0.333,16,21,0.762,10,29,39,25,7,8,17,16,-32.0
22024,1610612746,LAC,LA Clippers,0022400997,2025-03-18,LAC vs. CLE,W,239,132,46,84,0.548,16,35,0.457,24,28,0.857,14,35,49,28,7,5,12,26,13.0
22024,1610612749,MIL,Milwaukee Bucks,0022401012,2025-03-18,MIL @ GSW,L,239,93,31,79,0.392,12,38,0.316,19,27,0.704,4,30,34,19,9,4,9,15,-11.0
22024,1610612739,CLE,Cleveland Cavaliers,0022400997,2025-03-18,CLE @ LAC,L,240,119,44,90,0.489,14,41,0.341,17,26,0.654,10,19,29,29,6,0,8,21,-13.0
22024,1610612737,ATL,Atlanta Hawks,0022400993,2025-03-18,ATL @ CHA,W,241,134,50,93,0.538,22,45,0.489,12,15,0.8,11,35,46,27,12,8,10,17,32.0
22024,1610612738,BOS,Boston Celtics,0022400994,2025-03-18,BOS vs. BKN,W,240,104,35,79,0.443,16,48,0.333,18,22,0.818,6,42,48,24,6,5,13,14,8.0
22024,1610612758,SAC,Sacramento Kings,0022400992,2025-03-17,SAC vs. MEM,W,240,132,46,88,0.523,20,41,0.488,20,30,0.667,10,28,38,35,11,7,12,21,10.0
22024,1610612752,NYK,New York Knicks,0022400984,2025-03-17,NYK vs. MIA,W,240,116,47,95,0.495,16,34,0.471,6,6,1.0,13,28,41,30,12,6,13,14,21.0
22024,1610612757,POR,Portland Trail Blazers,0022400995,2025-03-17,POR vs. WAS,W,239,112,42,99,0.424,15,46,0.326,13,19,0.684,14,36,50,25,15,3,8,10,15.0
22024,1610612750,MIN,Minnesota Timberwolves,0022400986,2025-03-17,MIN vs. IND,L,267,130,44,97,0.454,13,42,0.31,29,36,0.806,9,35,44,25,11,7,14,22,-2.0
22024,1610612756,PHX,Phoenix Suns,0022400991,2025-03-17,PHX vs. TOR,W,240,129,47,92,0.511,20,39,0.513,15,15,1.0,12,42,54,34,7,4,10,21,40.0
22024,1610612762,UTA,Utah Jazz,0022400989,2025-03-17,UTA vs. CHI,L,240,97,35,86,0.407,9,42,0.214,18,22,0.818,4,44,48,20,4,4,17,19,-14.0
22024,1610612748,MIA,Miami Heat,0022400984,2025-03-17,MIA @ NYK,L,240,95,39,82,0.476,6,23,0.261,11,12,0.917,9,30,39,23,9,6,20,11,-21.0
22024,1610612763,MEM,Memphis Grizzlies,0022400992,2025-03-17,MEM @ SAC,L,239,122,44,90,0.489,13,30,0.433,21,21,1.0,15,33,48,24,8,7,17,22,-10.0
22024,1610612740,NOP,New Orleans Pelicans,0022400987,2025-03-17,NOP vs. DET,L,240,81,28,86,0.326,5,32,0.156,20,30,0.667,13,26,39,18,7,6,16,15,-46.0
22024,1610612759,SAS,San Antonio Spurs,0022400537,2025-03-17,SAS @ LAL,L,241,109,41,88,0.466,15,38,0.395,12,14,0.857,9,35,44,30,6,5,17,18,-16.0
22024,1610612765,DET,Detroit Pistons,0022400987,2025-03-17,DET @ NOP,W,240,127,46,84,0.548,13,35,0.371,22,29,0.759,11,39,50,33,10,7,13,19,46.0
22024,1610612744,GSW,Golden State Warriors,0022400990,2025-03-17,GSW vs. DEN,L,239,105,41,84,0.488,8,33,0.242,15,27,0.556,11,27,38,24,16,10,20,21,-9.0
22024,1610612743,DEN,Denver Nuggets,0022400990,2025-03-17,DEN @ GSW,W,240,114,43,92,0.467,14,39,0.359,14,18,0.778,19,34,53,32,12,7,20,24,9.0
22024,1610612764,WAS,Washington Wizards,0022400995,2025-03-17,WAS @ POR,L,241,97,38,92,0.413,12,40,0.3,9,12,0.75,11,38,49,27,6,7,16,16,-15.0
22024,1610612741,CHI,Chicago Bulls,0022400989,2025-03-17,CHI @ UTA,W,240,111,42,97,0.433,14,45,0.311,13,16,0.813,9,40,49,29,12,3,9,14,14.0
22024,1610612747,LAL,Los Angeles Lakers,0022400537,2025-03-17,LAL vs. SAS,W,241,125,44,90,0.489,19,48,0.396,18,24,0.75,8,34,42,34,13,4,9,10,16.0
22024,1610612754,IND,Indiana Pacers,0022400986,2025-03-17,IND @ MIN,W,264,132,48,97,0.495,17,37,0.459,19,23,0.826,14,34,48,28,7,6,20,25,2.0
22024,1610612745,HOU,Houston Rockets,0022400985,2025-03-17,HOU vs. PHI,W,265,144,51,107,0.477,22,53,0.415,20,24,0.833,23,35,58,35,8,5,15,27,7.0
22024,1610612761,TOR,Toronto Raptors,0022400991,2025-03-17,TOR @ PHX,L,241,89,31,87,0.356,10,35,0.286,17,23,0.739,12,28,40,20,4,2,11,15,-40.0
22024,1610612755,PHI,Philadelphia 76ers,0022400985,2025-03-17,PHI @ HOU,L,265,137,48,95,0.505,24,49,0.49,17,25,0.68,8,27,35,21,8,4,16,20,-7.0
22024,1610612760,OKC,Oklahoma City Thunder,0022400982,2025-03-16,OKC @ MIL,W,240,121,46,89,0.517,10,29,0.345,19,25,0.76,8,42,50,30,3,3,9,20,16.0
22024,1610612756,PHX,Phoenix Suns,0022400977,2025-03-16,PHX @ LAL,L,240,96,35,89,0.393,9,41,0.22,17,21,0.81,14,37,51,25,4,4,14,27,-11.0
22024,1610612762,UTA,Utah Jazz,0022400981,2025-03-16,UTA @ MIN,L,240,102,39,90,0.433,12,38,0.316,12,15,0.8,10,34,44,23,4,0,22,20,-26.0
22024,1610612755,PHI,Philadelphia 76ers,0022400976,2025-03-16,PHI @ DAL,W,239,130,48,92,0.522,14,36,0.389,20,24,0.833,9,30,39,21,13,3,11,21,5.0
22024,1610612747,LAL,Los Angeles Lakers,0022400977,2025-03-16,LAL vs. PHX,W,240,107,35,81,0.432,14,39,0.359,23,32,0.719,7,33,40,22,7,5,8,20,11.0
22024,1610612746,LAC,LA Clippers,0022400538,2025-03-16,LAC vs. CHA,W,239,123,45,93,0.484,13,26,0.5,20,23,0.87,17,41,58,30,10,5,10,12,35.0
22024,1610612761,TOR,Toronto Raptors,0022400980,2025-03-16,TOR @ POR,L,240,102,38,94,0.404,10,31,0.323,16,20,0.8,19,28,47,29,12,0,18,22,-3.0
22024,1610612737,ATL,Atlanta Hawks,0022400978,2025-03-16,ATL @ BKN,L,241,114,42,90,0.467,11,37,0.297,19,24,0.792,10,28,38,27,12,11,14,17,-8.0
22024,1610612757,POR,Portland Trail Blazers,0022400980,2025-03-16,POR vs. TOR,W,240,105,36,88,0.409,18,50,0.36,15,18,0.833,19,32,51,21,10,7,20,20,3.0
22024,1610612749,MIL,Milwaukee Bucks,0022400982,2025-03-16,MIL vs. OKC,L,242,105,33,83,0.398,13,34,0.382,26,33,0.788,9,25,34,21,7,8,9,23,-16.0
22024,1610612742,DAL,Dallas Mavericks,0022400976,2025-03-16,DAL vs. PHI,L,241,125,46,87,0.529,10,34,0.294,23,30,0.767,10,35,45,26,4,3,15,19,-5.0
22024,1610612739,CLE,Cleveland Cavaliers,0022400979,2025-03-16,CLE vs. ORL,L,240,103,40,96,0.417,10,40,0.25,13,20,0.65,16,32,48,21,7,1,13,22,-5.0
22024,1610612751,BKN,Brooklyn Nets,0022400978,2025-03-16,BKN vs. ATL,W,240,122,43,90,0.478,17,35,0.486,19,23,0.826,12,28,40,33,7,5,15,18,8.0
22024,1610612753,ORL,Orlando Magic,0022400979,2025-03-16,ORL @ CLE,W,239,108,34,81,0.42,13,31,0.419,27,34,0.794,13,34,47,21,11,3,15,20,5.0
22024,1610612750,MIN,Minnesota Timberwolves,0022400981,2025-03-16,MIN vs. UTA,W,239,128,48,97,0.495,14,43,0.326,18,26,0.692,16,33,49,30,14,6,9,16,26.0
22024,1610612766,CHA,Charlotte Hornets,0022400538,2025-03-16,CHA @ LAC,L,239,88,37,94,0.394,6,33,0.182,8,9,0.889,11,33,44,27,5,5,11,18,-35.0
22024,1610612745,HOU,Houston Rockets,0022400970,2025-03-15,HOU vs. CHI,W,239,117,44,98,0.449,14,44,0.318,15,26,0.577,16,38,54,24,4,6,11,18,3.0
22024,1610612759,SAS,San Antonio Spurs,0022400973,2025-03-15,SAS vs. NOP,W,241,119,39,84,0.464,16,39,0.41,25,33,0.758,8,29,37,26,10,2,10,15,4.0
22024,1610612751,BKN,Brooklyn Nets,0022400968,2025-03-15,BKN vs. BOS,L,242,113,42,90,0.467,20,46,0.435,9,13,0.692,18,27,45,34,4,3,9,21,-2.0
22024,1610612744,GSW,Golden State Warriors,0022400974,2025-03-15,GSW vs. NYK,W,239,97,33,83,0.398,13,41,0.317,18,22,0.818,10,35,45,25,7,5,9,13,3.0
22024,1610612741,CHI,Chicago Bulls,0022400970,2025-03-15,CHI @ HOU,L,240,114,43,93,0.462,14,38,0.368,14,16,0.875,5,31,36,24,6,5,10,23,-3.0
22024,1610612765,DET,Detroit Pistons,0022400969,2025-03-15,DET vs. OKC,L,241,107,42,88,0.477,14,33,0.424,9,13,0.692,6,33,39,29,8,3,17,21,-6.0
22024,1610612754,IND,Indiana Pacers,0022400972,2025-03-15,IND @ MIL,L,242,119,46,96,0.479,17,43,0.395,10,13,0.769,10,22,32,29,9,4,11,15,-7.0
22024,1610612743,DEN,Denver Nuggets,0022400975,2025-03-15,DEN vs. WAS,L,241,123,48,95,0.505,12,34,0.353,15,17,0.882,10,32,42,40,12,8,17,20,-3.0
22024,1610612749,MIL,Milwaukee Bucks,0022400972,2025-03-15,MIL vs. IND,W,240,126,43,79,0.544,15,37,0.405,25,26,0.962,7,38,45,28,9,4,15,16,7.0
22024,1610612764,WAS,Washington Wizards,0022400975,2025-03-15,WAS @ DEN,W,240,126,46,95,0.484,19,45,0.422,15,17,0.882,13,31,44,34,11,4,17,17,3.0
22024,1610612740,NOP,New Orleans Pelicans,0022400973,2025-03-15,NOP @ SAS,L,240,115,46,92,0.5,12,35,0.343,11,11,1.0,12,40,52,34,2,3,15,20,-4.0
22024,1610612738,BOS,Boston Celtics,0022400968,2025-03-15,BOS @ BKN,W,240,115,44,84,0.524,13,38,0.342,14,19,0.737,13,25,38,29,5,7,7,14,2.0
22024,1610612763,MEM,Memphis Grizzlies,0022400971,2025-03-15,MEM vs. MIA,W,239,125,51,92,0.554,12,31,0.387,11,12,0.917,11,40,51,31,7,6,10,16,34.0
22024,1610612760,OKC,Oklahoma City Thunder,0022400969,2025-03-15,OKC @ DET,W,240,113,43,89,0.483,10,34,0.294,17,22,0.773,10,34,44,17,11,8,17,20,6.0
22024,1610612752,NYK,New York Knicks,0022400974,2025-03-15,NYK @ GSW,L,240,94,37,86,0.43,9,24,0.375,11,13,0.846,13,36,49,20,6,6,13,16,-3.0
22024,1610612748,MIA,Miami Heat,0022400971,2025-03-15,MIA @ MEM,L,241,91,35,88,0.398,9,37,0.243,12,15,0.8,10,27,37,24,6,4,14,16,-34.0
22024,1610612754,IND,Indiana Pacers,0022400959,2025-03-14,IND @ PHI,W,241,112,44,89,0.494,10,35,0.286,14,18,0.778,12,33,45,31,6,4,10,17,12.0
22024,1610612748,MIA,Miami Heat,0022400958,2025-03-14,MIA vs. BOS,L,240,91,34,75,0.453,13,34,0.382,10,17,0.588,7,31,38,18,10,4,17,12,-12.0
22024,1610612739,CLE,Cleveland Cavaliers,0022400962,2025-03-14,CLE @ MEM,W,241,133,44,88,0.5,19,51,0.373,26,33,0.788,8,35,43,32,9,4,15,17,9.0
22024,1610612758,SAC,Sacramento Kings,0022400967,2025-03-14,SAC @ PHX,L,238,106,40,81,0.494,8,32,0.25,18,20,0.9,12,28,40,25,7,1,19,18,-16.0
22024,1610612745,HOU,Houston Rockets,0022400961,2025-03-14,HOU vs. DAL,W,240,133,54,105,0.514,15,31,0.484,10,12,0.833,17,50,67,27,5,6,10,13,37.0
22024,1610612753,ORL,Orlando Magic,0022400963,2025-03-14,ORL @ MIN,L,239,111,40,89,0.449,12,28,0.429,19,22,0.864,6,25,31,18,9,5,11,22,-7.0
22024,1610612737,ATL,Atlanta Hawks,0022400960,2025-03-14,ATL vs. LAC,L,238,98,37,88,0.42,9,33,0.273,15,17,0.882,13,31,44,25,8,6,18,18,-23.0
22024,1610612761,TOR,Toronto Raptors,0022400966,2025-03-14,TOR @ UTA,W,239,126,44,91,0.484,12,32,0.375,26,35,0.743,10,41,51,28,9,6,15,26,8.0
22024,1610612763,MEM,Memphis Grizzlies,0022400962,2025-03-14,MEM vs. CLE,L,239,124,48,97,0.495,11,36,0.306,17,21,0.81,10,35,45,25,11,3,14,25,-9.0
22024,1610612746,LAC,LA Clippers,0022400960,2025-03-14,LAC @ ATL,W,239,121,47,86,0.547,12,27,0.444,15,20,0.75,7,33,40,27,14,5,13,15,23.0
22024,1610612743,DEN,Denver Nuggets,0022400965,2025-03-14,DEN vs. LAL,W,239,131,44,85,0.518,13,31,0.419,30,38,0.789,9,30,39,30,7,5,12,15,5.0
22024,1610612766,CHA,Charlotte Hornets,0022400964,2025-03-14,CHA @ SAS,W,241,145,51,85,0.6,26,46,0.565,17,19,0.895,8,26,34,42,7,2,18,17,11.0
22024,1610612750,MIN,Minnesota Timberwolves,0022400963,2025-03-14,MIN vs. ORL,W,239,118,42,80,0.525,14,33,0.424,20,28,0.714,6,39,45,26,8,6,15,21,7.0
22024,1610612747,LAL,Los Angeles Lakers,0022400965,2025-03-14,LAL @ DEN,L,241,126,49,105,0.467,15,40,0.375,13,16,0.813,19,28,47,32,10,2,8,25,-5.0
22024,1610612762,UTA,Utah Jazz,0022400966,2025-03-14,UTA vs. TOR,L,240,118,39,89,0.438,16,38,0.421,24,31,0.774,6,29,35,23,12,2,16,25,-8.0
22024,1610612756,PHX,Phoenix Suns,0022400967,2025-03-14,PHX vs. SAC,W,238,122,41,79,0.519,24,43,0.558,16,19,0.842,7,27,34,33,12,3,11,15,16.0
22024,1610612742,DAL,Dallas Mavericks,0022400961,2025-03-14,DAL @ HOU,L,241,96,39,94,0.415,8,22,0.364,10,12,0.833,6,28,34,14,4,6,7,11,-37.0
22024,1610612759,SAS,San Antonio Spurs,0022400964,2025-03-14,SAS vs. CHA,L,240,134,48,95,0.505,21,46,0.457,17,22,0.773,17,19,36,27,14,5,13,17,-11.0
22024,1610612755,PHI,Philadelphia 76ers,0022400959,2025-03-14,PHI vs. IND,L,242,100,37,82,0.451,11,38,0.289,15,22,0.682,11,32,43,13,7,9,14,19,-12.0
22024,1610612738,BOS,Boston Celtics,0022400958,2025-03-14,BOS @ MIA,W,241,103,36,83,0.434,19,50,0.38,12,13,0.923,9,32,41,18,8,4,14,17,12.0
22024,1610612764,WAS,Washington Wizards,0022400954,2025-03-13,WAS @ DET,W,240,129,43,90,0.478,20,45,0.444,23,27,0.852,10,37,47,30,10,5,15,29,4.0
22024,1610612744,GSW,Golden State Warriors,0022400957,2025-03-13,GSW vs. SAC,W,240,130,45,78,0.577,22,39,0.564,18,24,0.75,7,36,43,35,8,5,14,21,26.0
22024,1610612747,LAL,Los Angeles Lakers,0022400955,2025-03-13,LAL @ MIL,L,241,106,38,87,0.437,15,40,0.375,15,18,0.833,5,33,38,18,3,4,13,23,-20.0
22024,1610612758,SAC,Sacramento Kings,0022400957,2025-03-13,SAC @ GSW,L,237,104,37,79,0.468,14,37,0.378,16,22,0.727,5,25,30,25,7,4,14,15,-26.0
22024,1610612765,DET,Detroit Pistons,0022400954,2025-03-13,DET vs. WAS,L,239,125,39,85,0.459,10,30,0.333,37,43,0.86,9,32,41,23,8,6,12,23,-4.0
22024,1610612749,MIL,Milwaukee Bucks,0022400955,2025-03-13,MIL vs. LAL,W,239,126,41,86,0.477,17,40,0.425,27,33,0.818,7,41,48,30,9,8,11,21,20.0
22024,1610612740,NOP,New Orleans Pelicans,0022401141,2025-03-13,NOP vs. ORL,L,240,93,35,79,0.443,7,25,0.28,16,21,0.762,11,29,40,23,3,4,13,16,-20.0
22024,1610612751,BKN,Brooklyn Nets,0022400956,2025-03-13,BKN @ CHI,L,239,110,43,96,0.448,11,34,0.324,13,18,0.722,15,35,50,32,6,7,9,26,-6.0
22024,1610612741,CHI,Chicago Bulls,0022400956,2025-03-13,CHI vs. BKN,W,240,116,41,90,0.456,11,37,0.297,23,26,0.885,13,34,47,24,8,4,8,16,6.0
22024,1610612753,ORL,Orlando Magic,0022401141,2025-03-13,ORL @ NOP,W,240,113,43,83,0.518,13,33,0.394,14,18,0.778,8,31,39,25,7,7,8,20,20.0
22024,1610612756,PHX,Phoenix Suns,0022400949,2025-03-12,PHX @ HOU,L,239,104,39,73,0.534,10,28,0.357,16,20,0.8,5,32,37,22,7,8,16,18,-7.0
22024,1610612763,MEM,Memphis Grizzlies,0022400950,2025-03-12,MEM vs. UTA,W,239,122,43,94,0.457,20,44,0.455,16,21,0.762,5,34,39,30,15,6,9,21,7.0
22024,1610612748,MIA,Miami Heat,0022400948,2025-03-12,MIA vs. LAC,L,239,104,40,84,0.476,14,37,0.378,10,14,0.714,9,20,29,27,14,3,10,17,-15.0
22024,1610612760,OKC,Oklahoma City Thunder,0022400946,2025-03-12,OKC @ BOS,W,240,118,40,82,0.488,13,37,0.351,25,35,0.714,11,33,44,19,7,2,12,17,6.0
22024,1610612759,SAS,San Antonio Spurs,0022400951,2025-03-12,SAS vs. DAL,W,239,126,50,94,0.532,11,35,0.314,15,16,0.938,13,34,47,32,11,2,16,19,10.0
22024,1610612762,UTA,Utah Jazz,0022400950,2025-03-12,UTA @ MEM,L,239,115,42,90,0.467,12,34,0.353,19,28,0.679,17,43,60,24,6,8,23,17,-7.0
22024,1610612750,MIN,Minnesota Timberwolves,0022400952,2025-03-12,MIN @ DEN,W,241,115,43,90,0.478,17,40,0.425,12,16,0.75,12,36,48,31,7,5,15,16,20.0
22024,1610612745,HOU,Houston Rockets,0022400949,2025-03-12,HOU vs. PHX,W,242,111,40,88,0.455,12,38,0.316,19,25,0.76,11,27,38,25,11,3,9,19,7.0
22024,1610612742,DAL,Dallas Mavericks,0022400951,2025-03-12,DAL @ SAS,L,238,116,45,81,0.556,13,32,0.406,13,17,0.765,3,28,31,30,8,0,17,12,-10.0
22024,1610612755,PHI,Philadelphia 76ers,0022400947,2025-03-12,PHI @ TOR,L,240,105,41,96,0.427,7,35,0.2,16,22,0.727,10,30,40,19,13,11,9,20,-13.0
22024,1610612752,NYK,New York Knicks,0022400953,2025-03-12,NYK @ POR,W,266,114,44,94,0.468,12,31,0.387,14,20,0.7,11,27,38,27,12,7,15,21,1.0
22024,1610612743,DEN,Denver Nuggets,0022400952,2025-03-12,DEN vs. MIN,L,239,95,36,89,0.404,7,30,0.233,16,22,0.727,12,30,42,20,9,4,10,16,-20.0
22024,1610612737,ATL,Atlanta Hawks,0022400945,2025-03-12,ATL vs. CHA,W,241,123,37,88,0.42,14,36,0.389,35,39,0.897,13,30,43,26,13,6,13,16,13.0
22024,1610612746,LAC,LA Clippers,0022400948,2025-03-12,LAC @ MIA,W,240,119,45,76,0.592,13,27,0.481,16,24,0.667,11,34,45,24,7,0,16,10,15.0
22024,1610612761,TOR,Toronto Raptors,0022400947,2025-03-12,TOR vs. PHI,W,240,118,44,100,0.44,16,40,0.4,14,18,0.778,17,42,59,33,7,5,20,17,13.0
22024,1610612738,BOS,Boston Celtics,0022400946,2025-03-12,BOS vs. OKC,L,240,112,41,94,0.436,20,63,0.317,10,12,0.833,15,26,41,25,9,6,13,25,-6.0
22024,1610612757,POR,Portland Trail Blazers,0022400953,2025-03-12,POR vs. NYK,L,264,113,40,90,0.444,17,42,0.405,16,25,0.64,21,31,52,20,6,6,23,18,-1.0
22024,1610612766,CHA,Charlotte Hornets,0022400945,2025-03-12,CHA @ ATL,L,241,110,40,88,0.455,14,35,0.4,16,18,0.889,10,37,47,29,9,9,21,26,-13.0
22024,1610612764,WAS,Washington Wizards,0022400941,2025-03-11,WAS @ DET,L,240,103,37,92,0.402,13,39,0.333,16,20,0.8,12,35,47,20,7,4,13,18,-20.0
22024,1610612754,IND,Indiana Pacers,0022400942,2025-03-11,IND vs. MIL,W,240,115,44,87,0.506,13,39,0.333,14,18,0.778,5,33,38,30,11,3,9,20,1.0
22024,1610612746,LAC,LA Clippers,0022400943,2025-03-11,LAC @ NOP,L,239,120,46,92,0.5,14,42,0.333,14,18,0.778,11,23,34,34,10,8,11,16,-7.0
22024,1610612739,CLE,Cleveland Cavaliers,0022400940,2025-03-11,CLE vs. BKN,W,239,109,39,89,0.438,10,42,0.238,21,25,0.84,12,36,48,23,7,4,14,10,5.0
22024,1610612751,BKN,Brooklyn Nets,0022400940,2025-03-11,BKN @ CLE,L,240,104,39,84,0.464,16,44,0.364,10,14,0.714,8,30,38,31,9,3,12,21,-5.0
22024,1610612749,MIL,Milwaukee Bucks,0022400942,2025-03-11,MIL @ IND,L,241,114,43,84,0.512,14,36,0.389,14,19,0.737,6,38,44,32,4,2,15,19,-1.0
22024,1610612740,NOP,New Orleans Pelicans,0022400943,2025-03-11,NOP vs. LAC,W,240,127,47,85,0.553,17,31,0.548,16,18,0.889,12,34,46,34,7,7,19,16,7.0
22024,1610612765,DET,Detroit Pistons,0022400941,2025-03-11,DET vs. WAS,W,239,123,48,104,0.462,16,38,0.421,11,15,0.733,18,43,61,29,7,5,12,18,20.0
22024,1610612743,DEN,Denver Nuggets,0022400936,2025-03-10,DEN @ OKC,W,240,140,52,86,0.605,18,32,0.563,18,20,0.9,9,34,43,32,6,5,12,18,13.0
22024,1610612766,CHA,Charlotte Hornets,0022400931,2025-03-10,CHA @ MIA,W,239,105,36,86,0.419,11,44,0.25,22,23,0.957,9,27,36,26,10,6,10,16,3.0
22024,1610612755,PHI,Philadelphia 76ers,0022400928,2025-03-10,PHI @ ATL,L,239,123,46,91,0.505,16,42,0.381,15,20,0.75,6,25,31,29,8,3,10,15,-9.0
22024,1610612744,GSW,Golden State Warriors,0022400938,2025-03-10,GSW vs. POR,W,240,130,45,85,0.529,21,41,0.512,19,21,0.905,12,28,40,35,16,5,17,16,10.0
22024,1610612764,WAS,Washington Wizards,0022400932,2025-03-10,WAS @ TOR,L,240,104,38,105,0.362,16,55,0.291,12,15,0.8,16,38,54,25,5,12,8,20,-15.0
22024,1610612742,DAL,Dallas Mavericks,0022400937,2025-03-10,DAL @ SAS,W,240,133,47,88,0.534,12,38,0.316,27,30,0.9,10,30,40,25,5,2,10,18,4.0
22024,1610612745,HOU,Houston Rockets,0022400934,2025-03-10,HOU vs. ORL,W,238,97,35,89,0.393,16,43,0.372,11,18,0.611,20,43,63,20,4,4,19,18,13.0
22024,1610612753,ORL,Orlando Magic,0022400934,2025-03-10,ORL @ HOU,L,240,84,28,86,0.326,8,32,0.25,20,24,0.833,13,29,42,15,10,5,8,19,-13.0
22024,1610612762,UTA,Utah Jazz,0022400929,2025-03-10,UTA @ BOS,L,239,108,43,95,0.453,13,38,0.342,9,12,0.75,14,34,48,29,3,4,12,13,-6.0
22024,1610612763,MEM,Memphis Grizzlies,0022400935,2025-03-10,MEM vs. PHX,W,239,120,40,86,0.465,17,46,0.37,23,27,0.852,11,28,39,26,9,7,13,22,2.0
22024,1610612751,BKN,Brooklyn Nets,0022400930,2025-03-10,BKN vs. LAL,W,240,111,37,90,0.411,18,45,0.4,19,30,0.633,16,31,47,22,10,6,7,16,3.0
22024,1610612757,POR,Portland Trail Blazers,0022400938,2025-03-10,POR @ GSW,L,241,120,44,91,0.484,18,42,0.429,14,17,0.824,15,28,43,31,9,5,19,13,-10.0
22024,1610612752,NYK,New York Knicks,0022400939,2025-03-10,NYK @ SAC,W,241,133,45,84,0.536,22,40,0.55,21,26,0.808,6,34,40,34,13,1,15,24,29.0
22024,1610612754,IND,Indiana Pacers,0022400933,2025-03-10,IND @ CHI,L,242,103,40,101,0.396,10,40,0.25,13,19,0.684,8,31,39,30,14,4,9,13,-18.0
22024,1610612760,OKC,Oklahoma City Thunder,0022400936,2025-03-10,OKC vs. DEN,L,240,127,47,100,0.47,19,47,0.404,14,16,0.875,13,24,37,29,9,6,10,16,-13.0
22024,1610612756,PHX,Phoenix Suns,0022400935,2025-03-10,PHX @ MEM,L,239,118,41,90,0.456,20,38,0.526,16,22,0.727,15,31,46,31,6,2,16,22,-2.0
22024,1610612761,TOR,Toronto Raptors,0022400932,2025-03-10,TOR vs. WAS,W,241,119,43,109,0.394,16,49,0.327,17,29,0.586,28,45,73,26,3,2,8,18,15.0
22024,1610612741,CHI,Chicago Bulls,0022400933,2025-03-10,CHI vs. IND,W,241,121,49,98,0.5,12,33,0.364,11,14,0.786,10,46,56,30,4,6,18,19,18.0
22024,1610612748,MIA,Miami Heat,0022400931,2025-03-10,MIA vs. CHA,L,240,102,39,85,0.459,10,31,0.323,14,20,0.7,11,35,46,24,7,3,16,15,-3.0
22024,1610612737,ATL,Atlanta Hawks,0022400928,2025-03-10,ATL vs. PHI,W,240,132,53,98,0.541,15,37,0.405,11,14,0.786,14,34,48,34,4,6,15,18,9.0
22024,1610612747,LAL,Los Angeles Lakers,0022400930,2025-03-10,LAL @ BKN,L,240,108,37,85,0.435,19,40,0.475,15,19,0.789,8,35,43,31,4,4,15,20,-3.0
22024,1610612758,SAC,Sacramento Kings,0022400939,2025-03-10,SAC vs. NYK,L,240,104,36,86,0.419,10,34,0.294,22,26,0.846,14,23,37,18,7,4,16,20,-29.0
22024,1610612759,SAS,San Antonio Spurs,0022400937,2025-03-10,SAS vs. DAL,L,240,129,49,94,0.521,17,41,0.415,14,24,0.583,12,26,38,29,6,2,9,24,-4.0
22024,1610612738,BOS,Boston Celtics,0022400929,2025-03-10,BOS vs. UTA,W,238,114,40,93,0.43,18,53,0.34,16,18,0.889,12,35,47,28,11,8,9,12,6.0
22024,1610612763,MEM,Memphis Grizzlies,0022400923,2025-03-09,MEM @ NOP,W,241,107,41,99,0.414,13,49,0.265,12,19,0.632,23,34,57,24,11,6,12,22,3.0
22024,1610612762,UTA,Utah Jazz,0022400924,2025-03-09,UTA @ PHI,L,241,122,39,93,0.419,18,46,0.391,26,31,0.839,10,34,44,25,12,4,17,21,-4.0
22024,1610612739,CLE,Cleveland Cavaliers,0022400922,2025-03-09,CLE @ MIL,W,239,112,39,88,0.443,19,47,0.404,15,19,0.789,13,31,44,25,11,2,15,15,12.0
22024,1610612759,SAS,San Antonio Spurs,0022400925,2025-03-09,SAS @ MIN,L,242,124,47,85,0.553,11,30,0.367,19,24,0.792,11,25,36,26,8,3,12,14,-17.0
22024,1610612756,PHX,Phoenix Suns,0022400921,2025-03-09,PHX @ DAL,W,241,125,49,84,0.583,10,28,0.357,17,18,0.944,6,40,46,33,4,4,11,10,9.0
22024,1610612765,DET,Detroit Pistons,0022400926,2025-03-09,DET @ POR,W,240,119,43,87,0.494,9,28,0.321,24,32,0.75,12,42,54,22,7,8,13,24,7.0
22024,1610612749,MIL,Milwaukee Bucks,0022400922,2025-03-09,MIL vs. CLE,L,241,100,39,91,0.429,9,31,0.29,13,18,0.722,15,35,50,17,9,2,18,15,-12.0
22024,1610612740,NOP,New Orleans Pelicans,0022400923,2025-03-09,NOP vs. MEM,L,240,104,35,85,0.412,13,34,0.382,21,27,0.778,10,29,39,24,5,6,14,15,-3.0
22024,1610612742,DAL,Dallas Mavericks,0022400921,2025-03-09,DAL vs. PHX,L,240,116,43,88,0.489,17,42,0.405,13,16,0.813,5,27,32,29,8,2,6,13,-9.0
22024,1610612757,POR,Portland Trail Blazers,0022400926,2025-03-09,POR vs. DET,L,241,112,36,93,0.387,15,50,0.3,25,32,0.781,10,31,41,17,7,4,12,27,-7.0
22024,1610612758,SAC,Sacramento Kings,0022400927,2025-03-09,SAC @ LAC,L,264,110,40,87,0.46,9,34,0.265,21,25,0.84,8,40,48,27,6,1,8,19,-1.0
22024,1610612750,MIN,Minnesota Timberwolves,0022400925,2025-03-09,MIN vs. SAS,W,240,141,53,95,0.558,21,42,0.5,14,15,0.933,14,28,42,38,7,4,12,17,17.0
22024,1610612755,PHI,Philadelphia 76ers,0022400924,2025-03-09,PHI vs. UTA,W,241,126,43,96,0.448,16,47,0.34,24,25,0.96,14,36,50,27,11,9,17,23,4.0
22024,1610612746,LAC,LA Clippers,0022400927,2025-03-09,LAC vs. SAC,W,265,111,43,81,0.531,10,31,0.323,15,25,0.6,3,35,38,23,4,5,9,20,1.0
22024,1610612743,DEN,Denver Nuggets,0022400920,2025-03-09,DEN @ OKC,L,239,103,40,97,0.412,12,40,0.3,11,20,0.55,14,34,48,22,3,6,7,18,-24.0
22024,1610612760,OKC,Oklahoma City Thunder,0022400920,2025-03-09,OKC vs. DEN,W,240,127,46,94,0.489,13,38,0.342,22,25,0.88,10,46,56,25,5,14,5,20,24.0
22024,1610612766,CHA,Charlotte Hornets,0022400912,2025-03-08,CHA vs. BKN,W,239,105,40,98,0.408,11,34,0.324,14,16,0.875,22,28,50,25,4,2,10,13,3.0
22024,1610612748,MIA,Miami Heat,0022400916,2025-03-08,MIA vs. CHI,L,241,109,41,97,0.423,13,43,0.302,14,19,0.737,7,37,44,25,7,5,9,17,-5.0
22024,1610612737,ATL,Atlanta Hawks,0022400914,2025-03-08,ATL vs. IND,W,239,120,45,97,0.464,10,34,0.294,20,21,0.952,16,32,48,23,10,10,16,22,2.0
22024,1610612761,TOR,Toronto Raptors,0022400915,2025-03-08,TOR vs. WAS,L,240,117,40,95,0.421,10,26,0.385,27,30,0.9,22,27,49,24,11,6,15,17,-1.0
22024,1610612764,WAS,Washington Wizards,0022400915,2025-03-08,WAS @ TOR,W,240,118,44,100,0.44,13,38,0.342,17,23,0.739,22,28,50,29,12,7,15,18,1.0
22024,1610612745,HOU,Houston Rockets,0022400913,2025-03-08,HOU vs. NOP,W,241,146,55,99,0.556,17,40,0.425,19,21,0.905,15,33,48,32,9,7,10,13,29.0
22024,1610612765,DET,Detroit Pistons,0022400919,2025-03-08,DET @ GSW,L,241,110,39,85,0.459,5,23,0.217,27,36,0.75,13,31,44,17,12,4,20,29,-5.0
22024,1610612740,NOP,New Orleans Pelicans,0022400913,2025-03-08,NOP @ HOU,L,240,117,48,99,0.485,12,34,0.353,9,16,0.563,18,26,44,29,7,3,13,17,-29.0
22024,1610612741,CHI,Chicago Bulls,0022400916,2025-03-08,CHI @ MIA,W,240,114,40,88,0.455,11,42,0.262,23,26,0.885,5,46,51,27,6,4,10,14,5.0
22024,1610612749,MIL,Milwaukee Bucks,0022400917,2025-03-08,MIL vs. ORL,L,241,109,41,75,0.547,11,23,0.478,16,23,0.696,4,34,38,17,8,4,12,18,-2.0
22024,1610612738,BOS,Boston Celtics,0022400918,2025-03-08,BOS vs. LAL,W,241,111,40,84,0.476,13,38,0.342,18,25,0.72,11,32,43,24,9,5,9,11,10.0
22024,1610612754,IND,Indiana Pacers,0022400914,2025-03-08,IND @ ATL,L,240,118,41,94,0.436,10,33,0.303,26,30,0.867,15,26,41,29,12,6,15,21,-2.0
22024,1610612751,BKN,Brooklyn Nets,0022400912,2025-03-08,BKN @ CHA,L,239,102,38,82,0.463,14,50,0.28,12,15,0.8,8,29,37,20,6,10,11,19,-3.0
22024,1610612753,ORL,Orlando Magic,0022400917,2025-03-08,ORL @ MIL,W,239,111,42,82,0.512,12,32,0.375,15,19,0.789,5,29,34,19,5,5,10,24,2.0
22024,1610612747,LAL,Los Angeles Lakers,0022400918,2025-03-08,LAL @ BOS,L,241,101,39,87,0.448,14,40,0.35,9,14,0.643,9,36,45,18,6,1,12,17,-10.0
22024,1610612744,GSW,Golden State Warriors,0022400919,2025-03-08,GSW vs. DET,W,238,115,35,84,0.417,12,41,0.293,33,41,0.805,11,35,46,26,12,4,17,27,5.0
22024,1610612743,DEN,Denver Nuggets,0022400909,2025-03-07,DEN vs. PHX,W,266,149,57,97,0.588,21,40,0.525,14,18,0.778,8,30,38,45,8,3,9,22,8.0
22024,1610612761,TOR,Toronto Raptors,0022400905,2025-03-07,TOR vs. UTA,W,240,118,40,104,0.385,14,46,0.304,24,28,0.857,22,26,48,27,13,5,8,29,9.0
22024,1610612766,CHA,Charlotte Hornets,0022400904,2025-03-07,CHA vs. CLE,L,241,117,44,92,0.478,13,37,0.351,16,21,0.762,10,33,43,29,7,3,12,33,-1.0
22024,1610612742,DAL,Dallas Mavericks,0022400906,2025-03-07,DAL vs. MEM,L,240,111,37,96,0.385,15,41,0.366,22,24,0.917,11,34,45,24,7,7,12,13,-11.0
22024,1610612746,LAC,LA Clippers,0022400911,2025-03-07,LAC vs. NYK,W,239,105,37,88,0.42,15,38,0.395,16,19,0.842,9,38,47,23,7,8,12,17,10.0
22024,1610612757,POR,Portland Trail Blazers,0022400908,2025-03-07,POR @ OKC,L,239,89,33,95,0.347,8,43,0.186,15,18,0.833,14,39,53,15,6,4,17,16,-18.0
22024,1610612762,UTA,Utah Jazz,0022400905,2025-03-07,UTA @ TOR,L,239,109,39,84,0.464,8,31,0.258,23,39,0.59,19,37,56,21,5,10,24,18,-9.0
22024,1610612760,OKC,Oklahoma City Thunder,0022400908,2025-03-07,OKC vs. POR,W,241,107,39,84,0.464,14,38,0.368,15,17,0.882,4,39,43,25,12,8,11,13,18.0
22024,1610612759,SAS,San Antonio Spurs,0022400910,2025-03-07,SAS @ SAC,L,240,109,40,87,0.46,16,42,0.381,13,23,0.565,9,27,36,27,7,4,7,17,-18.0
22024,1610612750,MIN,Minnesota Timberwolves,0022400907,2025-03-07,MIN @ MIA,W,241,106,40,81,0.494,18,45,0.4,8,14,0.571,7,36,43,28,6,6,13,12,2.0
22024,1610612763,MEM,Memphis Grizzlies,0022400906,2025-03-07,MEM @ DAL,W,240,122,50,106,0.472,8,21,0.381,14,16,0.875,17,42,59,28,9,12,11,20,11.0
22024,1610612756,PHX,Phoenix Suns,0022400909,2025-03-07,PHX @ DEN,L,266,141,51,91,0.56,16,38,0.421,23,29,0.793,7,32,39,36,6,2,11,18,-8.0
22024,1610612752,NYK,New York Knicks,0022400911,2025-03-07,NYK @ LAC,L,241,95,35,91,0.385,9,34,0.265,16,18,0.889,14,39,53,25,6,4,15,15,-10.0
22024,1610612748,MIA,Miami Heat,0022400907,2025-03-07,MIA vs. MIN,L,238,104,41,89,0.461,14,34,0.412,8,11,0.727,7,34,41,29,7,2,9,16,-2.0
22024,1610612758,SAC,Sacramento Kings,0022400910,2025-03-07,SAC vs. SAS,W,241,127,49,96,0.51,17,38,0.447,12,19,0.632,16,35,51,31,6,4,8,16,18.0
22024,1610612739,CLE,Cleveland Cavaliers,0022400904,2025-03-07,CLE @ CHA,W,240,118,32,76,0.421,11,34,0.324,43,51,0.843,9,36,45,16,7,4,13,19,1.0
22024,1610612753,ORL,Orlando Magic,0022400944,2025-03-06,ORL vs. CHI,L,242,123,40,87,0.46,9,33,0.273,34,40,0.85,9,24,33,26,10,5,12,21,-2.0
22024,1610612738,BOS,Boston Celtics,0022400900,2025-03-06,BOS vs. PHI,W,240,123,46,91,0.505,19,48,0.396,12,13,0.923,16,30,46,32,8,6,10,16,18.0
22024,1610612741,CHI,Chicago Bulls,0022400944,2025-03-06,CHI @ ORL,W,240,125,43,86,0.5,15,40,0.375,24,30,0.8,13,35,48,25,5,7,18,31,2.0
22024,1610612751,BKN,Brooklyn Nets,0022400901,2025-03-06,BKN vs. GSW,L,241,119,44,87,0.506,15,33,0.455,16,18,0.889,8,24,32,30,7,5,11,24,-2.0
22024,1610612744,GSW,Golden State Warriors,0022400901,2025-03-06,GSW @ BKN,W,242,121,40,82,0.488,12,32,0.375,29,32,0.906,15,30,45,31,3,4,16,19,2.0
22024,1610612747,LAL,Los Angeles Lakers,0022400903,2025-03-06,LAL vs. NYK,W,265,113,38,89,0.427,14,42,0.333,23,28,0.821,12,37,49,25,7,4,16,28,4.0
22024,1610612745,HOU,Houston Rockets,0022400902,2025-03-06,HOU @ NOP,W,239,109,46,81,0.568,9,29,0.31,8,18,0.444,9,32,41,33,10,6,19,24,12.0
22024,1610612754,IND,Indiana Pacers,0022400899,2025-03-06,IND @ ATL,L,240,118,44,91,0.484,14,39,0.359,16,17,0.941,10,32,42,27,5,5,11,18,-6.0
22024,1610612740,NOP,New Orleans Pelicans,0022400902,2025-03-06,NOP vs. HOU,L,240,97,31,83,0.373,9,27,0.333,26,33,0.788,15,26,41,17,9,7,15,19,-12.0
22024,1610612737,ATL,Atlanta Hawks,0022400899,2025-03-06,ATL vs. IND,W,241,124,50,94,0.532,10,30,0.333,14,18,0.778,11,32,43,32,5,4,8,16,6.0
22024,1610612755,PHI,Philadelphia 76ers,0022400900,2025-03-06,PHI @ BOS,L,241,105,40,95,0.421,15,39,0.385,10,12,0.833,18,27,45,29,6,5,15,15,-18.0
22024,1610612752,NYK,New York Knicks,0022400903,2025-03-06,NYK @ LAL,L,264,109,37,94,0.394,10,43,0.233,25,32,0.781,14,32,46,20,10,2,13,21,-4.0
22024,1610612749,MIL,Milwaukee Bucks,0022400897,2025-03-05,MIL vs. DAL,W,241,137,52,89,0.584,16,35,0.457,17,19,0.895,8,47,55,29,6,4,17,9,30.0
22024,1610612746,LAC,LA Clippers,0022400898,2025-03-05,LAC vs. DET,W,239,123,44,80,0.55,13,24,0.542,22,26,0.846,6,27,33,18,8,6,9,16,8.0
22024,1610612739,CLE,Cleveland Cavaliers,0022400893,2025-03-05,CLE vs. MIA,W,240,112,41,87,0.471,14,40,0.35,16,22,0.727,10,37,47,26,7,4,13,19,5.0
22024,1610612760,OKC,Oklahoma City Thunder,0022400895,2025-03-05,OKC @ MEM,W,240,120,44,87,0.506,15,36,0.417,17,19,0.895,3,36,39,27,10,4,11,22,17.0
22024,1610612750,MIN,Minnesota Timberwolves,0022400892,2025-03-05,MIN @ CHA,W,242,125,44,90,0.489,21,49,0.429,16,22,0.727,10,33,43,27,9,3,5,17,15.0
22024,1610612758,SAC,Sacramento Kings,0022400896,2025-03-05,SAC @ DEN,L,241,110,44,96,0.458,11,27,0.407,11,14,0.786,14,31,45,22,8,6,12,20,-6.0
22024,1610612766,CHA,Charlotte Hornets,0022400892,2025-03-05,CHA vs. MIN,L,240,110,42,95,0.442,12,42,0.286,14,18,0.778,20,37,57,26,3,2,13,18,-15.0
22024,1610612742,DAL,Dallas Mavericks,0022400897,2025-03-05,DAL @ MIL,L,240,107,45,98,0.459,13,39,0.333,4,10,0.4,5,25,30,30,13,3,10,13,-30.0
22024,1610612764,WAS,Washington Wizards,0022400894,2025-03-05,WAS vs. UTA,W,239,125,42,95,0.442,17,47,0.362,24,29,0.828,10,35,45,32,9,12,9,18,3.0
22024,1610612748,MIA,Miami Heat,0022400893,2025-03-05,MIA @ CLE,L,239,107,36,83,0.434,13,36,0.361,22,25,0.88,9,33,42,29,7,2,13,19,-5.0
22024,1610612765,DET,Detroit Pistons,0022400898,2025-03-05,DET @ LAC,L,240,115,45,86,0.523,11,35,0.314,14,19,0.737,5,29,34,27,5,2,12,20,-8.0
22024,1610612757,POR,Portland Trail Blazers,0022400891,2025-03-05,POR @ BOS,L,240,118,45,90,0.5,16,40,0.4,12,17,0.706,8,31,39,19,4,3,8,16,-10.0
22024,1610612743,DEN,Denver Nuggets,0022400896,2025-03-05,DEN vs. SAC,W,239,116,40,87,0.46,12,35,0.343,24,30,0.8,11,35,46,28,5,8,13,14,6.0
22024,1610612763,MEM,Memphis Grizzlies,0022400895,2025-03-05,MEM vs. OKC,L,243,103,37,91,0.407,9,34,0.265,20,22,0.909,11,38,49,21,9,1,15,18,-17.0
22024,1610612762,UTA,Utah Jazz,0022400894,2025-03-05,UTA @ WAS,L,240,122,47,101,0.465,14,40,0.35,14,20,0.7,17,41,58,21,5,3,14,19,-3.0
22024,1610612738,BOS,Boston Celtics,0022400891,2025-03-05,BOS vs. POR,W,240,128,45,97,0.464,23,54,0.426,15,17,0.882,18,34,52,24,5,6,9,14,10.0
22024,1610612747,LAL,Los Angeles Lakers,0022400890,2025-03-04,LAL vs. NOP,W,241,136,48,90,0.533,19,52,0.365,21,27,0.778,17,34,51,32,7,5,14,12,21.0
22024,1610612737,ATL,Atlanta Hawks,0022400884,2025-03-04,ATL vs. MIL,L,240,121,46,101,0.455,16,41,0.39,13,17,0.765,11,36,47,33,10,6,11,21,-6.0
22024,1610612744,GSW,Golden State Warriors,0022400885,2025-03-04,GSW @ NYK,W,241,114,43,88,0.489,13,37,0.351,15,19,0.789,9,35,44,30,7,7,11,14,12.0
22024,1610612749,MIL,Milwaukee Bucks,0022400884,2025-03-04,MIL @ ATL,W,240,127,49,96,0.51,11,37,0.297,18,23,0.783,9,42,51,27,8,1,14,13,6.0
22024,1610612752,NYK,New York Knicks,0022400885,2025-03-04,NYK vs. GSW,L,240,102,41,92,0.446,8,33,0.242,12,15,0.8,14,28,42,26,4,2,13,17,-12.0
22024,1610612741,CHI,Chicago Bulls,0022400886,2025-03-04,CHI vs. CLE,L,239,117,47,106,0.443,11,44,0.25,12,17,0.706,10,40,50,32,6,6,7,21,-22.0
22024,1610612756,PHX,Phoenix Suns,0022400889,2025-03-04,PHX vs. LAC,W,241,119,41,80,0.513,14,34,0.412,23,27,0.852,7,30,37,31,5,3,11,20,2.0
22024,1610612761,TOR,Toronto Raptors,0022400883,2025-03-04,TOR @ ORL,W,240,114,38,80,0.475,12,30,0.4,26,35,0.743,13,35,48,28,7,8,20,25,1.0
22024,1610612739,CLE,Cleveland Cavaliers,0022400886,2025-03-04,CLE @ CHI,W,239,139,46,98,0.469,17,48,0.354,30,33,0.909,11,42,53,27,4,4,8,14,22.0
22024,1610612751,BKN,Brooklyn Nets,0022400888,2025-03-04,BKN @ SAS,L,240,113,39,86,0.453,17,50,0.34,18,21,0.857,11,29,40,29,8,2,13,16,-14.0
22024,1610612740,NOP,New Orleans Pelicans,0022400890,2025-03-04,NOP @ LAL,L,240,115,46,93,0.495,9,34,0.265,14,21,0.667,10,25,35,29,11,3,9,17,-21.0
22024,1610612759,SAS,San Antonio Spurs,0022400888,2025-03-04,SAS vs. BKN,W,240,127,52,95,0.547,18,39,0.462,5,10,0.5,13,33,46,37,9,4,13,15,14.0
22024,1610612746,LAC,LA Clippers,0022400889,2025-03-04,LAC @ PHX,L,241,117,43,83,0.518,8,30,0.267,23,27,0.852,7,30,37,29,8,3,6,22,-2.0
22024,1610612754,IND,Indiana Pacers,0022400882,2025-03-04,IND vs. HOU,W,240,115,44,86,0.512,17,42,0.405,10,10,1.0,5,30,35,34,9,6,11,19,13.0
22024,1610612745,HOU,Houston Rockets,0022400882,2025-03-04,HOU @ IND,L,243,102,40,98,0.408,9,30,0.3,13,26,0.5,24,34,58,22,6,0,14,14,-13.0
22024,1610612750,MIN,Minnesota Timberwolves,0022400887,2025-03-04,MIN vs. PHI,W,239,126,46,81,0.568,18,40,0.45,16,17,0.941,7,30,37,29,7,5,17,21,14.0
22024,1610612753,ORL,Orlando Magic,0022400883,2025-03-04,ORL vs. TOR,L,240,113,40,83,0.482,15,36,0.417,18,23,0.783,7,28,35,28,12,5,14,27,-1.0
22024,1610612755,PHI,Philadelphia 76ers,0022400887,2025-03-04,PHI @ MIN,L,241,112,42,86,0.488,9,32,0.281,19,27,0.704,12,24,36,22,10,2,13,16,-14.0
22024,1610612763,MEM,Memphis Grizzlies,0022400878,2025-03-03,MEM vs. ATL,L,241,130,47,93,0.505,13,33,0.394,23,25,0.92,17,26,43,36,7,3,19,16,-2.0
22024,1610612748,MIA,Miami Heat,0022400877,2025-03-03,MIA vs. WAS,W,239,106,39,82,0.476,13,37,0.351,15,18,0.833,5,43,48,31,10,4,11,19,16.0
22024,1610612760,OKC,Oklahoma City Thunder,0022400879,2025-03-03,OKC vs. HOU,W,240,137,48,97,0.495,17,37,0.459,24,27,0.889,14,35,49,31,11,6,13,18,9.0
22024,1610612737,ATL,Atlanta Hawks,0022400878,2025-03-03,ATL @ MEM,W,240,132,55,96,0.573,13,28,0.464,9,17,0.529,14,18,32,35,12,7,12,24,2.0
22024,1610612764,WAS,Washington Wizards,0022400877,2025-03-03,WAS @ MIA,L,238,90,31,84,0.369,10,35,0.286,18,22,0.818,7,36,43,22,8,0,13,17,-16.0
22024,1610612744,GSW,Golden State Warriors,0022400875,2025-03-03,GSW @ CHA,W,239,119,40,95,0.421,18,50,0.36,21,24,0.875,12,42,54,33,10,4,8,23,18.0
22024,1610612766,CHA,Charlotte Hornets,0022400875,2025-03-03,CHA vs. GSW,L,240,101,34,86,0.395,11,40,0.275,22,33,0.667,8,39,47,20,3,6,17,19,-18.0
22024,1610612762,UTA,Utah Jazz,0022400881,2025-03-03,UTA vs. DET,L,241,106,35,82,0.427,10,33,0.303,26,32,0.813,9,32,41,19,7,1,27,23,-28.0
22024,1610612758,SAC,Sacramento Kings,0022400880,2025-03-03,SAC @ DAL,W,239,122,47,90,0.522,16,34,0.471,12,12,1.0,9,28,37,34,4,4,7,16,24.0
22024,1610612757,POR,Portland Trail Blazers,0022400876,2025-03-03,POR @ PHI,W,239,119,48,99,0.485,11,35,0.314,12,19,0.632,22,39,61,26,6,6,10,13,17.0
22024,1610612755,PHI,Philadelphia 76ers,0022400876,2025-03-03,PHI vs. POR,L,239,102,41,95,0.432,11,35,0.314,9,13,0.692,14,29,43,27,6,3,8,15,-17.0
22024,1610612745,HOU,Houston Rockets,0022400879,2025-03-03,HOU @ OKC,L,240,128,49,101,0.485,16,35,0.457,14,17,0.824,15,34,49,20,8,7,16,21,-9.0
22024,1610612742,DAL,Dallas Mavericks,0022400880,2025-03-03,DAL vs. SAC,L,241,98,35,77,0.455,7,26,0.269,21,24,0.875,7,30,37,28,5,1,13,13,-24.0
22024,1610612765,DET,Detroit Pistons,0022400881,2025-03-03,DET @ UTA,W,241,134,51,92,0.554,11,41,0.268,21,28,0.75,8,31,39,32,16,8,13,23,28.0
22024,1610612760,OKC,Oklahoma City Thunder,0022400871,2025-03-02,OKC @ SAS,W,240,146,55,101,0.545,19,44,0.432,17,20,0.85,12,33,45,34,7,6,7,16,14.0
22024,1610612738,BOS,Boston Celtics,0022400866,2025-03-02,BOS vs. DEN,W,240,110,37,78,0.474,14,34,0.412,22,27,0.815,10,35,45,26,7,4,14,18,7.0
22024,1610612756,PHX,Phoenix Suns,0022400873,2025-03-02,PHX vs. MIN,L,242,98,35,80,0.438,13,42,0.31,15,19,0.789,10,47,57,24,2,7,20,16,-18.0
22024,1610612740,NOP,New Orleans Pelicans,0022400872,2025-03-02,NOP @ UTA,W,240,128,53,102,0.52,15,44,0.341,7,13,0.538,13,35,48,35,8,5,11,15,7.0
22024,1610612753,ORL,Orlando Magic,0022400870,2025-03-02,ORL vs. TOR,L,239,102,30,67,0.448,7,21,0.333,35,42,0.833,7,28,35,17,3,5,14,26,-2.0
22024,1610612752,NYK,New York Knicks,0022400869,2025-03-02,NYK @ MIA,W,263,116,46,95,0.484,14,44,0.318,10,15,0.667,11,35,46,27,5,6,10,16,4.0
22024,1610612743,DEN,Denver Nuggets,0022400866,2025-03-02,DEN @ BOS,L,241,103,41,86,0.477,12,35,0.343,9,13,0.692,8,30,38,27,11,2,11,18,-7.0
22024,1610612739,CLE,Cleveland Cavaliers,0022400867,2025-03-02,CLE vs. POR,W,265,133,42,97,0.433,19,46,0.413,30,35,0.857,13,34,47,27,12,5,13,27,4.0
22024,1610612750,MIN,Minnesota Timberwolves,0022400873,2025-03-02,MIN @ PHX,W,243,116,39,92,0.424,21,52,0.404,17,21,0.81,5,30,35,28,18,2,8,17,18.0
22024,1610612746,LAC,LA Clippers,0022400874,2025-03-02,LAC @ LAL,L,239,102,38,88,0.432,12,39,0.308,14,17,0.824,10,30,40,24,9,1,12,22,-6.0
22024,1610612741,CHI,Chicago Bulls,0022400868,2025-03-02,CHI @ IND,L,240,112,44,88,0.5,10,33,0.303,14,18,0.778,12,30,42,24,6,4,12,17,-15.0
22024,1610612759,SAS,San Antonio Spurs,0022400871,2025-03-02,SAS vs. OKC,L,239,132,51,91,0.56,18,43,0.419,12,16,0.75,6,29,35,36,2,3,12,17,-14.0
22024,1610612747,LAL,Los Angeles Lakers,0022400874,2025-03-02,LAL vs. LAC,W,240,108,38,77,0.494,18,42,0.429,14,20,0.7,11,30,41,21,8,6,16,16,6.0
22024,1610612748,MIA,Miami Heat,0022400869,2025-03-02,MIA vs. NYK,L,265,112,45,84,0.536,11,35,0.314,11,16,0.688,3,31,34,29,5,6,12,16,-4.0
22024,1610612761,TOR,Toronto Raptors,0022400870,2025-03-02,TOR @ ORL,W,239,104,37,80,0.463,7,22,0.318,23,30,0.767,12,28,40,22,8,4,14,33,2.0
22024,1610612762,UTA,Utah Jazz,0022400872,2025-03-02,UTA vs. NOP,L,240,121,46,96,0.479,16,44,0.364,13,17,0.765,9,32,41,35,4,4,11,14,-7.0
22024,1610612757,POR,Portland Trail Blazers,0022400867,2025-03-02,POR @ CLE,L,265,129,42,96,0.438,14,40,0.35,31,35,0.886,13,33,46,25,8,1,19,26,-4.0
22024,1610612754,IND,Indiana Pacers,0022400868,2025-03-02,IND vs. CHI,W,240,127,48,87,0.552,19,44,0.432,12,18,0.667,5,31,36,34,7,4,10,16,15.0
22024,1610612766,CHA,Charlotte Hornets,0022400860,2025-03-01,CHA vs. WAS,L,239,100,41,93,0.441,14,42,0.333,4,6,0.667,11,33,44,28,9,5,17,14,-13.0
22024,1610612759,SAS,San Antonio Spurs,0022400863,2025-03-01,SAS @ MEM,W,239,130,50,96,0.521,14,36,0.389,16,22,0.727,13,29,42,33,8,4,11,18,2.0
22024,1610612755,PHI,Philadelphia 76ers,0022400864,2025-03-01,PHI vs. GSW,W,242,126,45,85,0.529,19,33,0.576,17,28,0.607,10,30,40,27,8,3,14,19,7.0
22024,1610612751,BKN,Brooklyn Nets,0022400861,2025-03-01,BKN @ DET,L,241,94,29,95,0.305,6,39,0.154,30,35,0.857,14,24,38,19,12,8,12,24,-21.0
22024,1610612745,HOU,Houston Rockets,0022400862,2025-03-01,HOU vs. SAC,L,240,103,37,86,0.43,13,35,0.371,16,23,0.696,13,30,43,18,7,2,15,16,-10.0
22024,1610612765,DET,Detroit Pistons,0022400861,2025-03-01,DET vs. BKN,W,240,115,39,72,0.542,12,28,0.429,25,29,0.862,6,41,47,31,5,15,23,29,21.0
22024,1610612744,GSW,Golden State Warriors,0022400864,2025-03-01,GSW @ PHI,L,239,119,46,100,0.46,12,42,0.286,15,19,0.789,18,31,49,33,7,4,15,19,-7.0
22024,1610612742,DAL,Dallas Mavericks,0022400865,2025-03-01,DAL vs. MIL,L,240,117,43,91,0.473,11,40,0.275,20,25,0.8,8,25,33,25,7,1,11,23,-15.0
22024,1610612763,MEM,Memphis Grizzlies,0022400863,2025-03-01,MEM vs. SAS,L,240,128,50,95,0.526,11,38,0.289,17,20,0.85,12,29,41,31,7,8,12,16,-2.0
22024,1610612749,MIL,Milwaukee Bucks,0022400865,2025-03-01,MIL @ DAL,W,240,132,44,87,0.506,13,39,0.333,31,35,0.886,14,38,52,33,6,6,13,19,15.0
22024,1610612764,WAS,Washington Wizards,0022400860,2025-03-01,WAS @ CHA,W,241,113,40,88,0.455,17,50,0.34,16,17,0.941,12,36,48,33,13,7,15,10,13.0
22024,1610612758,SAC,Sacramento Kings,0022400862,2025-03-01,SAC @ HOU,W,239,113,44,87,0.506,9,28,0.321,16,21,0.762,13,33,46,21,13,5,13,17,10.0
22024,1610612748,MIA,Miami Heat,0022400854,2025-02-28,MIA vs. IND,W,240,125,48,84,0.571,17,32,0.531,12,13,0.923,12,27,39,34,7,4,14,11,5.0
22024,1610612760,OKC,Oklahoma City Thunder,0022400851,2025-02-28,OKC @ ATL,W,239,135,51,101,0.505,23,50,0.46,10,12,0.833,9,34,43,37,10,1,11,18,16.0
22024,1610612762,UTA,Utah Jazz,0022400858,2025-02-28,UTA vs. MIN,W,241,117,47,92,0.511,14,35,0.4,9,14,0.643,15,45,60,35,3,4,20,13,1.0
22024,1610612743,DEN,Denver Nuggets,0022400850,2025-02-28,DEN @ DET,W,241,134,47,84,0.56,17,31,0.548,23,31,0.742,10,40,50,28,5,8,19,18,15.0
22024,1610612737,ATL,Atlanta Hawks,0022400851,2025-02-28,ATL vs. OKC,L,240,119,43,88,0.489,15,36,0.417,18,23,0.783,10,36,46,27,8,5,19,14,-16.0
22024,1610612739,CLE,Cleveland Cavaliers,0022400852,2025-02-28,CLE @ BOS,W,241,123,45,94,0.479,17,39,0.436,16,19,0.842,14,30,44,23,4,3,7,14,7.0
22024,1610612747,LAL,Los Angeles Lakers,0022400859,2025-02-28,LAL vs. LAC,W,240,106,39,80,0.488,11,33,0.333,17,22,0.773,10,29,39,19,14,5,15,14,4.0
22024,1610612754,IND,Indiana Pacers,0022400854,2025-02-28,IND @ MIA,L,239,120,47,88,0.534,21,39,0.538,5,8,0.625,9,21,30,35,10,3,10,11,-5.0
22024,1610612751,BKN,Brooklyn Nets,0022400853,2025-02-28,BKN vs. POR,L,238,102,36,87,0.414,7,29,0.241,23,27,0.852,21,24,45,20,13,2,21,23,-19.0
22024,1610612752,NYK,New York Knicks,0022400856,2025-02-28,NYK @ MEM,W,239,114,44,95,0.463,13,38,0.342,13,16,0.813,8,27,35,29,10,7,8,16,1.0
22024,1610612741,CHI,Chicago Bulls,0022400855,2025-02-28,CHI vs. TOR,W,264,125,45,101,0.446,13,49,0.265,22,25,0.88,10,35,45,32,11,4,11,16,10.0
22024,1610612738,BOS,Boston Celtics,0022400852,2025-02-28,BOS vs. CLE,L,240,116,43,89,0.483,17,39,0.436,13,17,0.765,14,26,40,20,5,5,11,19,-7.0
22024,1610612765,DET,Detroit Pistons,0022400850,2025-02-28,DET vs. DEN,L,240,119,45,99,0.455,12,37,0.324,17,23,0.739,14,28,42,32,15,3,10,22,-15.0
22024,1610612756,PHX,Phoenix Suns,0022400857,2025-02-28,PHX vs. NOP,W,241,125,47,79,0.595,21,40,0.525,10,13,0.769,5,30,35,35,6,3,15,18,17.0
22024,1610612763,MEM,Memphis Grizzlies,0022400856,2025-02-28,MEM vs. NYK,L,240,113,44,94,0.468,4,31,0.129,21,22,0.955,19,39,58,26,2,4,18,17,-1.0
22024,1610612746,LAC,LA Clippers,0022400859,2025-02-28,LAC @ LAL,L,240,102,39,87,0.448,9,37,0.243,15,21,0.714,15,29,44,25,11,1,17,19,-4.0
22024,1610612761,TOR,Toronto Raptors,0022400855,2025-02-28,TOR @ CHI,L,263,115,43,103,0.417,13,37,0.351,16,20,0.8,16,35,51,30,4,3,14,21,-10.0
22024,1610612750,MIN,Minnesota Timberwolves,0022400858,2025-02-28,MIN @ UTA,L,241,116,44,101,0.436,20,52,0.385,8,14,0.571,11,29,40,35,17,4,7,13,-1.0
22024,1610612740,NOP,New Orleans Pelicans,0022400857,2025-02-28,NOP @ PHX,L,241,108,44,87,0.506,11,28,0.393,9,15,0.6,13,22,35,28,10,3,14,13,-17.0
22024,1610612757,POR,Portland Trail Blazers,0022400853,2025-02-28,POR @ BKN,W,241,121,45,78,0.577,15,36,0.417,16,27,0.593,9,27,36,31,11,4,20,20,19.0
22024,1610612749,MIL,Milwaukee Bucks,0022400846,2025-02-27,MIL vs. DEN,W,240,121,42,90,0.467,14,34,0.412,23,28,0.821,7,41,48,25,8,4,11,11,9.0
22024,1610612766,CHA,Charlotte Hornets,0022400847,2025-02-27,CHA @ DAL,L,241,96,40,98,0.408,7,27,0.259,9,13,0.692,14,42,56,25,3,2,15,16,-7.0
22024,1610612742,DAL,Dallas Mavericks,0022400847,2025-02-27,DAL vs. CHA,W,240,103,40,97,0.412,11,36,0.306,12,16,0.75,10,38,48,23,12,7,7,11,7.0
22024,1610612750,MIN,Minnesota Timberwolves,0022400849,2025-02-27,MIN @ LAL,L,241,102,35,84,0.417,12,41,0.293,20,26,0.769,10,31,41,25,9,3,10,29,-9.0
22024,1610612756,PHX,Phoenix Suns,0022400848,2025-02-27,PHX vs. NOP,L,242,116,44,94,0.468,20,53,0.377,8,10,0.8,14,38,52,29,4,6,10,15,-8.0
22024,1610612740,NOP,New Orleans Pelicans,0022400848,2025-02-27,NOP @ PHX,W,240,124,50,104,0.481,17,47,0.362,7,12,0.583,16,34,50,25,3,6,6,12,8.0
22024,1610612743,DEN,Denver Nuggets,0022400846,2025-02-27,DEN @ MIL,L,241,112,47,105,0.448,9,34,0.265,9,11,0.818,14,41,55,28,8,2,13,17,-9.0
22024,1610612753,ORL,Orlando Magic,0022400845,2025-02-27,ORL vs. GSW,L,240,115,45,89,0.506,11,28,0.393,14,18,0.778,15,31,46,23,9,4,18,25,-6.0
22024,1610612747,LAL,Los Angeles Lakers,0022400849,2025-02-27,LAL vs. MIN,W,240,111,34,82,0.415,11,41,0.268,32,46,0.696,16,36,52,21,7,2,12,18,9.0
22024,1610612744,GSW,Golden State Warriors,0022400845,2025-02-27,GSW @ ORL,W,240,121,36,79,0.456,19,45,0.422,30,34,0.882,11,27,38,26,8,7,12,18,6.0
22024,1610612752,NYK,New York Knicks,0022400838,2025-02-26,NYK vs. PHI,W,239,110,40,77,0.519,7,19,0.368,23,29,0.793,7,36,43,22,6,8,16,15,5.0
22024,1610612758,SAC,Sacramento Kings,0022400843,2025-02-26,SAC @ UTA,W,240,118,46,87,0.529,15,36,0.417,11,12,0.917,7,40,47,28,6,7,12,13,17.0
22024,1610612748,MIA,Miami Heat,0022400841,2025-02-26,MIA vs. ATL,W,240,131,45,76,0.592,23,42,0.548,18,22,0.818,8,27,35,39,10,2,14,13,22.0
22024,1610612741,CHI,Chicago Bulls,0022400842,2025-02-26,CHI vs. LAC,L,240,117,46,94,0.489,19,42,0.452,6,11,0.545,15,26,41,35,9,1,16,12,-5.0
22024,1610612764,WAS,Washington Wizards,0022400839,2025-02-26,WAS vs. POR,L,239,121,43,83,0.518,12,36,0.333,23,33,0.697,7,34,41,25,9,8,19,26,-8.0
22024,1610612751,BKN,Brooklyn Nets,0022400840,2025-02-26,BKN vs. OKC,L,240,121,38,93,0.409,23,61,0.377,22,25,0.88,18,28,46,31,7,5,14,25,-8.0
22024,1610612762,UTA,Utah Jazz,0022400843,2025-02-26,UTA vs. SAC,L,240,101,38,84,0.452,16,44,0.364,9,17,0.529,7,27,34,32,9,2,9,13,-17.0
22024,1610612761,TOR,Toronto Raptors,0022400837,2025-02-26,TOR @ IND,L,241,91,37,87,0.425,6,27,0.222,11,16,0.688,11,29,40,23,8,2,18,15,-20.0
22024,1610612746,LAC,LA Clippers,0022400842,2025-02-26,LAC @ CHI,W,240,122,44,85,0.518,19,37,0.514,15,17,0.882,11,33,44,33,9,10,15,16,5.0
22024,1610612760,OKC,Oklahoma City Thunder,0022400840,2025-02-26,OKC @ BKN,W,241,129,48,90,0.533,9,30,0.3,24,29,0.828,11,34,45,27,10,4,11,21,8.0
22024,1610612737,ATL,Atlanta Hawks,0022400841,2025-02-26,ATL @ MIA,L,240,109,41,81,0.506,12,32,0.375,15,19,0.789,9,24,33,29,6,3,15,15,-22.0
22024,1610612757,POR,Portland Trail Blazers,0022400839,2025-02-26,POR @ WAS,W,242,129,45,101,0.446,12,37,0.324,27,35,0.771,17,29,46,27,11,4,15,28,8.0
22024,1610612765,DET,Detroit Pistons,0022400836,2025-02-26,DET vs. BOS,W,243,117,47,89,0.528,13,33,0.394,10,17,0.588,14,37,51,29,13,5,12,16,20.0
22024,1610612755,PHI,Philadelphia 76ers,0022400838,2025-02-26,PHI @ NYK,L,240,105,39,88,0.443,11,34,0.324,16,20,0.8,9,26,35,21,13,6,13,19,-5.0
22024,1610612759,SAS,San Antonio Spurs,0022400844,2025-02-26,SAS @ HOU,L,240,106,42,100,0.42,7,39,0.179,15,21,0.714,12,29,41,28,10,5,8,14,-12.0
22024,1610612738,BOS,Boston Celtics,0022400836,2025-02-26,BOS @ DET,L,240,97,33,80,0.413,21,49,0.429,10,15,0.667,7,25,32,21,9,1,17,15,-20.0
22024,1610612745,HOU,Houston Rockets,0022400844,2025-02-26,HOU vs. SAS,W,241,118,48,102,0.471,11,38,0.289,11,14,0.786,20,40,60,22,4,5,14,14,12.0
22024,1610612754,IND,Indiana Pacers,0022400837,2025-02-26,IND vs. TOR,W,242,111,43,81,0.531,15,37,0.405,10,16,0.625,4,37,41,28,10,7,19,18,20.0
22024,1610612747,LAL,Los Angeles Lakers,0022400835,2025-02-25,LAL vs. DAL,W,239,107,39,87,0.448,11,40,0.275,18,24,0.75,13,44,57,24,7,8,14,13,8.0
22024,1610612749,MIL,Milwaukee Bucks,0022400831,2025-02-25,MIL @ HOU,L,240,97,34,85,0.4,12,37,0.324,17,23,0.739,4,33,37,19,11,5,13,13,-3.0
22024,1610612744,GSW,Golden State Warriors,0022400834,2025-02-25,GSW vs. CHA,W,241,128,49,100,0.49,15,42,0.357,15,18,0.833,16,35,51,40,16,5,11,20,36.0
22024,1610612742,DAL,Dallas Mavericks,0022400835,2025-02-25,DAL @ LAL,L,240,99,35,98,0.357,17,44,0.386,12,13,0.923,14,31,45,23,7,11,12,14,-8.0
22024,1610612740,NOP,New Orleans Pelicans,0022400833,2025-02-25,NOP vs. SAS,W,240,109,41,94,0.436,7,31,0.226,20,25,0.8,20,34,54,25,11,6,19,17,6.0
22024,1610612753,ORL,Orlando Magic,0022400830,2025-02-25,ORL vs. CLE,L,240,82,33,90,0.367,5,28,0.179,11,14,0.786,12,23,35,21,7,8,10,14,-40.0
22024,1610612745,HOU,Houston Rockets,0022400831,2025-02-25,HOU vs. MIL,W,240,100,37,91,0.407,12,35,0.343,14,18,0.778,16,37,53,18,6,9,15,17,3.0
22024,1610612759,SAS,San Antonio Spurs,0022400833,2025-02-25,SAS @ NOP,L,240,103,38,93,0.409,13,44,0.295,14,18,0.778,13,32,45,29,14,4,20,19,-6.0
22024,1610612756,PHX,Phoenix Suns,0022400832,2025-02-25,PHX @ MEM,L,266,148,53,99,0.535,21,37,0.568,21,26,0.808,8,38,46,39,6,6,16,25,-3.0
22024,1610612738,BOS,Boston Celtics,0022400829,2025-02-25,BOS @ TOR,W,241,111,44,93,0.473,15,51,0.294,8,8,1.0,12,27,39,24,9,4,14,16,10.0
22024,1610612739,CLE,Cleveland Cavaliers,0022400830,2025-02-25,CLE @ ORL,W,240,122,45,80,0.563,19,32,0.594,13,16,0.813,9,38,47,25,5,5,11,13,40.0
22024,1610612766,CHA,Charlotte Hornets,0022400834,2025-02-25,CHA @ GSW,L,242,92,33,89,0.371,11,40,0.275,15,18,0.833,18,32,50,18,7,8,24,15,-36.0
22024,1610612763,MEM,Memphis Grizzlies,0022400832,2025-02-25,MEM vs. PHX,W,265,151,52,99,0.525,20,48,0.417,27,30,0.9,7,31,38,36,10,4,12,22,3.0
22024,1610612761,TOR,Toronto Raptors,0022400829,2025-02-25,TOR vs. BOS,L,240,101,42,83,0.506,5,33,0.152,12,16,0.75,10,30,40,27,10,1,16,14,-10.0
22024,1610612755,PHI,Philadelphia 76ers,0022400823,2025-02-24,PHI vs. CHI,L,241,110,37,95,0.389,10,40,0.25,26,29,0.897,15,32,47,19,11,5,16,23,-32.0
22024,1610612751,BKN,Brooklyn Nets,0022400824,2025-02-24,BKN @ WAS,L,240,99,33,84,0.393,14,36,0.389,19,24,0.792,16,23,39,25,16,4,15,28,-8.0
22024,1610612737,ATL,Atlanta Hawks,0022400825,2025-02-24,ATL vs. MIA,W,240,98,40,88,0.455,9,35,0.257,9,12,0.75,13,37,50,29,13,2,16,22,12.0
22024,1610612746,LAC,LA Clippers,0022400821,2025-02-24,LAC @ DET,L,239,97,37,92,0.402,11,41,0.268,12,19,0.632,15,33,48,24,12,3,17,24,-9.0
22024,1610612765,DET,Detroit Pistons,0022400821,2025-02-24,DET vs. LAC,W,241,106,36,79,0.456,9,29,0.31,25,36,0.694,8,38,46,22,11,7,15,18,9.0
22024,1610612758,SAC,Sacramento Kings,0022400828,2025-02-24,SAC vs. CHA,W,240,130,47,87,0.54,20,38,0.526,16,18,0.889,11,38,49,30,12,4,18,18,42.0
22024,1610612760,OKC,Oklahoma City Thunder,0022400826,2025-02-24,OKC vs. MIN,L,264,128,45,106,0.425,15,49,0.306,23,29,0.793,16,37,53,27,10,8,11,30,-3.0
22024,1610612743,DEN,Denver Nuggets,0022400822,2025-02-24,DEN @ IND,W,240,125,53,94,0.564,8,21,0.381,11,14,0.786,14,32,46,39,8,4,19,21,9.0
22024,1610612766,CHA,Charlotte Hornets,0022400828,2025-02-24,CHA @ SAC,L,240,88,30,85,0.353,10,40,0.25,18,24,0.75,15,22,37,24,14,4,19,16,-42.0
22024,1610612764,WAS,Washington Wizards,0022400824,2025-02-24,WAS vs. BKN,W,239,107,35,70,0.5,13,31,0.419,24,25,0.96,7,30,37,26,7,8,24,26,8.0
22024,1610612741,CHI,Chicago Bulls,0022400823,2025-02-24,CHI @ PHI,W,240,142,45,89,0.506,18,40,0.45,34,36,0.944,10,34,44,32,11,6,13,19,32.0
22024,1610612750,MIN,Minnesota Timberwolves,0022400826,2025-02-24,MIN @ OKC,W,266,131,44,97,0.454,9,32,0.281,34,39,0.872,11,43,54,29,6,5,13,23,3.0
22024,1610612757,POR,Portland Trail Blazers,0022400827,2025-02-24,POR @ UTA,W,241,114,41,98,0.418,14,44,0.318,18,24,0.75,16,35,51,26,7,6,13,16,2.0
22024,1610612762,UTA,Utah Jazz,0022400827,2025-02-24,UTA vs. POR,L,240,112,39,98,0.398,18,44,0.409,16,19,0.842,11,34,45,24,7,2,15,18,-2.0
22024,1610612748,MIA,Miami Heat,0022400825,2025-02-24,MIA @ ATL,L,239,86,27,84,0.321,7,40,0.175,25,27,0.926,14,31,45,15,8,4,17,9,-12.0
22024,1610612754,IND,Indiana Pacers,0022400822,2025-02-24,IND vs. DEN,L,239,116,40,85,0.471,14,43,0.326,22,27,0.815,8,24,32,29,11,3,17,14,-9.0
22024,1610612749,MIL,Milwaukee Bucks,0022400817,2025-02-23,MIL vs. MIA,W,241,120,44,86,0.512,14,39,0.359,18,22,0.818,8,32,40,25,4,3,9,23,7.0
22024,1610612739,CLE,Cleveland Cavaliers,0022400819,2025-02-23,CLE vs. MEM,W,240,129,46,99,0.465,13,47,0.277,24,35,0.686,22,35,57,25,5,5,14,25,6.0
22024,1610612759,SAS,San Antonio Spurs,0022400818,2025-02-23,SAS @ NOP,L,241,96,32,97,0.33,15,51,0.294,17,25,0.68,13,33,46,29,11,7,10,19,-18.0
22024,1610612756,PHX,Phoenix Suns,0022400816,2025-02-23,PHX @ TOR,L,239,109,43,85,0.506,7,28,0.25,16,22,0.727,4,33,37,22,9,7,11,19,-18.0
22024,1610612744,GSW,Golden State Warriors,0022400812,2025-02-23,GSW vs. DAL,W,240,126,47,98,0.48,12,40,0.3,20,23,0.87,17,37,54,30,10,6,10,17,24.0
22024,1610612748,MIA,Miami Heat,0022400817,2025-02-23,MIA @ MIL,L,241,113,41,88,0.466,9,31,0.29,22,26,0.846,10,36,46,25,3,3,9,22,-7.0
22024,1610612750,MIN,Minnesota Timberwolves,0022400820,2025-02-23,MIN vs. OKC,L,241,123,39,89,0.438,18,45,0.4,27,28,0.964,15,29,44,23,6,5,13,22,-7.0
22024,1610612746,LAC,LA Clippers,0022400813,2025-02-23,LAC @ IND,L,240,111,38,85,0.447,10,40,0.25,25,33,0.758,6,26,32,23,9,3,10,18,-18.0
22024,1610612753,ORL,Orlando Magic,0022400815,2025-02-23,ORL vs. WAS,W,241,110,40,90,0.444,11,32,0.344,19,22,0.864,14,33,47,25,9,5,13,23,20.0
22024,1610612761,TOR,Toronto Raptors,0022400816,2025-02-23,TOR vs. PHX,W,240,127,43,88,0.489,20,35,0.571,21,30,0.7,14,35,49,30,6,1,14,23,18.0
22024,1610612754,IND,Indiana Pacers,0022400813,2025-02-23,IND vs. LAC,W,241,129,46,84,0.548,12,36,0.333,25,27,0.926,8,38,46,31,7,5,12,24,18.0
22024,1610612752,NYK,New York Knicks,0022400811,2025-02-23,NYK @ BOS,L,239,105,40,92,0.435,14,36,0.389,11,11,1.0,7,33,40,21,4,1,11,15,-13.0
22024,1610612737,ATL,Atlanta Hawks,0022400814,2025-02-23,ATL vs. DET,L,240,143,48,96,0.5,21,45,0.467,26,36,0.722,10,30,40,30,8,6,13,21,-5.0
22024,1610612738,BOS,Boston Celtics,0022400811,2025-02-23,BOS vs. NYK,W,242,118,45,91,0.495,17,44,0.386,11,11,1.0,12,37,49,27,8,5,10,14,13.0
22024,1610612765,DET,Detroit Pistons,0022400814,2025-02-23,DET @ ATL,W,240,148,55,93,0.591,20,40,0.5,18,25,0.72,5,32,37,39,9,5,17,23,5.0
22024,1610612742,DAL,Dallas Mavericks,0022400812,2025-02-23,DAL @ GSW,L,240,102,38,82,0.463,13,32,0.406,13,19,0.684,7,34,41,24,7,4,18,22,-24.0
22024,1610612760,OKC,Oklahoma City Thunder,0022400820,2025-02-23,OKC @ MIN,W,239,130,48,86,0.558,19,35,0.543,15,20,0.75,7,30,37,32,9,8,13,22,7.0
22024,1610612764,WAS,Washington Wizards,0022400815,2025-02-23,WAS @ ORL,L,240,90,32,78,0.41,10,38,0.263,16,22,0.727,4,32,36,22,5,4,20,23,-20.0
22024,1610612740,NOP,New Orleans Pelicans,0022400818,2025-02-23,NOP vs. SAS,W,242,114,42,94,0.447,11,33,0.333,19,26,0.731,17,52,69,27,3,3,16,19,18.0
22024,1610612763,MEM,Memphis Grizzlies,0022400819,2025-02-23,MEM @ CLE,L,241,123,42,92,0.457,15,39,0.385,24,31,0.774,12,25,37,28,8,5,13,26,-6.0
22024,1610612762,UTA,Utah Jazz,0022400809,2025-02-22,UTA vs. HOU,W,240,124,49,98,0.5,13,40,0.325,13,27,0.481,16,42,58,28,4,3,8,18,9.0
22024,1610612743,DEN,Denver Nuggets,0022400808,2025-02-22,DEN vs. LAL,L,238,100,34,85,0.4,16,41,0.39,16,21,0.762,12,33,45,28,6,1,20,18,-23.0
22024,1610612755,PHI,Philadelphia 76ers,0022400807,2025-02-22,PHI vs. BKN,L,241,103,36,85,0.424,10,39,0.256,21,24,0.875,15,28,43,21,8,5,13,15,-2.0
22024,1610612757,POR,Portland Trail Blazers,0022400810,2025-02-22,POR vs. CHA,W,240,141,51,87,0.586,20,43,0.465,19,27,0.704,11,46,57,37,11,7,18,22,53.0
22024,1610612745,HOU,Houston Rockets,0022400809,2025-02-22,HOU @ UTA,L,241,115,44,100,0.44,17,43,0.395,10,18,0.556,8,33,41,33,3,2,7,17,-9.0
22024,1610612741,CHI,Chicago Bulls,0022400806,2025-02-22,CHI vs. PHX,L,239,117,41,98,0.418,18,53,0.34,17,17,1.0,11,34,45,29,9,4,9,21,-4.0
22024,1610612756,PHX,Phoenix Suns,0022400806,2025-02-22,PHX @ CHI,W,240,121,43,89,0.483,10,30,0.333,25,28,0.893,8,41,49,29,7,3,11,11,4.0
22024,1610612751,BKN,Brooklyn Nets,0022400807,2025-02-22,BKN @ PHI,W,241,105,41,81,0.506,7,28,0.25,16,19,0.842,9,30,39,27,10,8,16,19,2.0
22024,1610612766,CHA,Charlotte Hornets,0022400810,2025-02-22,CHA @ POR,L,239,88,34,98,0.347,5,32,0.156,15,21,0.714,12,25,37,19,12,7,15,21,-53.0
22024,1610612747,LAL,Los Angeles Lakers,0022400808,2025-02-22,LAL @ DEN,W,239,123,43,86,0.5,16,41,0.39,21,25,0.84,9,30,39,27,15,9,8,20,23.0
22024,1610612762,UTA,Utah Jazz,0022400804,2025-02-21,UTA vs. OKC,L,241,107,41,90,0.456,15,41,0.366,10,18,0.556,14,29,43,27,7,2,19,15,-23.0
22024,1610612745,HOU,Houston Rockets,0022400801,2025-02-21,HOU vs. MIN,W,240,121,42,84,0.5,13,26,0.5,24,32,0.75,9,39,48,18,5,6,20,25,6.0
22024,1610612764,WAS,Washington Wizards,0022400799,2025-02-21,WAS vs. MIL,L,240,101,35,87,0.402,12,39,0.308,19,27,0.704,8,34,42,25,9,4,14,21,-3.0
22024,1610612763,MEM,Memphis Grizzlies,0022400798,2025-02-21,MEM @ ORL,W,239,105,38,92,0.413,7,33,0.212,22,29,0.759,15,38,53,22,7,7,14,26,1.0
22024,1610612760,OKC,Oklahoma City Thunder,0022400804,2025-02-21,OKC @ UTA,W,241,130,46,97,0.474,19,43,0.442,19,20,0.95,17,34,51,38,10,10,12,20,23.0
22024,1610612740,NOP,New Orleans Pelicans,0022400803,2025-02-21,NOP @ DAL,L,239,103,38,92,0.413,8,27,0.296,19,25,0.76,14,39,53,25,8,6,14,23,-8.0
22024,1610612750,MIN,Minnesota Timberwolves,0022400801,2025-02-21,MIN @ HOU,L,240,115,41,92,0.446,11,38,0.289,22,26,0.846,7,28,35,22,10,6,9,22,-6.0
22024,1610612744,GSW,Golden State Warriors,0022400805,2025-02-21,GSW @ SAC,W,241,132,50,93,0.538,20,43,0.465,12,12,1.0,11,24,35,40,13,3,12,19,24.0
22024,1610612753,ORL,Orlando Magic,0022400798,2025-02-21,ORL vs. MEM,L,240,104,36,88,0.409,9,31,0.29,23,33,0.697,13,37,50,23,7,9,12,21,-1.0
22024,1610612761,TOR,Toronto Raptors,0022400800,2025-02-21,TOR vs. MIA,L,265,111,38,91,0.418,17,43,0.395,18,23,0.783,14,32,46,25,8,2,13,19,-9.0
22024,1610612759,SAS,San Antonio Spurs,0022400802,2025-02-21,SAS vs. DET,L,238,110,43,84,0.512,10,29,0.345,14,22,0.636,8,24,32,27,12,5,15,20,-15.0
22024,1610612758,SAC,Sacramento Kings,0022400805,2025-02-21,SAC vs. GSW,L,242,108,40,79,0.506,11,32,0.344,17,18,0.944,11,28,39,26,8,3,21,16,-24.0
22024,1610612748,MIA,Miami Heat,0022400800,2025-02-21,MIA @ TOR,W,265,120,46,90,0.511,13,36,0.361,15,18,0.833,8,36,44,20,8,3,12,22,9.0
22024,1610612739,CLE,Cleveland Cavaliers,0022400797,2025-02-21,CLE vs. NYK,W,238,142,56,92,0.609,19,37,0.514,11,15,0.733,11,36,47,38,12,2,15,15,37.0
22024,1610612765,DET,Detroit Pistons,0022400802,2025-02-21,DET @ SAS,W,240,125,47,94,0.5,12,35,0.343,19,22,0.864,20,33,53,31,8,5,16,17,15.0
22024,1610612749,MIL,Milwaukee Bucks,0022400799,2025-02-21,MIL @ WAS,W,239,104,39,82,0.476,9,32,0.281,17,26,0.654,8,36,44,24,11,6,16,24,3.0
22024,1610612752,NYK,New York Knicks,0022400797,2025-02-21,NYK @ CLE,L,241,105,42,89,0.472,10,28,0.357,11,18,0.611,9,23,32,25,8,3,16,12,-37.0
22024,1610612742,DAL,Dallas Mavericks,0022400803,2025-02-21,DAL vs. NOP,W,240,111,37,86,0.43,16,44,0.364,21,27,0.778,8,39,47,28,8,4,13,18,8.0
22024,1610612743,DEN,Denver Nuggets,0022400794,2025-02-20,DEN vs. CHA,W,241,129,49,98,0.5,19,43,0.442,12,16,0.75,16,39,55,29,3,3,13,14,14.0
22024,1610612749,MIL,Milwaukee Bucks,0022400793,2025-02-20,MIL vs. LAC,W,240,116,38,80,0.475,17,43,0.395,23,27,0.852,8,33,41,22,5,5,17,18,6.0
22024,1610612738,BOS,Boston Celtics,0022400789,2025-02-20,BOS @ PHI,W,240,124,43,89,0.483,24,54,0.444,14,15,0.933,11,38,49,33,3,6,10,16,20.0
22024,1610612737,ATL,Atlanta Hawks,0022400790,2025-02-20,ATL vs. ORL,L,241,108,39,100,0.39,11,35,0.314,19,28,0.679,16,35,51,20,7,4,9,25,-6.0
22024,1610612751,BKN,Brooklyn Nets,0022400791,2025-02-20,BKN vs. CLE,L,240,97,38,95,0.4,10,38,0.263,11,19,0.579,14,31,45,25,7,10,15,23,-13.0
22024,1610612741,CHI,Chicago Bulls,0022400792,2025-02-20,CHI @ NYK,L,265,111,41,103,0.398,19,48,0.396,10,12,0.833,11,42,53,24,6,6,15,12,-2.0
22024,1610612766,CHA,Charlotte Hornets,0022400794,2025-02-20,CHA @ DEN,L,240,115,43,99,0.434,15,37,0.405,14,17,0.824,14,31,45,28,10,2,10,21,-14.0
22024,1610612759,SAS,San Antonio Spurs,0022400795,2025-02-20,SAS vs. PHX,W,240,120,44,93,0.473,15,41,0.366,17,22,0.773,6,38,44,30,13,3,9,20,11.0
22024,1610612747,LAL,Los Angeles Lakers,0022400796,2025-02-20,LAL @ POR,W,240,110,39,82,0.476,9,32,0.281,23,25,0.92,11,37,48,20,7,6,22,17,8.0
22024,1610612752,NYK,New York Knicks,0022400792,2025-02-20,NYK vs. CHI,W,265,113,46,107,0.43,14,46,0.304,7,10,0.7,10,44,54,28,10,7,11,12,2.0
22024,1610612746,LAC,LA Clippers,0022400793,2025-02-20,LAC @ MIL,L,240,110,41,88,0.466,12,30,0.4,16,19,0.842,11,32,43,28,14,7,11,27,-6.0
22024,1610612753,ORL,Orlando Magic,0022400790,2025-02-20,ORL @ ATL,W,240,114,41,85,0.482,6,25,0.24,26,38,0.684,11,42,53,15,6,7,7,22,6.0
22024,1610612757,POR,Portland Trail Blazers,0022400796,2025-02-20,POR vs. LAL,L,239,102,38,86,0.442,12,37,0.324,14,21,0.667,6,27,33,27,16,7,17,24,-8.0
22024,1610612754,IND,Indiana Pacers,0022400788,2025-02-20,IND vs. MEM,W,240,127,46,91,0.505,17,45,0.378,18,22,0.818,9,37,46,29,6,12,10,20,14.0
22024,1610612756,PHX,Phoenix Suns,0022400795,2025-02-20,PHX @ SAS,L,241,109,38,81,0.469,16,44,0.364,17,20,0.85,5,34,39,28,6,4,18,21,-11.0
22024,1610612739,CLE,Cleveland Cavaliers,0022400791,2025-02-20,CLE @ BKN,W,240,110,40,94,0.426,11,39,0.282,19,27,0.704,17,35,52,19,8,5,16,20,13.0
22024,1610612763,MEM,Memphis Grizzlies,0022400788,2025-02-20,MEM @ IND,L,242,113,41,99,0.414,12,39,0.308,19,22,0.864,12,34,46,28,6,7,13,19,-14.0
22024,1610612755,PHI,Philadelphia 76ers,0022400789,2025-02-20,PHI vs. BOS,L,240,104,40,93,0.43,8,39,0.205,16,17,0.941,10,34,44,23,7,0,10,17,-20.0
22024,1610612747,LAL,Los Angeles Lakers,0022400524,2025-02-19,LAL vs. CHA,L,239,97,37,90,0.411,15,51,0.294,8,12,0.667,12,38,50,29,7,4,18,17,-3.0
22024,1610612766,CHA,Charlotte Hornets,0022400524,2025-02-19,CHA @ LAL,W,240,100,33,91,0.363,18,53,0.34,16,17,0.941,9,38,47,20,12,4,17,16,3.0
22024,1610612758,SAC,Sacramento Kings,0022400785,2025-02-13,SAC @ NOP,L,267,133,49,112,0.438,17,47,0.362,18,21,0.857,21,37,58,38,8,1,14,19,-7.0
22024,1610612742,DAL,Dallas Mavericks,0022400786,2025-02-13,DAL vs. MIA,W,242,118,46,90,0.511,13,36,0.361,13,16,0.813,11,29,40,28,7,2,13,17,5.0
22024,1610612744,GSW,Golden State Warriors,0022400784,2025-02-13,GSW @ HOU,W,240,105,35,89,0.393,11,41,0.268,24,27,0.889,9,33,42,26,13,6,10,18,7.0
22024,1610612746,LAC,LA Clippers,0022401004,2025-02-13,LAC @ UTA,W,265,120,39,94,0.415,14,38,0.368,28,36,0.778,13,30,43,22,16,5,10,22,4.0
22024,1610612740,NOP,New Orleans Pelicans,0022400785,2025-02-13,NOP vs. SAC,W,265,140,46,92,0.5,21,50,0.42,27,34,0.794,7,38,45,32,11,7,10,17,7.0
22024,1610612748,MIA,Miami Heat,0022400786,2025-02-13,MIA @ DAL,L,240,113,43,91,0.473,10,36,0.278,17,26,0.654,16,26,42,23,9,4,13,14,-5.0
22024,1610612745,HOU,Houston Rockets,0022400784,2025-02-13,HOU vs. GSW,L,240,98,38,93,0.409,12,36,0.333,10,18,0.556,15,37,52,24,7,5,20,20,-7.0
22024,1610612760,OKC,Oklahoma City Thunder,0022400787,2025-02-13,OKC @ MIN,L,241,101,37,88,0.42,7,29,0.241,20,24,0.833,12,37,49,25,4,7,9,17,-15.0
22024,1610612750,MIN,Minnesota Timberwolves,0022400787,2025-02-13,MIN vs. OKC,W,240,116,42,99,0.424,12,46,0.261,20,22,0.909,20,34,54,28,5,2,8,17,15.0
22024,1610612762,UTA,Utah Jazz,0022401004,2025-02-13,UTA vs. LAC,L,266,116,38,78,0.487,18,45,0.4,22,26,0.846,9,38,47,23,7,1,26,25,-4.0
22024,1610612739,CLE,Cleveland Cavaliers,0022400774,2025-02-12,CLE @ TOR,W,241,131,48,99,0.485,18,53,0.34,17,20,0.85,13,40,53,34,11,4,13,19,23.0
22024,1610612745,HOU,Houston Rockets,0022400779,2025-02-12,HOU vs. PHX,W,239,119,46,97,0.474,13,42,0.31,14,24,0.583,17,30,47,32,10,4,11,15,8.0
22024,1610612755,PHI,Philadelphia 76ers,0022400772,2025-02-12,PHI @ BKN,L,240,96,35,81,0.432,8,33,0.242,18,22,0.818,9,29,38,25,10,9,14,15,-4.0
22024,1610612742,DAL,Dallas Mavericks,0022400782,2025-02-12,DAL vs. GSW,W,240,111,42,87,0.483,15,36,0.417,12,15,0.8,9,30,39,20,9,7,14,16,4.0
22024,1610612740,NOP,New Orleans Pelicans,0022400777,2025-02-12,NOP vs. SAC,L,240,111,44,94,0.468,8,32,0.25,15,18,0.833,12,28,40,28,7,5,8,23,-8.0
22024,1610612759,SAS,San Antonio Spurs,0022400769,2025-02-12,SAS @ BOS,L,237,103,42,96,0.438,9,39,0.231,10,12,0.833,9,29,38,30,9,2,8,16,-13.0
22024,1610612746,LAC,LA Clippers,0022400783,2025-02-12,LAC vs. MEM,W,240,128,47,93,0.505,13,35,0.371,21,22,0.955,13,33,46,29,17,2,15,15,14.0
22024,1610612760,OKC,Oklahoma City Thunder,0022400778,2025-02-12,OKC vs. MIA,W,240,115,43,88,0.489,15,39,0.385,14,20,0.7,11,30,41,22,10,3,13,19,14.0
22024,1610612749,MIL,Milwaukee Bucks,0022400776,2025-02-12,MIL @ MIN,W,240,103,39,88,0.443,12,30,0.4,13,16,0.813,6,42,48,24,7,1,12,15,2.0
22024,1610612751,BKN,Brooklyn Nets,0022400772,2025-02-12,BKN vs. PHI,W,239,100,40,85,0.471,8,30,0.267,12,15,0.8,16,34,50,23,13,7,16,18,4.0
22024,1610612750,MIN,Minnesota Timberwolves,0022400776,2025-02-12,MIN vs. MIL,L,241,101,39,103,0.379,10,44,0.227,13,15,0.867,15,44,59,27,4,6,13,13,-2.0
22024,1610612757,POR,Portland Trail Blazers,0022400780,2025-02-12,POR @ DEN,L,240,121,43,94,0.457,14,38,0.368,21,29,0.724,14,31,45,27,7,6,11,19,-11.0
22024,1610612741,CHI,Chicago Bulls,0022400775,2025-02-12,CHI vs. DET,L,240,110,37,86,0.43,9,41,0.22,27,30,0.9,10,27,37,23,9,7,16,27,-18.0
22024,1610612766,CHA,Charlotte Hornets,0022400770,2025-02-12,CHA @ ORL,L,240,86,32,81,0.395,8,26,0.308,14,15,0.933,6,37,43,21,4,4,12,15,-16.0
22024,1610612748,MIA,Miami Heat,0022400778,2025-02-12,MIA @ OKC,L,239,101,36,79,0.456,11,34,0.324,18,25,0.72,10,35,45,24,7,5,16,17,-14.0
22024,1610612744,GSW,Golden State Warriors,0022400782,2025-02-12,GSW @ DAL,L,239,107,41,96,0.427,10,35,0.286,15,18,0.833,18,32,50,29,9,6,15,16,-4.0
22024,1610612747,LAL,Los Angeles Lakers,0022400781,2025-02-12,LAL @ UTA,L,240,119,41,92,0.446,20,50,0.4,17,30,0.567,14,31,45,31,5,3,14,20,-12.0
22024,1610612754,IND,Indiana Pacers,0022400771,2025-02-12,IND @ WAS,W,266,134,50,107,0.467,16,35,0.457,18,20,0.9,10,32,42,38,7,5,7,17,4.0
22024,1610612765,DET,Detroit Pistons,0022400775,2025-02-12,DET @ CHI,W,239,128,45,88,0.511,10,25,0.4,28,35,0.8,12,35,47,30,8,6,16,22,18.0
22024,1610612752,NYK,New York Knicks,0022400773,2025-02-12,NYK vs. ATL,W,264,149,54,94,0.574,11,26,0.423,30,37,0.811,8,31,39,28,6,5,17,23,1.0
22024,1610612743,DEN,Denver Nuggets,0022400780,2025-02-12,DEN vs. POR,W,240,132,49,96,0.51,15,38,0.395,19,24,0.792,12,37,49,26,9,7,12,20,11.0
22024,1610612737,ATL,Atlanta Hawks,0022400773,2025-02-12,ATL @ NYK,L,264,148,55,110,0.5,14,38,0.368,24,35,0.686,19,28,47,43,12,10,12,29,-1.0
22024,1610612761,TOR,Toronto Raptors,0022400774,2025-02-12,TOR vs. CLE,L,239,108,42,91,0.462,10,29,0.345,14,21,0.667,9,30,39,26,7,5,15,14,-23.0
22024,1610612756,PHX,Phoenix Suns,0022400779,2025-02-12,PHX @ HOU,L,239,111,46,89,0.517,10,26,0.385,9,11,0.818,11,32,43,25,7,5,17,19,-8.0
22024,1610612764,WAS,Washington Wizards,0022400771,2025-02-12,WAS vs. IND,L,266,130,47,97,0.485,23,45,0.511,13,16,0.813,7,39,46,29,5,7,16,20,-4.0
22024,1610612738,BOS,Boston Celtics,0022400769,2025-02-12,BOS vs. SAS,W,238,116,42,91,0.462,18,55,0.327,14,21,0.667,15,41,56,25,3,5,15,12,13.0
22024,1610612758,SAC,Sacramento Kings,0022400777,2025-02-12,SAC @ NOP,W,240,119,41,87,0.471,16,45,0.356,21,29,0.724,12,36,48,28,4,7,11,16,8.0
22024,1610612762,UTA,Utah Jazz,0022400781,2025-02-12,UTA vs. LAL,W,240,131,45,86,0.523,15,41,0.366,26,33,0.788,11,37,48,30,10,8,12,21,12.0
22024,1610612763,MEM,Memphis Grizzlies,0022400783,2025-02-12,MEM @ LAC,L,240,114,44,89,0.494,18,36,0.5,8,15,0.533,9,31,40,24,5,4,21,21,-14.0
22024,1610612753,ORL,Orlando Magic,0022400770,2025-02-12,ORL vs. CHA,W,241,102,37,90,0.411,14,43,0.326,14,19,0.737,13,39,52,22,4,9,8,12,16.0
22024,1610612763,MEM,Memphis Grizzlies,0022400767,2025-02-11,MEM @ PHX,W,240,119,43,100,0.43,12,39,0.308,21,27,0.778,20,40,60,22,8,3,13,22,7.0
22024,1610612761,TOR,Toronto Raptors,0022400764,2025-02-11,TOR @ PHI,W,240,106,38,82,0.463,11,33,0.333,19,23,0.826,10,39,49,23,8,4,17,20,3.0
22024,1610612755,PHI,Philadelphia 76ers,0022400764,2025-02-11,PHI vs. TOR,L,241,103,37,91,0.407,9,38,0.237,20,24,0.833,14,32,46,22,10,2,14,18,-3.0
22024,1610612754,IND,Indiana Pacers,0022400765,2025-02-11,IND vs. NYK,L,240,115,43,89,0.483,9,31,0.29,20,26,0.769,9,27,36,32,8,3,10,17,-13.0
22024,1610612741,CHI,Chicago Bulls,0022400766,2025-02-11,CHI vs. DET,L,241,92,35,100,0.35,10,47,0.213,12,19,0.632,14,30,44,22,9,2,14,10,-40.0
22024,1610612765,DET,Detroit Pistons,0022400766,2025-02-11,DET @ CHI,W,240,132,51,96,0.531,18,41,0.439,12,13,0.923,8,47,55,30,10,8,14,19,40.0
22024,1610612756,PHX,Phoenix Suns,0022400767,2025-02-11,PHX vs. MEM,L,240,112,41,92,0.446,12,44,0.273,18,22,0.818,7,35,42,35,8,9,11,17,-7.0
22024,1610612752,NYK,New York Knicks,0022400765,2025-02-11,NYK @ IND,W,241,128,49,91,0.538,10,27,0.37,20,23,0.87,13,35,48,37,6,2,14,22,13.0
22024,1610612738,BOS,Boston Celtics,0022400759,2025-02-10,BOS @ MIA,W,239,103,39,85,0.459,17,53,0.321,8,8,1.0,3,49,52,24,4,5,6,11,18.0
22024,1610612758,SAC,Sacramento Kings,0022400762,2025-02-10,SAC @ DAL,W,265,129,53,96,0.552,9,26,0.346,14,19,0.737,13,37,50,28,3,3,20,22,1.0
22024,1610612743,DEN,Denver Nuggets,0022400763,2025-02-10,DEN vs. POR,W,239,146,60,91,0.659,8,25,0.32,18,20,0.9,6,32,38,44,12,2,8,23,29.0
22024,1610612737,ATL,Atlanta Hawks,0022400756,2025-02-10,ATL @ ORL,W,240,112,38,77,0.494,12,32,0.375,24,28,0.857,6,33,39,29,10,3,16,17,6.0
22024,1610612762,UTA,Utah Jazz,0022400768,2025-02-10,UTA @ LAL,L,241,113,39,84,0.464,12,40,0.3,23,27,0.852,11,28,39,29,6,3,19,17,-19.0
22024,1610612749,MIL,Milwaukee Bucks,0022400760,2025-02-10,MIL vs. GSW,L,240,111,38,76,0.5,10,33,0.303,25,34,0.735,5,32,37,18,5,4,20,25,-14.0
22024,1610612757,POR,Portland Trail Blazers,0022400763,2025-02-10,POR @ DEN,L,240,117,40,88,0.455,15,37,0.405,22,26,0.846,10,23,33,25,4,4,16,20,-29.0
22024,1610612750,MIN,Minnesota Timberwolves,0022400755,2025-02-10,MIN @ CLE,L,241,107,36,90,0.4,12,39,0.308,23,30,0.767,15,26,41,17,10,6,16,19,-21.0
22024,1610612739,CLE,Cleveland Cavaliers,0022400755,2025-02-10,CLE vs. MIN,W,241,128,48,94,0.511,17,43,0.395,15,20,0.75,14,35,49,27,10,5,16,24,21.0
22024,1610612747,LAL,Los Angeles Lakers,0022400768,2025-02-10,LAL vs. UTA,W,241,132,50,92,0.543,15,42,0.357,17,18,0.944,10,34,44,28,11,2,11,22,19.0
22024,1610612764,WAS,Washington Wizards,0022400757,2025-02-10,WAS vs. SAS,L,240,121,45,93,0.484,14,47,0.298,17,19,0.895,10,32,42,26,5,3,14,23,-10.0
22024,1610612766,CHA,Charlotte Hornets,0022400758,2025-02-10,CHA @ BKN,L,240,89,32,78,0.41,6,31,0.194,19,28,0.679,11,29,40,18,7,7,17,10,-8.0
22024,1610612744,GSW,Golden State Warriors,0022400760,2025-02-10,GSW @ MIL,W,238,125,41,93,0.441,13,45,0.289,30,38,0.789,15,33,48,27,16,2,9,23,14.0
22024,1610612760,OKC,Oklahoma City Thunder,0022400761,2025-02-10,OKC vs. NOP,W,241,137,49,95,0.516,27,55,0.491,12,16,0.75,10,35,45,29,15,8,10,20,36.0
22024,1610612742,DAL,Dallas Mavericks,0022400762,2025-02-10,DAL vs. SAC,L,265,128,49,95,0.516,15,37,0.405,15,24,0.625,5,28,33,31,11,4,11,19,-1.0
22024,1610612751,BKN,Brooklyn Nets,0022400758,2025-02-10,BKN vs. CHA,W,240,97,37,93,0.398,10,42,0.238,13,14,0.929,19,28,47,24,10,6,16,24,8.0
22024,1610612748,MIA,Miami Heat,0022400759,2025-02-10,MIA vs. BOS,L,240,85,31,92,0.337,11,45,0.244,12,13,0.923,12,39,51,21,2,2,4,10,-18.0
22024,1610612753,ORL,Orlando Magic,0022400756,2025-02-10,ORL vs. ATL,L,241,106,37,78,0.474,12,30,0.4,20,24,0.833,7,29,36,22,10,8,17,21,-6.0
22024,1610612759,SAS,San Antonio Spurs,0022400757,2025-02-10,SAS @ WAS,W,240,131,45,88,0.511,17,38,0.447,24,29,0.828,11,32,43,28,11,4,11,17,10.0
22024,1610612740,NOP,New Orleans Pelicans,0022400761,2025-02-10,NOP @ OKC,L,239,101,36,82,0.439,10,27,0.37,19,28,0.679,12,30,42,19,4,4,22,14,-36.0
22024,1610612766,CHA,Charlotte Hornets,0022400752,2025-02-09,CHA @ DET,L,239,102,34,78,0.436,15,32,0.469,19,23,0.826,9,28,37,25,8,1,14,18,-10.0
22024,1610612745,HOU,Houston Rockets,0022400753,2025-02-09,HOU vs. TOR,W,240,94,31,86,0.36,10,38,0.263,22,28,0.786,10,48,58,17,8,3,15,19,7.0
22024,1610612749,MIL,Milwaukee Bucks,0022400754,2025-02-09,MIL vs. PHI,W,240,135,46,105,0.438,24,55,0.436,19,20,0.95,19,34,53,29,7,3,12,18,8.0
22024,1610612765,DET,Detroit Pistons,0022400752,2025-02-09,DET vs. CHA,W,241,112,44,90,0.489,11,37,0.297,13,16,0.813,14,32,46,31,11,1,11,21,10.0
22024,1610612761,TOR,Toronto Raptors,0022400753,2025-02-09,TOR @ HOU,L,238,87,33,90,0.367,8,42,0.19,13,17,0.765,7,41,48,19,5,6,10,21,-7.0
22024,1610612755,PHI,Philadelphia 76ers,0022400754,2025-02-09,PHI @ MIL,L,240,127,47,89,0.528,18,45,0.4,15,19,0.789,8,34,42,28,9,5,14,21,-8.0
22024,1610612756,PHX,Phoenix Suns,0022400749,2025-02-08,PHX vs. DEN,L,238,105,38,98,0.388,17,50,0.34,12,15,0.8,17,26,43,25,5,6,6,15,-17.0
22024,1610612738,BOS,Boston Celtics,0022400748,2025-02-08,BOS @ NYK,W,241,131,46,85,0.541,19,39,0.487,20,24,0.833,11,37,48,21,6,7,10,21,27.0
22024,1610612744,GSW,Golden State Warriors,0022400745,2025-02-08,GSW @ CHI,W,241,132,45,90,0.5,19,48,0.396,23,27,0.852,16,28,44,34,8,7,14,23,21.0
22024,1610612746,LAC,LA Clippers,0022400751,2025-02-08,LAC vs. UTA,W,240,130,51,88,0.58,11,26,0.423,17,21,0.81,8,29,37,36,8,2,14,20,20.0
22024,1610612763,MEM,Memphis Grizzlies,0022400746,2025-02-08,MEM vs. OKC,L,241,112,36,81,0.444,12,28,0.429,28,39,0.718,10,30,40,21,7,9,13,21,-13.0
22024,1610612760,OKC,Oklahoma City Thunder,0022400746,2025-02-08,OKC @ MEM,W,240,125,45,105,0.429,18,42,0.429,17,21,0.81,21,34,55,29,5,5,8,27,13.0
22024,1610612757,POR,Portland Trail Blazers,0022400747,2025-02-08,POR @ MIN,L,240,98,37,92,0.402,7,35,0.2,17,22,0.773,16,29,45,18,11,6,17,24,-16.0
22024,1610612764,WAS,Washington Wizards,0022400744,2025-02-08,WAS vs. ATL,L,240,111,41,93,0.441,9,36,0.25,20,21,0.952,14,39,53,26,6,2,17,18,-14.0
22024,1610612743,DEN,Denver Nuggets,0022400749,2025-02-08,DEN @ PHX,W,242,122,45,92,0.489,16,35,0.457,16,17,0.941,15,41,56,28,5,4,9,13,17.0
22024,1610612740,NOP,New Orleans Pelicans,0022400750,2025-02-08,NOP @ SAC,L,240,118,43,90,0.478,14,36,0.389,18,25,0.72,5,34,39,27,12,8,16,24,-5.0
22024,1610612750,MIN,Minnesota Timberwolves,0022400747,2025-02-08,MIN vs. POR,W,240,114,43,82,0.524,10,28,0.357,18,28,0.643,8,35,43,23,8,2,14,18,16.0
22024,1610612745,HOU,Houston Rockets,0022400741,2025-02-08,HOU @ DAL,L,240,105,40,100,0.4,8,28,0.286,17,22,0.773,19,29,48,21,2,5,8,22,-11.0
22024,1610612737,ATL,Atlanta Hawks,0022400744,2025-02-08,ATL @ WAS,W,240,125,47,97,0.485,18,44,0.409,13,17,0.765,8,33,41,36,6,7,11,19,14.0
22024,1610612742,DAL,Dallas Mavericks,0022400741,2025-02-08,DAL vs. HOU,W,242,116,39,83,0.47,12,23,0.522,26,34,0.765,12,31,43,22,4,18,5,18,11.0
22024,1610612752,NYK,New York Knicks,0022400748,2025-02-08,NYK vs. BOS,L,239,104,35,83,0.422,9,24,0.375,25,29,0.862,7,23,30,16,9,1,9,15,-27.0
22024,1610612747,LAL,Los Angeles Lakers,0022400742,2025-02-08,LAL vs. IND,W,241,124,46,88,0.523,11,33,0.333,21,23,0.913,9,37,46,29,6,3,14,22,7.0
22024,1610612753,ORL,Orlando Magic,0022400743,2025-02-08,ORL vs. SAS,W,240,112,45,88,0.511,10,30,0.333,12,20,0.6,13,32,45,19,10,1,14,18,1.0
22024,1610612741,CHI,Chicago Bulls,0022400745,2025-02-08,CHI vs. GSW,L,241,111,35,79,0.443,17,39,0.436,24,31,0.774,6,25,31,24,8,4,17,19,-21.0
22024,1610612759,SAS,San Antonio Spurs,0022400743,2025-02-08,SAS @ ORL,L,241,111,41,77,0.532,13,30,0.433,16,20,0.8,4,30,34,27,10,7,14,14,-1.0
22024,1610612754,IND,Indiana Pacers,0022400742,2025-02-08,IND @ LAL,L,240,117,37,87,0.425,12,38,0.316,31,32,0.969,11,27,38,27,10,2,10,20,-7.0
22024,1610612758,SAC,Sacramento Kings,0022400750,2025-02-08,SAC vs. NOP,W,239,123,43,91,0.473,11,41,0.268,26,33,0.788,11,40,51,24,10,7,18,22,5.0
22024,1610612762,UTA,Utah Jazz,0022400751,2025-02-08,UTA @ LAC,L,239,110,39,83,0.47,17,43,0.395,15,18,0.833,12,26,38,26,7,4,19,21,-20.0
22024,1610612765,DET,Detroit Pistons,0022400738,2025-02-07,DET vs. PHI,W,241,125,44,97,0.454,17,44,0.386,20,26,0.769,21,35,56,32,7,4,14,24,13.0
22024,1610612737,ATL,Atlanta Hawks,0022400736,2025-02-07,ATL vs. MIL,W,240,115,45,92,0.489,13,36,0.361,12,18,0.667,11,41,52,29,6,6,11,14,5.0
22024,1610612761,TOR,Toronto Raptors,0022400739,2025-02-07,TOR @ OKC,L,240,109,39,91,0.429,19,41,0.463,12,19,0.632,14,28,42,31,9,6,12,24,-12.0
22024,1610612755,PHI,Philadelphia 76ers,0022400738,2025-02-07,PHI @ DET,L,241,112,41,83,0.494,13,31,0.419,17,20,0.85,7,31,38,26,7,7,13,20,-13.0
22024,1610612756,PHX,Phoenix Suns,0022400740,2025-02-07,PHX vs. UTA,W,265,135,47,104,0.452,22,56,0.393,19,21,0.905,12,37,49,31,6,15,7,17,8.0
22024,1610612760,OKC,Oklahoma City Thunder,0022400739,2025-02-07,OKC vs. TOR,W,239,121,43,84,0.512,9,31,0.29,26,31,0.839,11,33,44,26,10,7,12,14,12.0
22024,1610612759,SAS,San Antonio Spurs,0022400734,2025-02-07,SAS @ CHA,L,240,116,42,92,0.457,12,39,0.308,20,24,0.833,13,25,38,25,8,5,8,13,-1.0
22024,1610612739,CLE,Cleveland Cavaliers,0022400735,2025-02-07,CLE @ WAS,W,240,134,48,94,0.511,16,38,0.421,22,24,0.917,15,31,46,32,9,3,14,20,10.0
22024,1610612749,MIL,Milwaukee Bucks,0022400736,2025-02-07,MIL @ ATL,L,242,110,41,96,0.427,19,50,0.38,9,10,0.9,7,36,43,28,5,3,10,17,-5.0
22024,1610612748,MIA,Miami Heat,0022400737,2025-02-07,MIA @ BKN,L,241,86,32,90,0.356,12,40,0.3,10,12,0.833,11,28,39,23,9,5,14,19,-16.0
22024,1610612762,UTA,Utah Jazz,0022400740,2025-02-07,UTA @ PHX,L,265,127,48,117,0.41,13,48,0.271,18,20,0.9,25,38,63,29,5,7,10,16,-8.0
22024,1610612764,WAS,Washington Wizards,0022400735,2025-02-07,WAS vs. CLE,L,240,124,46,94,0.489,16,44,0.364,16,25,0.64,16,24,40,25,8,2,13,17,-10.0
22024,1610612751,BKN,Brooklyn Nets,0022400737,2025-02-07,BKN vs. MIA,W,239,102,39,93,0.419,10,37,0.27,14,18,0.778,18,39,57,17,8,13,14,15,16.0
22024,1610612766,CHA,Charlotte Hornets,0022400734,2025-02-07,CHA vs. SAS,W,239,117,47,101,0.465,17,38,0.447,6,6,1.0,16,37,53,33,4,4,11,22,1.0
22024,1610612754,IND,Indiana Pacers,0022400733,2025-02-06,IND @ LAC,W,241,119,43,95,0.453,13,39,0.333,20,24,0.833,12,34,46,31,13,3,7,14,7.0
22024,1610612747,LAL,Los Angeles Lakers,0022400731,2025-02-06,LAL vs. GSW,W,241,120,39,78,0.5,13,35,0.371,29,36,0.806,7,40,47,26,9,5,13,21,8.0
22024,1610612743,DEN,Denver Nuggets,0022400730,2025-02-06,DEN vs. ORL,W,241,112,44,83,0.53,12,30,0.4,12,21,0.571,12,40,52,33,7,4,18,22,22.0
22024,1610612753,ORL,Orlando Magic,0022400730,2025-02-06,ORL @ DEN,L,240,90,31,84,0.369,5,31,0.161,23,30,0.767,13,27,40,21,10,8,13,15,-22.0
22024,1610612745,HOU,Houston Rockets,0022400729,2025-02-06,HOU @ MIN,L,240,114,41,84,0.488,12,31,0.387,20,28,0.714,12,27,39,26,12,7,10,18,-13.0
22024,1610612744,GSW,Golden State Warriors,0022400731,2025-02-06,GSW @ LAL,L,239,112,41,101,0.406,16,53,0.302,14,20,0.7,10,30,40,29,8,2,12,25,-8.0
22024,1610612757,POR,Portland Trail Blazers,0022400732,2025-02-06,POR vs. SAC,W,241,108,39,90,0.433,16,40,0.4,14,18,0.778,10,37,47,25,5,7,13,18,6.0
22024,1610612738,BOS,Boston Celtics,0022400728,2025-02-06,BOS vs. DAL,L,243,120,46,89,0.517,16,37,0.432,12,15,0.8,11,29,40,30,2,6,14,17,-7.0
22024,1610612750,MIN,Minnesota Timberwolves,0022400729,2025-02-06,MIN vs. HOU,W,241,127,45,94,0.479,16,39,0.41,21,24,0.875,18,29,47,23,5,6,13,21,13.0
22024,1610612742,DAL,Dallas Mavericks,0022400728,2025-02-06,DAL @ BOS,W,242,127,49,88,0.557,15,33,0.455,14,18,0.778,8,27,35,32,9,4,8,15,7.0
22024,1610612758,SAC,Sacramento Kings,0022400732,2025-02-06,SAC @ POR,L,240,102,37,88,0.42,10,30,0.333,18,22,0.818,11,36,47,21,8,6,10,20,-6.0
22024,1610612746,LAC,LA Clippers,0022400733,2025-02-06,LAC vs. IND,L,239,112,41,88,0.466,17,40,0.425,13,18,0.722,11,37,48,25,5,4,19,16,-7.0
22024,1610612766,CHA,Charlotte Hornets,0022400717,2025-02-05,CHA vs. MIL,L,240,102,38,88,0.432,11,34,0.324,15,20,0.75,9,32,41,21,4,1,8,14,-10.0
22024,1610612750,MIN,Minnesota Timberwolves,0022400723,2025-02-05,MIN vs. CHI,W,241,127,42,98,0.429,20,47,0.426,23,28,0.821,23,36,59,27,6,8,11,15,19.0
22024,1610612751,BKN,Brooklyn Nets,0022400720,2025-02-05,BKN vs. WAS,L,239,102,36,83,0.434,13,38,0.342,17,23,0.739,12,25,37,26,7,3,10,20,-17.0
22024,1610612756,PHX,Phoenix Suns,0022400724,2025-02-05,PHX @ OKC,L,238,109,33,70,0.471,14,36,0.389,29,33,0.879,3,32,35,24,3,2,18,17,-31.0
22024,1610612762,UTA,Utah Jazz,0022400725,2025-02-05,UTA vs. GSW,W,240,131,48,92,0.522,13,37,0.351,22,27,0.815,12,36,48,30,5,5,12,23,3.0
22024,1610612749,MIL,Milwaukee Bucks,0022400717,2025-02-05,MIL @ CHA,W,240,112,41,81,0.506,18,42,0.429,12,13,0.923,6,38,44,26,6,4,9,16,10.0
22024,1610612763,MEM,Memphis Grizzlies,0022400722,2025-02-05,MEM @ TOR,W,240,138,47,89,0.528,16,38,0.421,28,38,0.737,24,37,61,22,7,5,16,19,31.0
22024,1610612744,GSW,Golden State Warriors,0022400725,2025-02-05,GSW @ UTA,L,241,128,46,100,0.46,17,48,0.354,19,27,0.704,12,29,41,33,6,4,9,24,-3.0
22024,1610612764,WAS,Washington Wizards,0022400720,2025-02-05,WAS @ BKN,W,240,119,44,81,0.543,20,43,0.465,11,14,0.786,7,33,40,40,6,3,14,21,17.0
22024,1610612741,CHI,Chicago Bulls,0022400723,2025-02-05,CHI @ MIN,L,240,108,40,83,0.482,12,36,0.333,16,22,0.727,6,28,34,25,9,5,9,22,-19.0
22024,1610612761,TOR,Toronto Raptors,0022400722,2025-02-05,TOR vs. MEM,L,241,107,39,98,0.398,12,42,0.286,17,19,0.895,14,20,34,28,11,3,9,29,-31.0
22024,1610612748,MIA,Miami Heat,0022400721,2025-02-05,MIA @ PHI,W,241,108,39,83,0.47,14,34,0.412,16,20,0.8,13,41,54,25,3,4,22,13,7.0
22024,1610612737,ATL,Atlanta Hawks,0022400719,2025-02-05,ATL vs. SAS,L,240,125,48,91,0.527,16,42,0.381,13,18,0.722,8,37,45,33,5,5,20,14,-1.0
22024,1610612758,SAC,Sacramento Kings,0022400727,2025-02-05,SAC vs. ORL,L,240,111,40,80,0.5,10,27,0.37,21,28,0.75,14,23,37,23,6,4,17,14,-19.0
22024,1610612743,DEN,Denver Nuggets,0022400726,2025-02-05,DEN vs. NOP,W,240,144,57,100,0.57,16,43,0.372,14,15,0.933,13,38,51,40,9,4,7,21,25.0
22024,1610612759,SAS,San Antonio Spurs,0022400719,2025-02-05,SAS @ ATL,W,239,126,51,101,0.505,12,37,0.324,12,16,0.75,11,30,41,36,16,3,10,20,1.0
22024,1610612753,ORL,Orlando Magic,0022400727,2025-02-05,ORL @ SAC,W,241,130,50,88,0.568,16,31,0.516,14,15,0.933,9,26,35,30,8,3,8,24,19.0
22024,1610612740,NOP,New Orleans Pelicans,0022400726,2025-02-05,NOP @ DEN,L,241,119,43,93,0.462,10,29,0.345,23,26,0.885,10,28,38,26,5,3,11,10,-25.0
22024,1610612760,OKC,Oklahoma City Thunder,0022400724,2025-02-05,OKC vs. PHX,W,241,140,52,102,0.51,12,42,0.286,24,27,0.889,17,29,46,24,15,4,5,23,31.0
22024,1610612739,CLE,Cleveland Cavaliers,0022400718,2025-02-05,CLE @ DET,W,241,118,41,85,0.482,16,38,0.421,20,24,0.833,11,35,46,28,6,7,23,22,3.0
22024,1610612765,DET,Detroit Pistons,0022400718,2025-02-05,DET vs. CLE,L,239,115,39,98,0.398,12,37,0.324,25,28,0.893,17,28,45,22,13,5,11,21,-3.0
22024,1610612755,PHI,Philadelphia 76ers,0022400721,2025-02-05,PHI vs. MIA,L,239,101,37,96,0.385,12,40,0.3,15,20,0.75,11,28,39,22,14,4,4,15,-7.0
22024,1610612757,POR,Portland Trail Blazers,0022400716,2025-02-04,POR vs. IND,W,239,112,41,92,0.446,14,37,0.378,16,17,0.941,16,35,51,23,8,4,18,17,23.0
22024,1610612738,BOS,Boston Celtics,0022400710,2025-02-04,BOS @ CLE,W,240,112,40,98,0.408,17,48,0.354,15,18,0.833,15,38,53,26,10,6,12,21,7.0
22024,1610612742,DAL,Dallas Mavericks,0022400712,2025-02-04,DAL @ PHI,L,242,116,40,85,0.471,11,33,0.333,25,31,0.806,15,29,44,24,8,4,12,19,-2.0
22024,1610612752,NYK,New York Knicks,0022400713,2025-02-04,NYK @ TOR,W,240,121,47,94,0.5,8,25,0.32,19,23,0.826,17,26,43,26,10,4,11,15,6.0
22024,1610612761,TOR,Toronto Raptors,0022400713,2025-02-04,TOR vs. NYK,L,241,115,43,82,0.524,11,29,0.379,18,19,0.947,10,24,34,27,7,4,14,22,-6.0
22024,1610612751,BKN,Brooklyn Nets,0022400711,2025-02-04,BKN vs. HOU,W,240,99,38,82,0.463,10,27,0.37,13,17,0.765,10,29,39,26,10,9,13,25,2.0
22024,1610612747,LAL,Los Angeles Lakers,0022400715,2025-02-04,LAL @ LAC,W,240,122,45,81,0.556,18,37,0.486,14,23,0.609,10,40,50,33,7,3,14,15,25.0
22024,1610612748,MIA,Miami Heat,0022400714,2025-02-04,MIA @ CHI,L,239,124,43,90,0.478,17,44,0.386,21,26,0.808,11,33,44,29,4,3,13,17,-9.0
22024,1610612754,IND,Indiana Pacers,0022400716,2025-02-04,IND @ POR,L,243,89,34,81,0.42,5,24,0.208,16,21,0.762,14,25,39,25,11,6,19,19,-23.0
22024,1610612746,LAC,LA Clippers,0022400715,2025-02-04,LAC vs. LAL,L,240,97,34,89,0.382,12,41,0.293,17,19,0.895,10,26,36,30,9,5,9,17,-25.0
22024,1610612745,HOU,Houston Rockets,0022400711,2025-02-04,HOU @ BKN,L,240,97,34,83,0.41,11,32,0.344,18,27,0.667,16,29,45,23,6,6,16,18,-2.0
22024,1610612739,CLE,Cleveland Cavaliers,0022400710,2025-02-04,CLE vs. BOS,L,241,105,36,91,0.396,11,39,0.282,22,26,0.846,14,37,51,18,6,1,13,23,-7.0
22024,1610612755,PHI,Philadelphia 76ers,0022400712,2025-02-04,PHI vs. DAL,W,241,118,47,86,0.547,11,33,0.333,13,19,0.684,9,25,34,37,5,4,12,21,2.0
22024,1610612741,CHI,Chicago Bulls,0022400714,2025-02-04,CHI vs. MIA,W,242,133,48,91,0.527,19,41,0.463,18,22,0.818,7,36,43,35,4,3,10,18,9.0
22024,1610612752,NYK,New York Knicks,0022400702,2025-02-03,NYK vs. HOU,W,239,124,47,93,0.505,6,26,0.231,24,30,0.8,12,28,40,24,9,5,11,15,6.0
22024,1610612759,SAS,San Antonio Spurs,0022400703,2025-02-03,SAS @ MEM,L,240,109,41,91,0.451,12,36,0.333,15,20,0.75,9,39,48,31,8,2,23,18,-19.0
22024,1610612766,CHA,Charlotte Hornets,0022400700,2025-02-03,CHA vs. WAS,L,240,114,39,89,0.438,11,29,0.379,25,28,0.893,9,37,46,26,4,1,10,17,-10.0
22024,1610612740,NOP,New Orleans Pelicans,0022400706,2025-02-03,NOP @ DEN,L,239,113,38,88,0.432,18,38,0.474,19,22,0.864,14,27,41,27,5,4,10,21,-12.0
22024,1610612758,SAC,Sacramento Kings,0022400704,2025-02-03,SAC @ MIN,W,240,116,45,92,0.489,10,24,0.417,16,20,0.8,11,36,47,23,7,6,10,16,2.0
22024,1610612756,PHX,Phoenix Suns,0022400709,2025-02-03,PHX @ POR,L,266,119,40,85,0.471,15,42,0.357,24,28,0.857,10,33,43,28,12,5,14,21,-2.0
22024,1610612745,HOU,Houston Rockets,0022400702,2025-02-03,HOU @ NYK,L,241,118,48,104,0.462,8,28,0.286,14,15,0.933,20,30,50,27,8,6,15,26,-6.0
22024,1610612760,OKC,Oklahoma City Thunder,0022400705,2025-02-03,OKC vs. MIL,W,240,125,51,99,0.515,16,41,0.39,7,8,0.875,14,41,55,28,9,5,17,18,29.0
22024,1610612744,GSW,Golden State Warriors,0022400708,2025-02-03,GSW vs. ORL,W,239,104,34,78,0.436,12,39,0.308,24,34,0.706,9,35,44,25,9,0,13,16,5.0
22024,1610612763,MEM,Memphis Grizzlies,0022400703,2025-02-03,MEM vs. SAS,W,240,128,48,99,0.485,14,36,0.389,18,20,0.9,10,37,47,33,17,5,15,18,19.0
22024,1610612737,ATL,Atlanta Hawks,0022400701,2025-02-03,ATL @ DET,W,240,132,42,81,0.519,16,37,0.432,32,39,0.821,5,32,37,27,8,7,12,27,2.0
22024,1610612754,IND,Indiana Pacers,0022400707,2025-02-03,IND @ UTA,W,240,112,43,91,0.473,10,42,0.238,16,20,0.8,6,31,37,32,13,10,9,20,1.0
22024,1610612765,DET,Detroit Pistons,0022400701,2025-02-03,DET vs. ATL,L,239,130,43,83,0.518,9,27,0.333,35,38,0.921,10,31,41,31,7,2,14,25,-2.0
22024,1610612743,DEN,Denver Nuggets,0022400706,2025-02-03,DEN vs. NOP,W,241,125,46,92,0.5,12,33,0.364,21,26,0.808,14,32,46,28,7,6,5,16,12.0
22024,1610612764,WAS,Washington Wizards,0022400700,2025-02-03,WAS @ CHA,W,242,124,44,99,0.444,17,51,0.333,19,23,0.826,18,36,54,29,6,5,10,21,10.0
22024,1610612757,POR,Portland Trail Blazers,0022400709,2025-02-03,POR vs. PHX,W,264,121,40,89,0.449,16,40,0.4,25,30,0.833,14,34,48,30,6,2,12,21,2.0
22024,1610612750,MIN,Minnesota Timberwolves,0022400704,2025-02-03,MIN vs. SAC,L,241,114,43,94,0.457,12,40,0.3,16,16,1.0,11,25,36,28,5,8,8,16,-2.0
22024,1610612753,ORL,Orlando Magic,0022400708,2025-02-03,ORL @ GSW,L,240,99,43,99,0.434,8,32,0.25,5,10,0.5,18,34,52,23,8,2,11,26,-5.0
22024,1610612762,UTA,Utah Jazz,0022400707,2025-02-03,UTA vs. IND,L,240,111,39,91,0.429,13,37,0.351,20,30,0.667,17,43,60,31,5,4,18,17,-1.0
22024,1610612749,MIL,Milwaukee Bucks,0022400705,2025-02-03,MIL @ OKC,L,239,96,35,93,0.376,13,39,0.333,13,21,0.619,9,28,37,24,12,3,14,12,-29.0
22024,1610612739,CLE,Cleveland Cavaliers,0022400696,2025-02-02,CLE vs. DAL,W,240,144,53,93,0.57,26,45,0.578,12,16,0.75,3,48,51,39,7,8,8,17,43.0
22024,1610612742,DAL,Dallas Mavericks,0022400696,2025-02-02,DAL @ CLE,L,241,101,40,103,0.388,9,43,0.209,12,15,0.8,10,35,45,22,6,3,9,11,-43.0
22024,1610612749,MIL,Milwaukee Bucks,0022400699,2025-02-02,MIL vs. MEM,L,240,119,44,91,0.484,20,45,0.444,11,19,0.579,8,28,36,32,7,5,13,21,-13.0
22024,1610612765,DET,Detroit Pistons,0022400695,2025-02-02,DET vs. CHI,W,240,127,54,99,0.545,10,30,0.333,9,13,0.692,8,34,42,38,14,5,11,18,8.0
22024,1610612761,TOR,Toronto Raptors,0022400697,2025-02-02,TOR vs. LAC,W,239,115,44,85,0.518,13,25,0.52,14,16,0.875,10,33,43,31,6,6,12,17,7.0
22024,1610612763,MEM,Memphis Grizzlies,0022400699,2025-02-02,MEM @ MIL,W,242,132,52,107,0.486,14,39,0.359,14,22,0.636,22,39,61,37,9,5,11,15,13.0
22024,1610612738,BOS,Boston Celtics,0022400698,2025-02-02,BOS @ PHI,W,240,118,42,84,0.5,21,49,0.429,13,16,0.813,5,33,38,34,3,8,9,21,8.0
22024,1610612741,CHI,Chicago Bulls,0022400695,2025-02-02,CHI @ DET,L,241,119,41,89,0.461,19,52,0.365,18,20,0.9,11,33,44,28,7,4,19,11,-8.0
22024,1610612755,PHI,Philadelphia 76ers,0022400698,2025-02-02,PHI vs. BOS,L,240,110,37,82,0.451,15,32,0.469,21,28,0.75,8,38,46,20,7,2,10,19,-8.0
22024,1610612746,LAC,LA Clippers,0022400697,2025-02-02,LAC @ TOR,L,241,108,41,88,0.466,9,28,0.321,17,21,0.81,13,28,41,21,6,7,10,15,-7.0
22024,1610612747,LAL,Los Angeles Lakers,0022400692,2025-02-01,LAL @ NYK,W,241,128,47,81,0.58,19,40,0.475,15,18,0.833,3,34,37,26,9,4,15,22,16.0
22024,1610612752,NYK,New York Knicks,0022400692,2025-02-01,NYK vs. LAL,L,240,112,44,95,0.463,10,28,0.357,14,19,0.737,16,28,44,33,7,3,14,16,-16.0
22024,1610612753,ORL,Orlando Magic,0022400687,2025-02-01,ORL @ UTA,L,241,99,30,91,0.33,9,41,0.22,30,35,0.857,11,32,43,19,9,7,8,23,-14.0
22024,1610612745,HOU,Houston Rockets,0022400689,2025-02-01,HOU vs. BKN,L,240,98,38,95,0.4,12,39,0.308,10,15,0.667,14,30,44,18,6,6,10,20,-12.0
22024,1610612757,POR,Portland Trail Blazers,0022400694,2025-02-01,POR vs. PHX,W,238,127,46,89,0.517,9,31,0.29,26,31,0.839,10,33,43,24,11,5,9,20,19.0
22024,1610612758,SAC,Sacramento Kings,0022400691,2025-02-01,SAC @ OKC,L,239,110,40,100,0.4,11,44,0.25,19,26,0.731,9,28,37,25,8,5,7,10,-34.0
22024,1610612737,ATL,Atlanta Hawks,0022400686,2025-02-01,ATL @ IND,L,240,127,45,90,0.5,14,37,0.378,23,32,0.719,11,33,44,31,6,4,12,23,-5.0
22024,1610612751,BKN,Brooklyn Nets,0022400689,2025-02-01,BKN @ HOU,W,242,110,43,87,0.494,10,27,0.37,14,21,0.667,13,33,46,24,5,8,10,16,12.0
22024,1610612759,SAS,San Antonio Spurs,0022400693,2025-02-01,SAS vs. MIA,L,239,103,38,91,0.418,12,36,0.333,15,21,0.714,13,35,48,27,8,3,10,18,-2.0
22024,1610612762,UTA,Utah Jazz,0022400687,2025-02-01,UTA vs. ORL,W,239,113,39,84,0.464,14,35,0.4,21,24,0.875,8,43,51,26,5,7,16,27,14.0
22024,1610612750,MIN,Minnesota Timberwolves,0022400690,2025-02-01,MIN vs. WAS,L,240,103,38,93,0.409,12,40,0.3,15,18,0.833,11,36,47,29,10,3,14,16,-2.0
22024,1610612766,CHA,Charlotte Hornets,0022400688,2025-02-01,CHA vs. DEN,L,240,104,41,95,0.432,9,26,0.346,13,17,0.765,13,38,51,31,5,6,12,13,-3.0
22024,1610612756,PHX,Phoenix Suns,0022400694,2025-02-01,PHX @ POR,L,240,108,38,84,0.452,10,33,0.303,22,26,0.846,11,26,37,21,5,2,18,21,-19.0
22024,1610612760,OKC,Oklahoma City Thunder,0022400691,2025-02-01,OKC vs. SAC,W,241,144,57,107,0.533,19,46,0.413,11,16,0.688,20,50,70,37,5,6,11,18,34.0
22024,1610612748,MIA,Miami Heat,0022400693,2025-02-01,MIA @ SAS,W,240,105,41,89,0.461,13,42,0.31,10,17,0.588,12,40,52,30,7,5,13,15,2.0
22024,1610612743,DEN,Denver Nuggets,0022400688,2025-02-01,DEN @ CHA,W,240,107,41,88,0.466,7,37,0.189,18,20,0.9,8,35,43,29,9,9,11,16,3.0
22024,1610612764,WAS,Washington Wizards,0022400690,2025-02-01,WAS @ MIN,W,240,105,38,83,0.458,15,33,0.455,14,17,0.824,7,37,44,26,7,6,16,21,2.0
22024,1610612754,IND,Indiana Pacers,0022400686,2025-02-01,IND vs. ATL,W,240,132,49,90,0.544,12,33,0.364,22,25,0.88,7,34,41,35,6,5,11,26,5.0
22024,1610612740,NOP,New Orleans Pelicans,0022400683,2025-01-31,NOP vs. BOS,L,240,116,44,90,0.489,15,37,0.405,13,19,0.684,10,38,48,16,7,2,18,21,-2.0
22024,1610612741,CHI,Chicago Bulls,0022400682,2025-01-31,CHI @ TOR,W,240,122,45,89,0.506,18,40,0.45,14,17,0.824,9,43,52,34,4,9,10,18,16.0
22024,1610612749,MIL,Milwaukee Bucks,0022400684,2025-01-31,MIL @ SAS,L,241,118,43,100,0.43,12,37,0.324,20,26,0.769,17,30,47,24,3,8,10,19,-26.0
22024,1610612761,TOR,Toronto Raptors,0022400682,2025-01-31,TOR vs. CHI,L,239,106,39,92,0.424,10,30,0.333,18,27,0.667,7,37,44,27,6,8,7,13,-16.0
22024,1610612755,PHI,Philadelphia 76ers,0022400681,2025-01-31,PHI vs. DEN,L,240,134,50,90,0.556,21,40,0.525,13,16,0.813,11,16,27,29,12,3,11,16,-3.0
22024,1610612738,BOS,Boston Celtics,0022400683,2025-01-31,BOS @ NOP,W,240,118,42,84,0.5,16,41,0.39,18,26,0.692,5,30,35,32,12,7,13,16,2.0
22024,1610612746,LAC,LA Clippers,0022400679,2025-01-31,LAC @ CHA,W,240,112,44,81,0.543,11,28,0.393,13,20,0.65,9,36,45,26,7,4,16,18,8.0
22024,1610612766,CHA,Charlotte Hornets,0022400679,2025-01-31,CHA vs. LAC,L,240,104,42,96,0.438,7,30,0.233,13,15,0.867,13,29,42,18,11,3,9,16,-8.0
22024,1610612742,DAL,Dallas Mavericks,0022400680,2025-01-31,DAL @ DET,L,240,102,37,87,0.425,11,33,0.333,17,21,0.81,16,30,46,20,4,13,16,14,-15.0
22024,1610612759,SAS,San Antonio Spurs,0022400684,2025-01-31,SAS vs. MIL,W,241,144,50,102,0.49,24,50,0.48,20,25,0.8,13,40,53,37,7,11,4,20,26.0
22024,1610612744,GSW,Golden State Warriors,0022400685,2025-01-31,GSW vs. PHX,L,240,105,36,96,0.375,16,44,0.364,17,25,0.68,14,35,49,26,11,6,12,19,-25.0
22024,1610612743,DEN,Denver Nuggets,0022400681,2025-01-31,DEN @ PHI,W,240,137,54,82,0.659,12,23,0.522,17,18,0.944,9,26,35,39,7,2,19,17,3.0
22024,1610612765,DET,Detroit Pistons,0022400680,2025-01-31,DET vs. DAL,W,241,117,47,106,0.443,9,35,0.257,14,16,0.875,18,29,47,18,13,6,6,15,15.0
22024,1610612756,PHX,Phoenix Suns,0022400685,2025-01-31,PHX @ GSW,W,240,130,50,89,0.562,19,39,0.487,11,16,0.688,4,44,48,41,7,7,14,20,25.0
22024,1610612762,UTA,Utah Jazz,0022400677,2025-01-30,UTA vs. MIN,L,240,113,39,77,0.506,14,34,0.412,21,25,0.84,3,20,23,21,6,4,15,20,-25.0
22024,1610612737,ATL,Atlanta Hawks,0022400675,2025-01-30,ATL @ CLE,L,240,115,41,90,0.456,13,39,0.333,20,27,0.741,10,26,36,28,10,1,11,18,-22.0
22024,1610612739,CLE,Cleveland Cavaliers,0022400675,2025-01-30,CLE vs. ATL,W,242,137,53,91,0.582,13,39,0.333,18,20,0.9,10,39,49,34,9,3,11,19,22.0
22024,1610612745,HOU,Houston Rockets,0022400676,2025-01-30,HOU @ MEM,L,240,119,42,97,0.433,13,32,0.406,22,28,0.786,19,26,45,22,6,5,12,20,-1.0
22024,1610612763,MEM,Memphis Grizzlies,0022400676,2025-01-30,MEM vs. HOU,W,239,120,48,93,0.516,9,28,0.321,15,20,0.75,9,28,37,23,7,6,11,25,1.0
22024,1610612747,LAL,Los Angeles Lakers,0022400674,2025-01-30,LAL @ WAS,W,241,134,49,90,0.544,15,32,0.469,21,22,0.955,9,39,48,31,9,6,11,24,38.0
22024,1610612764,WAS,Washington Wizards,0022400674,2025-01-30,WAS vs. LAL,L,240,96,29,91,0.319,10,44,0.227,28,34,0.824,12,26,38,18,4,6,13,18,-38.0
22024,1610612757,POR,Portland Trail Blazers,0022400678,2025-01-30,POR vs. ORL,W,240,119,41,78,0.526,12,25,0.48,25,31,0.806,9,29,38,23,7,5,12,18,29.0
22024,1610612750,MIN,Minnesota Timberwolves,0022400677,2025-01-30,MIN @ UTA,W,240,138,49,82,0.598,21,38,0.553,19,24,0.792,9,30,39,38,5,9,12,18,25.0
22024,1610612753,ORL,Orlando Magic,0022400678,2025-01-30,ORL @ POR,L,240,90,34,81,0.42,5,26,0.192,17,20,0.85,13,20,33,14,8,6,13,23,-29.0
22024,1610612744,GSW,Golden State Warriors,0022400673,2025-01-29,GSW vs. OKC,W,239,116,40,81,0.494,13,38,0.342,23,28,0.821,7,35,42,30,6,7,15,24,7.0
22024,1610612739,CLE,Cleveland Cavaliers,0022400667,2025-01-29,CLE @ MIA,W,239,126,54,100,0.54,13,42,0.31,5,6,0.833,13,34,47,29,10,2,7,17,20.0
22024,1610612738,BOS,Boston Celtics,0022400666,2025-01-29,BOS vs. CHI,W,242,122,41,87,0.471,18,44,0.409,22,27,0.815,6,39,45,32,9,3,8,13,22.0
22024,1610612741,CHI,Chicago Bulls,0022400666,2025-01-29,CHI @ BOS,L,242,100,37,92,0.402,15,49,0.306,11,12,0.917,10,37,47,28,3,7,14,19,-22.0
22024,1610612756,PHX,Phoenix Suns,0022400672,2025-01-29,PHX vs. MIN,L,240,113,43,85,0.506,12,32,0.375,15,20,0.75,10,26,36,30,7,6,15,25,-8.0
22024,1610612748,MIA,Miami Heat,0022400667,2025-01-29,MIA vs. CLE,L,241,106,39,83,0.47,15,43,0.349,13,15,0.867,6,29,35,27,4,4,12,5,-20.0
22024,1610612754,IND,Indiana Pacers,0022400664,2025-01-29,IND vs. DET,W,241,133,46,81,0.568,19,38,0.5,22,31,0.71,5,31,36,28,7,5,13,18,14.0
22024,1610612764,WAS,Washington Wizards,0022400665,2025-01-29,WAS vs. TOR,L,239,82,28,72,0.389,5,30,0.167,21,29,0.724,10,33,43,17,6,5,25,21,-24.0
22024,1610612755,PHI,Philadelphia 76ers,0022400669,2025-01-29,PHI vs. SAC,W,240,117,43,82,0.524,12,29,0.414,19,22,0.864,5,30,35,30,8,1,9,20,13.0
22024,1610612761,TOR,Toronto Raptors,0022400665,2025-01-29,TOR @ WAS,W,239,106,42,88,0.477,11,31,0.355,11,15,0.733,7,29,36,31,12,3,14,27,24.0
22024,1610612765,DET,Detroit Pistons,0022400664,2025-01-29,DET @ IND,L,239,119,44,89,0.494,12,34,0.353,19,26,0.731,9,32,41,26,7,3,12,21,-14.0
22024,1610612751,BKN,Brooklyn Nets,0022400663,2025-01-29,BKN @ CHA,W,240,104,39,80,0.488,10,32,0.313,16,20,0.8,7,33,40,27,11,8,8,18,21.0
22024,1610612746,LAC,LA Clippers,0022400671,2025-01-29,LAC @ SAS,W,240,128,48,91,0.527,12,24,0.5,20,23,0.87,17,40,57,26,7,3,15,17,12.0
22024,1610612759,SAS,San Antonio Spurs,0022400671,2025-01-29,SAS vs. LAC,L,238,116,42,87,0.483,14,42,0.333,18,25,0.72,7,23,30,27,11,5,9,22,-12.0
22024,1610612750,MIN,Minnesota Timberwolves,0022400672,2025-01-29,MIN @ PHX,W,240,121,42,75,0.56,13,29,0.448,24,27,0.889,4,30,34,26,8,6,14,19,8.0
22024,1610612758,SAC,Sacramento Kings,0022400669,2025-01-29,SAC @ PHI,L,240,104,40,90,0.444,10,41,0.244,14,17,0.824,14,32,46,34,5,1,12,16,-13.0
22024,1610612743,DEN,Denver Nuggets,0022400668,2025-01-29,DEN @ NYK,L,238,112,41,84,0.488,10,28,0.357,20,23,0.87,11,36,47,21,3,5,14,19,-10.0
22024,1610612740,NOP,New Orleans Pelicans,0022400670,2025-01-29,NOP vs. DAL,L,239,136,51,96,0.531,15,31,0.484,19,22,0.864,10,26,36,31,13,6,8,15,-1.0
22024,1610612766,CHA,Charlotte Hornets,0022400663,2025-01-29,CHA vs. BKN,L,241,83,28,83,0.337,10,35,0.286,17,25,0.68,18,34,52,18,6,7,17,19,-21.0
22024,1610612742,DAL,Dallas Mavericks,0022400670,2025-01-29,DAL @ NOP,W,239,137,52,96,0.542,20,43,0.465,13,17,0.765,16,35,51,30,6,6,18,17,1.0
22024,1610612760,OKC,Oklahoma City Thunder,0022400673,2025-01-29,OKC @ GSW,L,239,109,40,99,0.404,9,39,0.231,20,25,0.8,17,33,50,21,8,3,11,21,-7.0
22024,1610612752,NYK,New York Knicks,0022400668,2025-01-29,NYK vs. DEN,W,241,122,48,93,0.516,14,34,0.412,12,18,0.667,6,29,35,33,7,2,5,16,10.0
22024,1610612757,POR,Portland Trail Blazers,0022400662,2025-01-28,POR vs. MIL,W,240,125,45,88,0.511,12,28,0.429,23,28,0.821,17,35,52,26,6,2,13,18,13.0
22024,1610612745,HOU,Houston Rockets,0022400532,2025-01-28,HOU @ ATL,W,239,100,37,79,0.468,7,30,0.233,19,20,0.95,6,38,44,19,12,4,21,20,4.0
22024,1610612747,LAL,Los Angeles Lakers,0022400660,2025-01-28,LAL @ PHI,L,241,104,37,72,0.514,10,33,0.303,20,23,0.87,4,35,39,25,5,3,22,19,-14.0
22024,1610612755,PHI,Philadelphia 76ers,0022400660,2025-01-28,PHI vs. LAL,W,241,118,43,91,0.473,11,34,0.324,21,25,0.84,12,31,43,20,14,4,9,20,14.0
22024,1610612737,ATL,Atlanta Hawks,0022400532,2025-01-28,ATL vs. HOU,L,240,96,36,89,0.404,11,47,0.234,13,16,0.813,9,31,40,19,11,5,16,18,-4.0
22024,1610612744,GSW,Golden State Warriors,0022400661,2025-01-28,GSW vs. UTA,W,238,114,36,92,0.391,17,49,0.347,25,31,0.806,16,31,47,29,8,4,9,24,11.0
22024,1610612749,MIL,Milwaukee Bucks,0022400662,2025-01-28,MIL @ POR,L,238,112,44,87,0.506,11,35,0.314,13,18,0.722,9,27,36,26,8,2,11,22,-13.0
22024,1610612762,UTA,Utah Jazz,0022400661,2025-01-28,UTA @ GSW,L,239,103,39,76,0.513,8,26,0.308,17,24,0.708,5,34,39,30,4,6,15,24,-11.0
22024,1610612745,HOU,Houston Rockets,0022400650,2025-01-27,HOU @ BOS,W,242,114,41,92,0.446,17,41,0.415,15,21,0.714,12,27,39,29,7,1,7,22,2.0
22024,1610612765,DET,Detroit Pistons,0022400649,2025-01-27,DET @ CLE,L,240,91,37,96,0.385,10,36,0.278,7,11,0.636,12,33,45,24,6,4,10,17,-19.0
22024,1610612738,BOS,Boston Celtics,0022400650,2025-01-27,BOS vs. HOU,L,239,112,39,80,0.488,15,39,0.385,19,20,0.95,7,34,41,21,4,4,14,20,-2.0
22024,1610612740,NOP,New Orleans Pelicans,0022400654,2025-01-27,NOP @ TOR,L,240,104,39,89,0.438,6,28,0.214,20,30,0.667,6,40,46,21,9,11,12,16,-9.0
22024,1610612746,LAC,LA Clippers,0022400659,2025-01-27,LAC @ PHX,L,240,109,41,83,0.494,10,32,0.313,17,20,0.85,10,32,42,22,12,5,15,15,-2.0
22024,1610612743,DEN,Denver Nuggets,0022400655,2025-01-27,DEN @ CHI,L,241,121,52,100,0.52,6,27,0.222,11,11,1.0,12,30,42,36,13,5,14,11,-8.0
22024,1610612749,MIL,Milwaukee Bucks,0022400658,2025-01-27,MIL @ UTA,W,239,125,52,86,0.605,12,34,0.353,9,17,0.529,5,41,46,33,6,5,12,18,15.0
22024,1610612762,UTA,Utah Jazz,0022400658,2025-01-27,UTA vs. MIL,L,240,110,41,100,0.41,18,54,0.333,10,13,0.769,15,31,46,28,8,1,10,19,-15.0
22024,1610612753,ORL,Orlando Magic,0022400652,2025-01-27,ORL @ MIA,L,290,119,45,98,0.459,14,39,0.359,15,25,0.6,12,35,47,32,9,4,14,19,-6.0
22024,1610612751,BKN,Brooklyn Nets,0022400651,2025-01-27,BKN vs. SAC,L,239,96,30,82,0.366,10,36,0.278,26,30,0.867,16,23,39,19,9,3,14,20,-14.0
22024,1610612761,TOR,Toronto Raptors,0022400654,2025-01-27,TOR vs. NOP,W,240,113,43,100,0.43,9,33,0.273,18,23,0.783,13,41,54,31,8,5,13,24,9.0
22024,1610612764,WAS,Washington Wizards,0022400657,2025-01-27,WAS @ DAL,L,240,108,42,101,0.416,11,37,0.297,13,17,0.765,14,31,45,23,5,3,11,15,-22.0
22024,1610612742,DAL,Dallas Mavericks,0022400657,2025-01-27,DAL vs. WAS,W,241,130,49,92,0.533,20,45,0.444,12,17,0.706,13,38,51,39,5,7,11,20,22.0
22024,1610612747,LAL,Los Angeles Lakers,0022400648,2025-01-27,LAL @ CHA,W,240,112,44,86,0.512,6,28,0.214,18,24,0.75,12,36,48,22,9,5,16,18,5.0
22024,1610612752,NYK,New York Knicks,0022400653,2025-01-27,NYK vs. MEM,W,241,143,56,108,0.519,17,44,0.386,14,18,0.778,17,29,46,32,20,7,10,16,37.0
22024,1610612737,ATL,Atlanta Hawks,0022400656,2025-01-27,ATL @ MIN,L,241,92,34,86,0.395,12,43,0.279,12,18,0.667,14,37,51,24,10,3,21,20,-8.0
22024,1610612756,PHX,Phoenix Suns,0022400659,2025-01-27,PHX vs. LAC,W,239,111,40,85,0.471,22,47,0.468,9,11,0.818,11,28,39,23,10,5,17,17,2.0
22024,1610612750,MIN,Minnesota Timberwolves,0022400656,2025-01-27,MIN vs. ATL,W,239,100,34,86,0.395,12,40,0.3,20,29,0.69,14,37,51,18,13,4,16,18,8.0
22024,1610612741,CHI,Chicago Bulls,0022400655,2025-01-27,CHI vs. DEN,W,240,129,49,98,0.5,24,53,0.453,7,8,0.875,13,34,47,35,11,5,17,14,8.0
22024,1610612748,MIA,Miami Heat,0022400652,2025-01-27,MIA vs. ORL,W,290,125,48,92,0.522,15,41,0.366,14,21,0.667,5,38,43,34,9,2,16,21,6.0
22024,1610612758,SAC,Sacramento Kings,0022400651,2025-01-27,SAC @ BKN,W,240,110,45,82,0.549,9,28,0.321,11,17,0.647,11,33,44,31,7,4,17,24,14.0
22024,1610612739,CLE,Cleveland Cavaliers,0022400649,2025-01-27,CLE vs. DET,W,239,110,40,91,0.44,12,44,0.273,18,23,0.783,12,41,53,28,5,4,9,13,19.0
22024,1610612763,MEM,Memphis Grizzlies,0022400653,2025-01-27,MEM @ NYK,L,239,106,41,91,0.451,9,24,0.375,15,17,0.882,18,29,47,21,5,9,26,16,-37.0
22024,1610612766,CHA,Charlotte Hornets,0022400648,2025-01-27,CHA vs. LAL,L,241,107,39,87,0.448,14,36,0.389,15,18,0.833,10,24,34,26,11,3,14,19,-5.0
22024,1610612760,OKC,Oklahoma City Thunder,0022400647,2025-01-26,OKC @ POR,W,242,118,42,89,0.472,10,30,0.333,24,29,0.828,14,29,43,24,7,3,7,19,10.0
22024,1610612757,POR,Portland Trail Blazers,0022400647,2025-01-26,POR vs. OKC,L,240,108,33,81,0.407,18,40,0.45,24,28,0.857,13,31,44,21,2,6,15,27,-10.0
22024,1610612749,MIL,Milwaukee Bucks,0022400646,2025-01-25,MIL @ LAC,L,239,117,37,79,0.468,13,35,0.371,30,34,0.882,5,37,42,24,2,5,13,21,-10.0
22024,1610612765,DET,Detroit Pistons,0022400638,2025-01-25,DET @ ORL,L,240,113,40,86,0.465,10,25,0.4,23,28,0.821,11,30,41,22,11,5,16,25,-8.0
22024,1610612766,CHA,Charlotte Hornets,0022400637,2025-01-25,CHA vs. NOP,W,239,123,42,84,0.5,21,50,0.42,18,25,0.72,9,39,48,28,11,5,14,18,31.0
22024,1610612762,UTA,Utah Jazz,0022400643,2025-01-25,UTA @ MEM,L,241,103,39,92,0.424,12,47,0.255,13,16,0.813,14,26,40,27,8,5,17,22,-22.0
22024,1610612754,IND,Indiana Pacers,0022400633,2025-01-25,IND @ SAS,W,240,136,53,102,0.52,17,39,0.436,13,14,0.929,16,34,50,32,14,9,10,20,38.0
22024,1610612753,ORL,Orlando Magic,0022400638,2025-01-25,ORL vs. DET,W,240,121,40,83,0.482,15,33,0.455,26,38,0.684,8,32,40,22,8,4,14,23,8.0
22024,1610612744,GSW,Golden State Warriors,0022400644,2025-01-25,GSW vs. LAL,L,239,108,41,89,0.461,16,46,0.348,10,16,0.625,11,27,38,30,10,0,11,15,-10.0
22024,1610612752,NYK,New York Knicks,0022400641,2025-01-25,NYK vs. SAC,W,241,143,52,105,0.495,17,36,0.472,22,23,0.957,17,36,53,40,9,4,11,13,23.0
22024,1610612745,HOU,Houston Rockets,0022400640,2025-01-25,HOU @ CLE,W,240,135,45,82,0.549,13,28,0.464,32,45,0.711,14,31,45,26,5,4,11,23,4.0
22024,1610612763,MEM,Memphis Grizzlies,0022400643,2025-01-25,MEM vs. UTA,W,243,125,43,84,0.512,14,38,0.368,25,34,0.735,13,32,45,28,10,9,16,19,22.0
22024,1610612758,SAC,Sacramento Kings,0022400641,2025-01-25,SAC @ NYK,L,239,120,46,95,0.484,14,36,0.389,14,16,0.875,9,29,38,33,5,5,12,19,-23.0
22024,1610612739,CLE,Cleveland Cavaliers,0022400640,2025-01-25,CLE vs. HOU,L,240,131,47,91,0.516,17,39,0.436,20,26,0.769,10,30,40,28,4,5,11,30,-4.0
22024,1610612742,DAL,Dallas Mavericks,0022400635,2025-01-25,DAL vs. BOS,L,239,107,39,88,0.443,8,22,0.364,21,28,0.75,13,36,49,18,2,8,12,20,-15.0
22024,1610612759,SAS,San Antonio Spurs,0022400633,2025-01-25,IND @ SAS,L,241,98,35,85,0.412,11,32,0.344,17,25,0.68,15,29,44,22,9,5,22,17,-38.0
22024,1610612743,DEN,Denver Nuggets,0022400634,2025-01-25,DEN @ MIN,L,239,104,43,88,0.489,11,32,0.344,7,13,0.538,14,22,36,32,7,3,19,13,-29.0
22024,1610612738,BOS,Boston Celtics,0022400635,2025-01-25,BOS @ DAL,W,241,122,44,103,0.427,20,52,0.385,14,19,0.737,17,34,51,33,4,5,5,24,15.0
22024,1610612746,LAC,LA Clippers,0022400646,2025-01-25,LAC vs. MIL,W,238,127,44,97,0.454,11,34,0.324,28,28,1.0,12,35,47,19,8,3,6,23,10.0
22024,1610612756,PHX,Phoenix Suns,0022400645,2025-01-25,PHX vs. WAS,W,241,119,40,90,0.444,13,40,0.325,26,28,0.929,12,41,53,23,4,4,10,11,10.0
22024,1610612747,LAL,Los Angeles Lakers,0022400644,2025-01-25,LAL @ GSW,W,239,118,47,86,0.547,10,29,0.345,14,17,0.824,10,32,42,29,8,2,12,13,10.0
22024,1610612741,CHI,Chicago Bulls,0022400642,2025-01-25,CHI vs. PHI,L,240,97,36,85,0.424,12,38,0.316,13,20,0.65,13,41,54,24,6,3,19,16,-12.0
22024,1610612748,MIA,Miami Heat,0022400636,2025-01-25,MIA @ BKN,W,242,106,35,79,0.443,13,28,0.464,23,24,0.958,12,39,51,22,9,6,22,23,9.0
22024,1610612764,WAS,Washington Wizards,0022400645,2025-01-25,WAS @ PHX,L,240,109,42,90,0.467,18,41,0.439,7,9,0.778,5,32,37,28,8,5,8,17,-10.0
22024,1610612740,NOP,New Orleans Pelicans,0022400637,2025-01-25,NOP @ CHA,L,240,92,32,84,0.381,8,31,0.258,20,26,0.769,9,30,39,21,8,5,13,17,-31.0
22024,1610612737,ATL,Atlanta Hawks,0022400639,2025-01-25,ATL vs. TOR,L,238,94,33,84,0.393,11,37,0.297,17,25,0.68,8,35,43,28,14,5,22,20,-23.0
22024,1610612751,BKN,Brooklyn Nets,0022400636,2025-01-25,BKN vs. MIA,L,241,97,30,80,0.375,14,40,0.35,23,26,0.885,8,27,35,23,11,5,14,21,-9.0
22024,1610612755,PHI,Philadelphia 76ers,0022400642,2025-01-25,PHI @ CHI,W,240,109,42,92,0.457,13,45,0.289,12,17,0.706,6,34,40,23,10,4,8,15,12.0
22024,1610612761,TOR,Toronto Raptors,0022400639,2025-01-25,TOR @ ATL,W,239,117,42,90,0.467,11,30,0.367,22,25,0.88,9,42,51,31,11,7,21,20,23.0
22024,1610612750,MIN,Minnesota Timberwolves,0022400634,2025-01-25,MIN vs. DEN,W,238,133,53,95,0.558,14,30,0.467,13,15,0.867,18,27,45,38,14,4,16,14,29.0
22024,1610612766,CHA,Charlotte Hornets,0022400630,2025-01-24,CHA vs. POR,L,241,97,32,85,0.376,9,31,0.29,24,28,0.857,16,30,46,20,9,6,16,28,-5.0
22024,1610612757,POR,Portland Trail Blazers,0022400630,2025-01-24,POR @ CHA,W,241,102,32,79,0.405,11,38,0.289,27,39,0.692,15,32,47,17,12,6,16,21,5.0
22024,1610612755,PHI,Philadelphia 76ers,0022400631,2025-01-24,PHI vs. CLE,W,241,132,44,87,0.506,21,39,0.538,23,27,0.852,16,27,43,23,9,6,18,16,3.0
22024,1610612763,MEM,Memphis Grizzlies,0022400632,2025-01-24,MEM vs. NOP,W,240,139,56,101,0.554,19,42,0.452,8,8,1.0,16,27,43,38,8,4,12,19,13.0
22024,1610612739,CLE,Cleveland Cavaliers,0022400631,2025-01-24,CLE @ PHI,L,240,129,45,90,0.5,25,52,0.481,14,19,0.737,10,27,37,30,10,5,16,20,-3.0
22024,1610612740,NOP,New Orleans Pelicans,0022400632,2025-01-24,NOP @ MEM,L,242,126,45,83,0.542,14,34,0.412,22,32,0.688,8,27,35,30,6,3,12,10,-13.0
22024,1610612761,TOR,Toronto Raptors,0022400623,2025-01-23,TOR @ ATL,W,242,122,47,81,0.58,9,21,0.429,19,24,0.792,6,33,39,32,10,2,19,26,3.0
22024,1610612748,MIA,Miami Heat,0022400624,2025-01-23,MIA @ MIL,L,240,96,34,92,0.37,12,51,0.235,16,21,0.762,13,37,50,26,3,3,10,18,-29.0
22024,1610612741,CHI,Chicago Bulls,0022400628,2025-01-23,CHI @ GSW,L,241,106,34,87,0.391,16,40,0.4,22,27,0.815,10,32,42,22,7,2,11,16,-25.0
22024,1610612757,POR,Portland Trail Blazers,0022400622,2025-01-23,POR @ ORL,W,240,101,40,82,0.488,9,28,0.321,12,19,0.632,8,34,42,23,14,12,13,21,22.0
22024,1610612749,MIL,Milwaukee Bucks,0022400624,2025-01-23,MIL vs. MIA,W,241,125,46,98,0.469,18,40,0.45,15,20,0.75,11,44,55,32,5,6,6,14,29.0
22024,1610612738,BOS,Boston Celtics,0022400629,2025-01-23,BOS @ LAL,L,239,96,35,91,0.385,14,41,0.341,12,18,0.667,11,31,42,23,5,6,7,17,-21.0
22024,1610612753,ORL,Orlando Magic,0022400622,2025-01-23,ORL vs. POR,L,240,79,26,76,0.342,6,25,0.24,21,31,0.677,14,30,44,17,9,6,19,18,-22.0
22024,1610612742,DAL,Dallas Mavericks,0022400625,2025-01-23,DAL @ OKC,W,240,121,39,74,0.527,14,31,0.452,29,36,0.806,8,35,43,25,9,3,20,25,6.0
22024,1610612747,LAL,Los Angeles Lakers,0022400629,2025-01-23,LAL vs. BOS,W,240,117,42,89,0.472,15,35,0.429,18,20,0.9,10,43,53,27,4,3,6,14,21.0
22024,1610612746,LAC,LA Clippers,0022400983,2025-01-23,LAC vs. WAS,W,237,110,40,88,0.455,13,38,0.342,17,18,0.944,11,44,55,29,10,7,18,19,17.0
22024,1610612764,WAS,Washington Wizards,0022400983,2025-01-23,WAS @ LAC,L,242,93,32,94,0.34,11,46,0.239,18,21,0.857,14,35,49,24,14,1,15,21,-17.0
22024,1610612758,SAC,Sacramento Kings,0022400626,2025-01-23,SAC @ DEN,L,240,123,47,107,0.439,15,41,0.366,14,19,0.737,17,36,53,31,5,3,13,20,-9.0
22024,1610612760,OKC,Oklahoma City Thunder,0022400625,2025-01-23,OKC vs. DAL,L,240,115,42,88,0.477,15,37,0.405,16,22,0.727,8,25,33,26,9,4,12,27,-6.0
22024,1610612743,DEN,Denver Nuggets,0022400626,2025-01-23,DEN vs. SAC,W,240,132,49,101,0.485,13,37,0.351,21,31,0.677,15,41,56,30,10,8,10,14,9.0
22024,1610612737,ATL,Atlanta Hawks,0022400623,2025-01-23,ATL vs. TOR,L,240,119,42,87,0.483,13,37,0.351,22,30,0.733,9,27,36,30,11,2,14,21,-3.0
22024,1610612754,IND,Indiana Pacers,0022400621,2025-01-23,SAS @ IND,L,242,110,44,97,0.454,13,43,0.302,9,12,0.75,9,22,31,31,10,2,11,9,-30.0
22024,1610612744,GSW,Golden State Warriors,0022400628,2025-01-23,GSW vs. CHI,W,241,131,46,102,0.451,25,57,0.439,14,14,1.0,15,37,52,37,3,6,10,21,25.0
22024,1610612759,SAS,San Antonio Spurs,0022400621,2025-01-23,SAS @ IND,W,241,140,58,96,0.604,18,36,0.5,6,6,1.0,15,42,57,43,10,10,19,13,30.0
22024,1610612762,UTA,Utah Jazz,0022400618,2025-01-22,UTA @ OKC,L,238,114,42,90,0.467,14,37,0.378,16,24,0.667,23,29,52,25,3,6,27,20,-9.0
22024,1610612758,SAC,Sacramento Kings,0022400619,2025-01-22,SAC vs. GSW,W,240,123,41,81,0.506,11,30,0.367,30,32,0.938,5,33,38,24,9,7,8,14,6.0
22024,1610612745,HOU,Houston Rockets,0022400615,2025-01-22,HOU vs. CLE,W,240,109,40,91,0.44,15,34,0.441,14,20,0.7,20,33,53,25,8,5,22,20,1.0
22024,1610612756,PHX,Phoenix Suns,0022400613,2025-01-22,PHX @ BKN,W,241,108,42,88,0.477,14,41,0.341,10,13,0.769,11,37,48,28,9,1,11,12,24.0
22024,1610612760,OKC,Oklahoma City Thunder,0022400618,2025-01-22,OKC vs. UTA,W,239,123,44,95,0.463,12,39,0.308,23,25,0.92,13,26,39,20,15,4,10,23,9.0
22024,1610612751,BKN,Brooklyn Nets,0022400613,2025-01-22,BKN vs. PHX,L,239,84,34,91,0.374,7,36,0.194,9,14,0.643,20,32,52,16,8,1,16,11,-24.0
22024,1610612763,MEM,Memphis Grizzlies,0022400616,2025-01-22,MEM vs. CHA,W,241,132,49,98,0.5,21,47,0.447,13,14,0.929,13,27,40,36,9,6,16,30,12.0
22024,1610612746,LAC,LA Clippers,0022400620,2025-01-22,LAC vs. BOS,L,266,113,47,90,0.522,9,28,0.321,10,13,0.769,9,31,40,24,11,6,22,25,-4.0
22024,1610612766,CHA,Charlotte Hornets,0022400616,2025-01-22,CHA @ MEM,L,238,120,41,86,0.477,11,31,0.355,27,32,0.844,11,22,33,27,9,4,16,19,-12.0
22024,1610612738,BOS,Boston Celtics,0022400620,2025-01-22,BOS @ LAC,W,265,117,41,90,0.456,19,50,0.38,16,20,0.8,8,24,32,24,11,4,19,14,4.0
22024,1610612744,GSW,Golden State Warriors,0022400619,2025-01-22,GSW @ SAC,L,242,117,43,92,0.467,22,48,0.458,9,13,0.692,12,32,44,31,5,2,19,27,-6.0
22024,1610612765,DET,Detroit Pistons,0022400612,2025-01-22,DET @ ATL,W,241,114,42,84,0.5,12,34,0.353,18,19,0.947,7,44,51,27,7,10,20,19,10.0
22024,1610612750,MIN,Minnesota Timberwolves,0022400614,2025-01-22,MIN @ DAL,W,241,115,37,81,0.457,11,29,0.379,30,34,0.882,9,30,39,26,10,8,11,18,1.0
22024,1610612737,ATL,Atlanta Hawks,0022400612,2025-01-22,ATL vs. DET,L,241,104,39,103,0.379,6,38,0.158,20,26,0.769,15,32,47,25,14,3,13,14,-10.0
22024,1610612742,DAL,Dallas Mavericks,0022400614,2025-01-22,DAL vs. MIN,L,240,114,45,90,0.5,8,29,0.276,16,19,0.842,7,31,38,24,5,4,13,21,-1.0
22024,1610612739,CLE,Cleveland Cavaliers,0022400615,2025-01-22,CLE @ HOU,L,240,108,41,97,0.423,13,41,0.317,13,19,0.684,20,25,45,25,12,5,13,18,-1.0
22024,1610612752,NYK,New York Knicks,0022400606,2025-01-21,NYK @ BKN,W,239,99,40,87,0.46,8,28,0.286,11,14,0.786,9,33,42,29,11,3,10,20,4.0
22024,1610612753,ORL,Orlando Magic,0022400608,2025-01-21,ORL @ TOR,L,241,93,35,85,0.412,9,31,0.29,14,19,0.737,14,34,48,16,5,2,14,24,-16.0
22024,1610612748,MIA,Miami Heat,0022400607,2025-01-21,MIA vs. POR,L,241,107,41,93,0.441,14,42,0.333,11,12,0.917,12,33,45,26,2,3,8,14,-9.0
22024,1610612755,PHI,Philadelphia 76ers,0022400609,2025-01-21,PHI @ DEN,L,238,109,44,96,0.458,15,38,0.395,6,8,0.75,8,17,25,34,7,4,10,20,-35.0
22024,1610612743,DEN,Denver Nuggets,0022400609,2025-01-21,DEN vs. PHI,W,238,144,52,85,0.612,16,31,0.516,24,25,0.96,14,37,51,39,7,4,13,10,35.0
22024,1610612761,TOR,Toronto Raptors,0022400608,2025-01-21,TOR vs. ORL,W,238,109,39,73,0.534,13,24,0.542,18,28,0.643,5,37,42,29,7,6,12,22,16.0
22024,1610612757,POR,Portland Trail Blazers,0022400607,2025-01-21,POR @ MIA,W,241,116,43,87,0.494,15,43,0.349,15,23,0.652,11,36,47,25,3,5,6,13,9.0
22024,1610612747,LAL,Los Angeles Lakers,0022400610,2025-01-21,LAL vs. WAS,W,239,111,43,90,0.478,11,34,0.324,14,18,0.778,7,43,50,30,6,10,10,11,23.0
22024,1610612764,WAS,Washington Wizards,0022400610,2025-01-21,WAS @ LAL,L,240,88,34,95,0.358,11,43,0.256,9,13,0.692,9,37,46,25,8,8,11,18,-23.0
22024,1610612751,BKN,Brooklyn Nets,0022400606,2025-01-21,BKN vs. NYK,L,239,95,32,86,0.372,12,40,0.3,19,25,0.76,14,33,47,21,4,9,16,18,-4.0
22024,1610612745,HOU,Houston Rockets,0022400600,2025-01-20,HOU vs. DET,L,239,96,37,94,0.394,11,39,0.282,11,16,0.688,15,24,39,19,18,1,16,17,-11.0
22024,1610612738,BOS,Boston Celtics,0022400604,2025-01-20,BOS @ GSW,W,239,125,49,92,0.533,20,48,0.417,7,8,0.875,8,42,50,33,8,9,9,8,40.0
22024,1610612737,ATL,Atlanta Hawks,0022400602,2025-01-20,ATL @ NYK,L,239,110,40,85,0.471,13,30,0.433,17,22,0.773,16,25,41,23,10,6,23,21,-9.0
22024,1610612756,PHX,Phoenix Suns,0022400603,2025-01-20,PHX @ CLE,L,242,92,36,77,0.468,10,26,0.385,10,13,0.769,1,33,34,22,3,5,17,20,-26.0
22024,1610612746,LAC,LA Clippers,0022400611,2025-01-20,LAC vs. CHI,L,239,99,37,94,0.394,9,42,0.214,16,17,0.941,10,30,40,24,4,7,9,20,-13.0
22024,1610612739,CLE,Cleveland Cavaliers,0022400603,2025-01-20,CLE vs. PHX,W,241,118,41,95,0.432,19,46,0.413,17,23,0.739,15,35,50,27,10,1,8,18,26.0
22024,1610612766,CHA,Charlotte Hornets,0022400599,2025-01-20,CHA vs. DAL,W,240,110,40,98,0.408,17,39,0.436,13,18,0.722,17,32,49,28,10,7,13,16,5.0
22024,1610612742,DAL,Dallas Mavericks,0022400599,2025-01-20,DAL @ CHA,L,240,105,38,88,0.432,6,32,0.188,23,26,0.885,16,35,51,19,10,8,14,15,-5.0
22024,1610612752,NYK,New York Knicks,0022400602,2025-01-20,NYK vs. ATL,W,240,119,47,90,0.522,9,26,0.346,16,21,0.762,12,27,39,31,8,1,15,21,9.0
22024,1610612762,UTA,Utah Jazz,0022400605,2025-01-20,UTA @ NOP,L,264,119,42,106,0.396,11,46,0.239,24,30,0.8,19,44,63,25,6,4,13,19,-4.0
22024,1610612741,CHI,Chicago Bulls,0022400611,2025-01-20,CHI @ LAC,W,240,112,38,94,0.404,15,46,0.326,21,26,0.808,17,37,54,25,7,6,10,17,13.0
22024,1610612763,MEM,Memphis Grizzlies,0022400601,2025-01-20,MEM vs. MIN,W,241,108,37,86,0.43,7,33,0.212,27,34,0.794,13,34,47,19,9,4,13,22,2.0
22024,1610612765,DET,Detroit Pistons,0022400600,2025-01-20,DET @ HOU,W,242,107,42,88,0.477,10,27,0.37,13,15,0.867,13,39,52,21,12,5,22,11,11.0
22024,1610612740,NOP,New Orleans Pelicans,0022400605,2025-01-20,NOP vs. UTA,W,265,123,41,92,0.446,15,41,0.366,26,29,0.897,6,39,45,28,12,8,13,24,4.0
22024,1610612744,GSW,Golden State Warriors,0022400604,2025-01-20,GSW vs. BOS,L,240,85,32,92,0.348,14,53,0.264,7,11,0.636,10,28,38,28,8,3,12,12,-40.0
22024,1610612750,MIN,Minnesota Timberwolves,0022400601,2025-01-20,MIN @ MEM,L,240,106,36,93,0.387,14,43,0.326,20,27,0.741,17,35,52,25,5,6,16,26,-2.0
22024,1610612751,BKN,Brooklyn Nets,0022400595,2025-01-19,BKN @ OKC,L,240,101,37,87,0.425,12,43,0.279,15,19,0.789,12,29,41,25,5,3,13,13,-26.0
22024,1610612757,POR,Portland Trail Blazers,0022400597,2025-01-19,POR vs. CHI,W,240,113,42,89,0.472,9,31,0.29,20,25,0.8,14,36,50,21,7,6,17,19,11.0
22024,1610612749,MIL,Milwaukee Bucks,0022400594,2025-01-19,MIL vs. PHI,W,242,123,43,87,0.494,14,37,0.378,23,30,0.767,7,41,48,31,2,3,6,16,14.0
22024,1610612741,CHI,Chicago Bulls,0022400597,2025-01-19,CHI @ POR,L,241,102,36,81,0.444,8,29,0.276,22,26,0.846,8,28,36,21,10,7,14,19,-11.0
22024,1610612755,PHI,Philadelphia 76ers,0022400594,2025-01-19,PHI @ MIL,L,239,109,39,86,0.453,16,45,0.356,15,22,0.682,5,33,38,26,4,4,7,25,-14.0
22024,1610612746,LAC,LA Clippers,0022400596,2025-01-19,LAC vs. LAL,W,239,116,47,89,0.528,11,30,0.367,11,14,0.786,11,27,38,27,12,4,12,12,14.0
22024,1610612764,WAS,Washington Wizards,0022400598,2025-01-19,WAS @ SAC,L,239,100,32,89,0.36,10,42,0.238,26,32,0.813,10,36,46,19,6,1,16,16,-23.0
22024,1610612759,SAS,San Antonio Spurs,0022400592,2025-01-19,SAS @ MIA,L,238,107,41,91,0.451,15,40,0.375,10,16,0.625,13,31,44,28,4,5,14,9,-21.0
22024,1610612748,MIA,Miami Heat,0022400592,2025-01-19,MIA vs. SAS,W,239,128,50,95,0.526,18,33,0.545,10,10,1.0,12,37,49,35,8,6,11,12,21.0
22024,1610612753,ORL,Orlando Magic,0022400593,2025-01-19,ORL vs. DEN,L,241,100,38,102,0.373,12,41,0.293,12,16,0.75,16,23,39,30,15,6,7,19,-13.0
22024,1610612758,SAC,Sacramento Kings,0022400598,2025-01-19,SAC vs. WAS,W,239,123,46,95,0.484,12,39,0.308,19,24,0.792,10,41,51,28,12,4,11,20,23.0
22024,1610612743,DEN,Denver Nuggets,0022400593,2025-01-19,DEN @ ORL,W,242,113,40,77,0.519,7,25,0.28,26,31,0.839,13,44,57,24,6,8,20,16,13.0
22024,1610612760,OKC,Oklahoma City Thunder,0022400595,2025-01-19,OKC vs. BKN,W,240,127,48,87,0.552,19,43,0.442,12,13,0.923,8,35,43,37,8,5,11,19,26.0
22024,1610612747,LAL,Los Angeles Lakers,0022400596,2025-01-19,LAL @ LAC,L,240,102,38,76,0.5,9,27,0.333,17,19,0.895,5,28,33,26,6,6,15,14,-14.0
22024,1610612756,PHX,Phoenix Suns,0022400586,2025-01-18,PHX @ DET,W,239,125,43,86,0.5,7,25,0.28,32,40,0.8,13,37,50,25,6,3,9,24,4.0
22024,1610612754,IND,Indiana Pacers,0022400588,2025-01-18,IND vs. PHI,W,239,115,44,83,0.53,11,34,0.324,16,23,0.696,14,36,50,30,4,4,17,21,13.0
22024,1610612739,CLE,Cleveland Cavaliers,0022400590,2025-01-18,CLE @ MIN,W,241,124,42,92,0.457,17,48,0.354,23,25,0.92,13,34,47,27,4,1,7,18,7.0
22024,1610612738,BOS,Boston Celtics,0022400587,2025-01-18,BOS vs. ATL,L,265,115,40,104,0.385,15,52,0.288,20,23,0.87,17,36,53,23,13,6,14,18,-4.0
22024,1610612765,DET,Detroit Pistons,0022400586,2025-01-18,DET vs. PHX,L,241,121,44,94,0.468,9,33,0.273,24,36,0.667,15,28,43,22,5,3,9,27,-4.0
22024,1610612750,MIN,Minnesota Timberwolves,0022400590,2025-01-18,MIN vs. CLE,L,240,117,43,90,0.478,15,38,0.395,16,19,0.842,9,33,42,27,4,4,7,19,-7.0
22024,1610612745,HOU,Houston Rockets,0022400591,2025-01-18,HOU @ POR,W,240,125,48,108,0.444,14,31,0.452,15,22,0.682,23,38,61,25,13,4,12,18,22.0
22024,1610612764,WAS,Washington Wizards,0022400589,2025-01-18,WAS @ GSW,L,239,114,38,86,0.442,22,45,0.489,16,23,0.696,11,33,44,24,5,2,13,21,-8.0
22024,1610612737,ATL,Atlanta Hawks,0022400587,2025-01-18,ATL @ BOS,W,265,119,44,93,0.473,9,37,0.243,22,28,0.786,13,42,55,27,9,10,17,17,4.0
22024,1610612744,GSW,Golden State Warriors,0022400589,2025-01-18,GSW vs. WAS,W,240,122,45,96,0.469,14,41,0.341,18,24,0.75,17,38,55,24,6,7,9,18,8.0
22024,1610612757,POR,Portland Trail Blazers,0022400591,2025-01-18,POR vs. HOU,L,240,103,39,86,0.453,12,36,0.333,13,18,0.722,8,32,40,28,6,10,19,24,-22.0
22024,1610612755,PHI,Philadelphia 76ers,0022400588,2025-01-18,PHI @ IND,L,241,102,38,89,0.427,10,34,0.294,16,22,0.727,10,22,32,21,8,1,9,19,-13.0
22024,1610612761,TOR,Toronto Raptors,0022400580,2025-01-17,TOR @ MIL,L,239,112,43,91,0.473,8,34,0.235,18,24,0.75,13,30,43,31,6,4,12,28,-18.0
22024,1610612738,BOS,Boston Celtics,0022400577,2025-01-17,BOS vs. ORL,W,240,121,42,80,0.525,17,37,0.459,20,22,0.909,11,30,41,25,6,3,10,23,27.0
22024,1610612763,MEM,Memphis Grizzlies,0022400582,2025-01-17,MEM @ SAS,W,239,140,55,97,0.567,19,44,0.432,11,15,0.733,10,31,41,39,9,0,7,19,28.0
22024,1610612751,BKN,Brooklyn Nets,0022400585,2025-01-17,BKN @ LAL,L,241,101,37,82,0.451,17,38,0.447,10,13,0.769,12,33,45,28,5,6,17,14,-1.0
22024,1610612752,NYK,New York Knicks,0022400578,2025-01-17,NYK vs. MIN,L,241,99,35,90,0.389,14,34,0.412,15,17,0.882,15,26,41,19,10,4,9,13,-17.0
22024,1610612753,ORL,Orlando Magic,0022400577,2025-01-17,ORL @ BOS,L,239,94,34,82,0.415,5,32,0.156,21,31,0.677,12,25,37,15,3,3,8,19,-27.0
22024,1610612760,OKC,Oklahoma City Thunder,0022400583,2025-01-17,OKC @ DAL,L,240,98,35,91,0.385,20,46,0.435,8,12,0.667,14,32,46,24,7,2,15,20,-8.0
22024,1610612740,NOP,New Orleans Pelicans,0022400581,2025-01-17,NOP vs. UTA,W,240,136,47,100,0.47,22,50,0.44,20,31,0.645,21,35,56,34,9,8,13,24,13.0
22024,1610612743,DEN,Denver Nuggets,0022400579,2025-01-17,DEN @ MIA,W,239,133,50,92,0.543,16,33,0.485,17,19,0.895,7,34,41,35,5,1,5,10,20.0
22024,1610612747,LAL,Los Angeles Lakers,0022400585,2025-01-17,LAL vs. BKN,W,239,102,38,82,0.463,12,34,0.353,14,18,0.778,6,28,34,24,6,7,10,12,1.0
22024,1610612742,DAL,Dallas Mavericks,0022400583,2025-01-17,DAL vs. OKC,W,240,106,37,75,0.493,16,41,0.39,16,22,0.727,6,37,43,25,11,7,17,18,8.0
22024,1610612759,SAS,San Antonio Spurs,0022400582,2025-01-17,SAS vs. MEM,L,241,112,40,84,0.476,13,36,0.361,19,23,0.826,10,30,40,29,4,8,17,15,-28.0
22024,1610612749,MIL,Milwaukee Bucks,0022400580,2025-01-17,MIL vs. TOR,W,239,130,42,81,0.519,13,31,0.419,33,41,0.805,11,33,44,25,7,5,13,23,18.0
22024,1610612766,CHA,Charlotte Hornets,0022400584,2025-01-17,CHA @ CHI,W,240,125,48,96,0.5,13,34,0.382,16,20,0.8,13,31,44,26,9,2,12,13,2.0
22024,1610612762,UTA,Utah Jazz,0022400581,2025-01-17,UTA @ NOP,L,239,123,43,86,0.5,13,38,0.342,24,30,0.8,7,33,40,30,7,8,15,20,-13.0
22024,1610612741,CHI,Chicago Bulls,0022400584,2025-01-17,CHI vs. CHA,L,240,123,48,95,0.505,14,40,0.35,13,14,0.929,12,33,45,34,9,3,13,18,-2.0
22024,1610612748,MIA,Miami Heat,0022400579,2025-01-17,MIA vs. DEN,L,238,113,45,91,0.495,9,33,0.273,14,14,1.0,6,35,41,30,2,0,8,15,-20.0
22024,1610612750,MIN,Minnesota Timberwolves,0022400578,2025-01-17,MIN @ NYK,W,240,116,42,79,0.532,22,40,0.55,10,14,0.714,11,35,46,23,5,2,15,16,17.0
22024,1610612746,LAC,LA Clippers,0022400575,2025-01-16,LAC @ POR,W,240,118,44,78,0.564,10,23,0.435,20,27,0.741,8,42,50,23,9,4,15,13,29.0
22024,1610612754,IND,Indiana Pacers,0022400572,2025-01-16,IND @ DET,W,240,111,41,89,0.461,13,30,0.433,16,22,0.727,3,37,40,28,13,8,9,17,11.0
22024,1610612757,POR,Portland Trail Blazers,0022400575,2025-01-16,POR vs. LAC,L,241,89,34,91,0.374,9,34,0.265,12,13,0.923,14,23,37,24,9,1,16,17,-29.0
22024,1610612758,SAC,Sacramento Kings,0022400576,2025-01-16,SAC vs. HOU,W,239,132,49,98,0.5,14,33,0.424,20,22,0.909,12,32,44,32,5,3,12,15,5.0
22024,1610612765,DET,Detroit Pistons,0022400572,2025-01-16,DET vs. IND,L,241,100,36,91,0.396,9,36,0.25,19,22,0.864,14,41,55,22,3,7,19,20,-11.0
22024,1610612756,PHX,Phoenix Suns,0022400573,2025-01-16,PHX @ WAS,W,240,130,44,85,0.518,16,33,0.485,26,31,0.839,10,37,47,33,10,4,16,23,7.0
22024,1610612739,CLE,Cleveland Cavaliers,0022400574,2025-01-16,CLE @ OKC,L,240,114,42,90,0.467,13,42,0.31,17,21,0.81,11,38,49,32,2,5,21,11,-20.0
22024,1610612745,HOU,Houston Rockets,0022400576,2025-01-16,HOU @ SAC,L,240,127,49,93,0.527,12,33,0.364,17,24,0.708,12,34,46,24,10,6,14,18,-5.0
22024,1610612764,WAS,Washington Wizards,0022400573,2025-01-16,WAS vs. PHX,L,239,123,46,92,0.5,13,41,0.317,18,27,0.667,12,33,45,28,13,4,13,22,-7.0
22024,1610612760,OKC,Oklahoma City Thunder,0022400574,2025-01-16,OKC vs. CLE,W,240,134,53,105,0.505,18,53,0.34,10,11,0.909,8,31,39,25,12,5,6,20,20.0
22024,1610612746,LAC,LA Clippers,0022400571,2025-01-15,LAC vs. BKN,W,239,126,43,79,0.544,12,32,0.375,28,30,0.933,6,40,46,26,13,3,14,17,59.0
22024,1610612753,ORL,Orlando Magic,0022400564,2025-01-15,ORL @ MIL,L,239,93,33,95,0.347,12,46,0.261,15,21,0.714,9,23,32,24,13,1,13,24,-29.0
22024,1610612755,PHI,Philadelphia 76ers,0022400561,2025-01-15,PHI vs. NYK,L,264,119,46,92,0.5,13,35,0.371,14,14,1.0,11,24,35,27,8,2,12,19,-6.0
22024,1610612745,HOU,Houston Rockets,0022400568,2025-01-15,HOU @ DEN,W,242,128,49,94,0.521,17,38,0.447,13,17,0.765,14,26,40,28,14,6,8,19,20.0
22024,1610612747,LAL,Los Angeles Lakers,0022400570,2025-01-15,LAL vs. MIA,W,240,117,47,90,0.522,13,34,0.382,10,14,0.714,6,28,34,33,12,4,6,12,9.0
22024,1610612752,NYK,New York Knicks,0022400561,2025-01-15,NYK @ PHI,W,264,125,46,86,0.535,16,37,0.432,17,24,0.708,15,30,45,28,10,3,13,14,6.0
22024,1610612743,DEN,Denver Nuggets,0022400568,2025-01-15,DEN vs. HOU,L,242,108,40,75,0.533,14,29,0.483,14,21,0.667,9,27,36,22,4,7,18,16,-20.0
22024,1610612763,MEM,Memphis Grizzlies,0022400567,2025-01-15,MEM @ SAS,W,241,129,51,103,0.495,16,38,0.421,11,17,0.647,14,38,52,28,7,5,8,19,14.0
22024,1610612750,MIN,Minnesota Timberwolves,0022400565,2025-01-15,MIN vs. GSW,L,240,115,38,86,0.442,17,37,0.459,22,29,0.759,16,25,41,21,4,7,9,17,-1.0
22024,1610612737,ATL,Atlanta Hawks,0022400563,2025-01-15,ATL @ CHI,W,240,110,41,100,0.41,13,43,0.302,15,22,0.682,14,37,51,28,11,5,9,15,16.0
22024,1610612762,UTA,Utah Jazz,0022400569,2025-01-15,UTA vs. CHA,L,241,112,43,93,0.462,16,43,0.372,10,17,0.588,9,27,36,30,5,4,10,18,-5.0
22024,1610612759,SAS,San Antonio Spurs,0022400567,2025-01-15,SAS vs. MEM,L,241,115,40,89,0.449,16,43,0.372,19,27,0.704,7,37,44,22,5,11,11,17,-14.0
22024,1610612744,GSW,Golden State Warriors,0022400565,2025-01-15,GSW @ MIN,W,240,116,40,82,0.488,18,36,0.5,18,21,0.857,14,31,45,26,8,5,12,26,1.0
22024,1610612761,TOR,Toronto Raptors,0022400562,2025-01-15,TOR vs. BOS,W,240,110,45,89,0.506,11,34,0.324,9,15,0.6,13,43,56,35,4,4,10,19,13.0
22024,1610612741,CHI,Chicago Bulls,0022400563,2025-01-15,CHI vs. ATL,L,240,94,39,88,0.443,6,27,0.222,10,10,1.0,8,45,53,23,5,5,20,15,-16.0
22024,1610612740,NOP,New Orleans Pelicans,0022400566,2025-01-15,NOP vs. DAL,W,240,119,43,97,0.443,13,39,0.333,20,24,0.833,15,34,49,24,11,8,10,20,3.0
22024,1610612738,BOS,Boston Celtics,0022400562,2025-01-15,BOS @ TOR,L,239,97,36,91,0.396,16,46,0.348,9,18,0.5,13,32,45,24,6,8,9,16,-13.0
22024,1610612751,BKN,Brooklyn Nets,0022400571,2025-01-15,BKN @ LAC,L,240,67,25,83,0.301,5,28,0.179,12,22,0.545,15,24,39,15,9,2,20,16,-59.0
22024,1610612749,MIL,Milwaukee Bucks,0022400564,2025-01-15,MIL vs. ORL,W,239,122,45,72,0.625,7,12,0.583,25,35,0.714,3,46,49,24,10,10,21,20,29.0
22024,1610612742,DAL,Dallas Mavericks,0022400566,2025-01-15,DAL @ NOP,L,239,116,43,90,0.478,12,35,0.343,18,25,0.72,8,37,45,27,9,3,15,17,-3.0
22024,1610612766,CHA,Charlotte Hornets,0022400569,2025-01-15,CHA @ UTA,W,239,117,45,85,0.529,12,39,0.308,15,21,0.714,11,34,45,27,6,6,18,16,5.0
22024,1610612748,MIA,Miami Heat,0022400570,2025-01-15,MIA @ LAL,L,240,108,39,73,0.534,16,36,0.444,14,15,0.933,3,34,37,25,3,6,19,13,-9.0
22024,1610612760,OKC,Oklahoma City Thunder,0022400555,2025-01-14,OKC @ PHI,W,242,118,45,81,0.556,12,36,0.333,16,18,0.889,10,28,38,32,10,4,17,22,16.0
22024,1610612741,CHI,Chicago Bulls,0022400557,2025-01-14,CHI vs. NOP,L,240,113,45,102,0.441,14,43,0.326,9,12,0.75,18,39,57,31,8,6,15,19,-6.0
22024,1610612739,CLE,Cleveland Cavaliers,0022400554,2025-01-14,CLE @ IND,W,239,127,43,89,0.483,15,44,0.341,26,31,0.839,14,35,49,25,8,6,14,18,10.0
22024,1610612743,DEN,Denver Nuggets,0022400559,2025-01-14,DEN @ DAL,W,239,118,43,83,0.518,13,29,0.448,19,22,0.864,11,40,51,28,9,7,18,20,19.0
22024,1610612742,DAL,Dallas Mavericks,0022400559,2025-01-14,DAL vs. DEN,L,239,99,38,90,0.422,9,32,0.281,14,22,0.636,8,22,30,27,14,6,12,17,-19.0
22024,1610612749,MIL,Milwaukee Bucks,0022400558,2025-01-14,MIL vs. SAC,W,242,130,49,99,0.495,17,45,0.378,15,18,0.833,11,41,52,32,2,4,7,21,15.0
22024,1610612756,PHX,Phoenix Suns,0022400556,2025-01-14,PHX @ ATL,L,240,117,43,84,0.512,13,35,0.371,18,27,0.667,6,31,37,28,10,4,13,17,-5.0
22024,1610612737,ATL,Atlanta Hawks,0022400556,2025-01-14,ATL vs. PHX,W,241,122,43,98,0.439,17,41,0.415,19,26,0.731,20,34,54,22,10,3,12,21,5.0
22024,1610612754,IND,Indiana Pacers,0022400554,2025-01-14,IND vs. CLE,L,239,117,44,91,0.484,12,28,0.429,17,22,0.773,9,28,37,30,10,3,11,18,-10.0
22024,1610612751,BKN,Brooklyn Nets,0022400560,2025-01-14,BKN @ POR,W,241,132,49,90,0.544,19,41,0.463,15,18,0.833,10,34,44,36,11,2,11,21,18.0
22024,1610612757,POR,Portland Trail Blazers,0022400560,2025-01-14,POR vs. BKN,L,240,114,39,86,0.453,17,38,0.447,19,24,0.792,13,25,38,20,8,3,17,16,-18.0
22024,1610612740,NOP,New Orleans Pelicans,0022400557,2025-01-14,NOP @ CHI,W,240,119,42,96,0.438,14,50,0.28,21,26,0.808,13,33,46,32,11,5,10,13,6.0
22024,1610612755,PHI,Philadelphia 76ers,0022400555,2025-01-14,PHI vs. OKC,L,240,102,37,84,0.44,13,44,0.295,15,20,0.75,11,24,35,23,10,1,21,18,-16.0
22024,1610612758,SAC,Sacramento Kings,0022400558,2025-01-14,SAC @ MIL,L,242,115,42,95,0.442,17,42,0.405,14,18,0.778,9,36,45,25,4,5,9,16,-15.0
22024,1610612759,SAS,San Antonio Spurs,0022400552,2025-01-13,SAS @ LAL,W,240,126,48,90,0.533,13,35,0.371,17,20,0.85,12,29,41,30,16,5,10,15,24.0
22024,1610612765,DET,Detroit Pistons,0022400549,2025-01-13,DET @ NYK,W,241,124,46,92,0.5,15,34,0.441,17,18,0.944,11,28,39,20,8,2,11,21,5.0
22024,1610612748,MIA,Miami Heat,0022400553,2025-01-13,MIA @ LAC,L,240,98,33,85,0.388,17,52,0.327,15,18,0.833,9,40,49,22,7,3,15,9,-11.0
22024,1610612750,MIN,Minnesota Timberwolves,0022400548,2025-01-13,MIN @ WAS,W,239,120,41,83,0.494,14,37,0.378,24,31,0.774,14,39,53,20,8,6,18,15,14.0
22024,1610612763,MEM,Memphis Grizzlies,0022400551,2025-01-13,MEM @ HOU,L,239,118,45,84,0.536,14,32,0.438,14,21,0.667,8,23,31,15,17,2,17,25,-2.0
22024,1610612744,GSW,Golden State Warriors,0022400550,2025-01-13,GSW @ TOR,L,241,101,35,88,0.398,16,46,0.348,15,22,0.682,14,32,46,23,11,4,14,14,-3.0
22024,1610612761,TOR,Toronto Raptors,0022400550,2025-01-13,TOR vs. GSW,W,241,104,41,86,0.477,12,29,0.414,10,15,0.667,14,30,44,28,3,9,14,18,3.0
22024,1610612746,LAC,LA Clippers,0022400553,2025-01-13,LAC vs. MIA,W,241,109,45,93,0.484,13,36,0.361,6,10,0.6,7,41,48,28,11,6,11,15,11.0
22024,1610612745,HOU,Houston Rockets,0022400551,2025-01-13,HOU vs. MEM,W,239,120,41,81,0.506,16,31,0.516,22,31,0.71,15,25,40,28,13,8,22,16,2.0
22024,1610612747,LAL,Los Angeles Lakers,0022400552,2025-01-13,LAL vs. SAS,L,239,102,39,87,0.448,14,44,0.318,10,16,0.625,15,25,40,24,9,4,19,17,-24.0
22024,1610612764,WAS,Washington Wizards,0022400548,2025-01-13,WAS vs. MIN,L,240,106,40,91,0.44,17,40,0.425,9,15,0.6,8,26,34,27,13,3,11,18,-14.0
22024,1610612752,NYK,New York Knicks,0022400549,2025-01-13,NYK vs. DET,L,241,119,40,80,0.5,15,37,0.405,24,29,0.828,10,32,42,26,5,2,17,21,-5.0
22024,1610612754,IND,Indiana Pacers,0022400543,2025-01-12,IND @ CLE,W,241,108,43,92,0.467,11,35,0.314,11,18,0.611,9,41,50,30,11,7,10,22,15.0
22024,1610612749,MIL,Milwaukee Bucks,0022400539,2025-01-12,MIL @ NYK,L,240,106,43,94,0.457,10,34,0.294,10,17,0.588,15,24,39,22,6,3,14,20,-34.0
22024,1610612766,CHA,Charlotte Hornets,0022400547,2025-01-12,CHA @ PHX,L,239,113,41,92,0.446,15,40,0.375,16,20,0.8,15,37,52,30,10,2,16,20,-7.0
22024,1610612760,OKC,Oklahoma City Thunder,0022400545,2025-01-12,OKC @ WAS,W,239,136,45,95,0.474,13,35,0.371,33,35,0.943,15,41,56,26,11,4,13,22,41.0
22024,1610612741,CHI,Chicago Bulls,0022400541,2025-01-12,CHI vs. SAC,L,241,119,43,93,0.462,18,37,0.486,15,20,0.75,8,37,45,26,4,4,7,18,-5.0
22024,1610612738,BOS,Boston Celtics,0022400542,2025-01-12,BOS vs. NOP,W,241,120,44,101,0.436,13,44,0.295,19,23,0.826,18,37,55,23,5,7,11,18,1.0
22024,1610612762,UTA,Utah Jazz,0022400546,2025-01-12,UTA vs. BKN,W,265,112,40,90,0.444,17,44,0.386,15,20,0.75,6,35,41,25,7,6,9,30,1.0
22024,1610612751,BKN,Brooklyn Nets,0022400546,2025-01-12,BKN @ UTA,L,265,111,39,92,0.424,10,40,0.25,23,35,0.657,15,39,54,26,5,5,8,17,-1.0
22024,1610612755,PHI,Philadelphia 76ers,0022400544,2025-01-12,PHI @ ORL,L,239,99,33,72,0.458,12,29,0.414,21,22,0.955,3,26,29,17,10,4,16,24,-5.0
22024,1610612758,SAC,Sacramento Kings,0022400541,2025-01-12,SAC @ CHI,W,240,124,47,95,0.495,13,39,0.333,17,21,0.81,11,42,53,33,4,3,8,14,5.0
22024,1610612753,ORL,Orlando Magic,0022400544,2025-01-12,ORL vs. PHI,W,240,104,39,80,0.488,7,30,0.233,19,28,0.679,12,29,41,23,10,9,16,23,5.0
22024,1610612764,WAS,Washington Wizards,0022400545,2025-01-12,WAS vs. OKC,L,239,95,28,83,0.337,9,46,0.196,30,33,0.909,8,31,39,20,6,6,16,23,-41.0
22024,1610612739,CLE,Cleveland Cavaliers,0022400543,2025-01-12,CLE vs. IND,L,241,93,33,83,0.398,11,41,0.268,16,18,0.889,6,38,44,24,4,5,13,18,-15.0
22024,1610612740,NOP,New Orleans Pelicans,0022400542,2025-01-12,NOP @ BOS,L,241,119,40,86,0.465,17,37,0.459,22,26,0.846,6,36,42,24,8,3,9,19,-1.0
22024,1610612752,NYK,New York Knicks,0022400539,2025-01-12,NYK vs. MIL,W,239,140,51,88,0.58,18,41,0.439,20,24,0.833,10,39,49,29,6,4,11,18,34.0
22024,1610612742,DAL,Dallas Mavericks,0022400540,2025-01-12,DAL vs. DEN,L,242,101,35,85,0.412,12,34,0.353,19,25,0.76,8,29,37,27,7,5,12,20,-11.0
22024,1610612743,DEN,Denver Nuggets,0022400540,2025-01-12,DEN @ DAL,W,239,112,46,94,0.489,7,32,0.219,13,20,0.65,15,40,55,23,6,5,13,19,11.0
22024,1610612756,PHX,Phoenix Suns,0022400547,2025-01-12,PHX vs. CHA,W,239,120,42,87,0.483,17,41,0.415,19,22,0.864,8,31,39,31,9,6,12,17,7.0
22024,1610612756,PHX,Phoenix Suns,0022400533,2025-01-11,PHX vs. UTA,W,240,114,44,86,0.512,13,37,0.351,13,19,0.684,12,26,38,26,9,4,11,17,8.0
22024,1610612761,TOR,Toronto Raptors,0022400534,2025-01-11,TOR @ DET,L,242,114,40,92,0.435,16,38,0.421,18,27,0.667,15,30,45,27,12,3,12,21,-9.0
22024,1610612763,MEM,Memphis Grizzlies,0022400535,2025-01-11,MEM @ MIN,W,241,127,48,108,0.444,16,41,0.39,15,19,0.789,21,25,46,25,13,3,13,20,2.0
22024,1610612757,POR,Portland Trail Blazers,0022400536,2025-01-11,POR vs. MIA,L,239,98,36,95,0.379,13,45,0.289,13,19,0.684,16,35,51,24,6,6,16,15,-21.0
22024,1610612748,MIA,Miami Heat,0022400536,2025-01-11,MIA @ POR,W,240,119,44,92,0.478,19,44,0.432,12,16,0.75,8,35,43,31,13,5,10,16,21.0
22024,1610612765,DET,Detroit Pistons,0022400534,2025-01-11,DET vs. TOR,W,240,123,44,84,0.524,19,33,0.576,16,21,0.762,7,39,46,35,8,5,15,22,9.0
22024,1610612762,UTA,Utah Jazz,0022400533,2025-01-11,UTA @ PHX,L,240,106,42,96,0.438,9,42,0.214,13,18,0.722,21,29,50,26,6,2,13,18,-8.0
22024,1610612750,MIN,Minnesota Timberwolves,0022400535,2025-01-11,MIN vs. MEM,L,240,125,47,83,0.566,17,42,0.405,14,19,0.737,7,34,41,37,7,5,18,16,-2.0
22024,1610612760,OKC,Oklahoma City Thunder,0022400529,2025-01-10,OKC @ NYK,W,238,126,48,89,0.539,14,27,0.519,16,18,0.889,8,38,46,20,9,9,15,23,25.0
22024,1610612743,DEN,Denver Nuggets,0022400531,2025-01-10,DEN vs. BKN,W,240,124,45,87,0.517,9,24,0.375,25,33,0.758,12,37,49,34,12,5,14,18,19.0
22024,1610612744,GSW,Golden State Warriors,0022400525,2025-01-10,GSW @ IND,L,240,96,38,91,0.418,10,38,0.263,10,13,0.769,11,31,42,25,11,2,13,19,-12.0
22024,1610612741,CHI,Chicago Bulls,0022400530,2025-01-10,CHI vs. WAS,W,240,138,53,95,0.558,23,49,0.469,9,14,0.643,11,44,55,39,11,7,13,12,33.0
22024,1610612755,PHI,Philadelphia 76ers,0022400527,2025-01-10,PHI vs. NOP,L,240,115,42,91,0.462,14,38,0.368,17,19,0.895,11,31,42,23,7,3,9,25,-8.0
22024,1610612740,NOP,New Orleans Pelicans,0022400527,2025-01-10,NOP @ PHI,W,240,123,44,91,0.484,18,40,0.45,17,26,0.654,12,32,44,31,7,8,12,16,8.0
22024,1610612753,ORL,Orlando Magic,0022400526,2025-01-10,ORL vs. MIL,L,239,106,37,86,0.43,14,40,0.35,18,26,0.692,12,32,44,20,8,5,10,19,-3.0
22024,1610612754,IND,Indiana Pacers,0022400525,2025-01-10,IND vs. GSW,W,240,108,43,82,0.524,9,27,0.333,13,19,0.684,8,40,48,27,8,8,15,13,12.0
22024,1610612758,SAC,Sacramento Kings,0022400528,2025-01-10,SAC @ BOS,W,240,114,44,102,0.431,18,47,0.383,8,9,0.889,16,40,56,26,11,8,9,18,17.0
22024,1610612738,BOS,Boston Celtics,0022400528,2025-01-10,BOS vs. SAC,L,238,97,34,84,0.405,11,41,0.268,18,22,0.818,8,35,43,22,5,7,15,14,-17.0
22024,1610612764,WAS,Washington Wizards,0022400530,2025-01-10,WAS @ CHI,L,239,105,39,98,0.398,18,46,0.391,9,13,0.692,13,32,45,26,6,4,15,15,-33.0
22024,1610612751,BKN,Brooklyn Nets,0022400531,2025-01-10,BKN @ DEN,L,240,105,38,90,0.422,14,45,0.311,15,19,0.789,10,29,39,26,9,5,17,24,-19.0
22024,1610612749,MIL,Milwaukee Bucks,0022400526,2025-01-10,MIL @ ORL,W,241,109,43,83,0.518,9,25,0.36,14,23,0.609,7,36,43,18,10,5,11,18,3.0
22024,1610612752,NYK,New York Knicks,0022400529,2025-01-10,NYK vs. OKC,L,239,101,37,96,0.385,4,31,0.129,23,23,1.0,16,27,43,18,7,3,10,15,-25.0
22024,1610612756,PHX,Phoenix Suns,0022400522,2025-01-09,PHX vs. ATL,W,239,123,49,85,0.576,13,33,0.394,12,15,0.8,12,30,42,33,7,6,16,15,8.0
22024,1610612762,UTA,Utah Jazz,0022400523,2025-01-09,UTA vs. MIA,L,241,92,33,83,0.398,11,36,0.306,15,17,0.882,11,38,49,20,9,7,16,15,-5.0
22024,1610612745,HOU,Houston Rockets,0022400520,2025-01-09,HOU @ MEM,W,240,119,41,96,0.427,13,34,0.382,24,41,0.585,16,28,44,21,13,3,12,23,4.0
22024,1610612757,POR,Portland Trail Blazers,0022400521,2025-01-09,POR @ DAL,L,240,111,39,93,0.419,16,36,0.444,17,20,0.85,14,29,43,24,6,7,12,22,-6.0
22024,1610612750,MIN,Minnesota Timberwolves,0022400519,2025-01-09,MIN @ ORL,W,240,104,34,85,0.4,12,34,0.353,24,31,0.774,14,36,50,21,9,4,8,19,15.0
22024,1610612739,CLE,Cleveland Cavaliers,0022400517,2025-01-09,CLE vs. TOR,W,241,132,47,89,0.528,18,45,0.4,20,25,0.8,16,26,42,31,8,3,11,11,6.0
22024,1610612744,GSW,Golden State Warriors,0022400518,2025-01-09,GSW @ DET,W,239,107,41,89,0.461,15,46,0.326,10,16,0.625,15,34,49,32,9,7,15,18,3.0
22024,1610612742,DAL,Dallas Mavericks,0022400521,2025-01-09,DAL vs. POR,W,240,117,40,88,0.455,10,30,0.333,27,30,0.9,16,37,53,26,8,7,14,18,6.0
22024,1610612737,ATL,Atlanta Hawks,0022400522,2025-01-09,ATL @ PHX,L,239,115,42,86,0.488,15,32,0.469,16,17,0.941,8,24,32,32,11,3,11,19,-8.0
22024,1610612765,DET,Detroit Pistons,0022400518,2025-01-09,DET vs. GSW,L,240,104,39,86,0.453,14,39,0.359,12,16,0.75,7,33,40,25,7,7,14,19,-3.0
22024,1610612753,ORL,Orlando Magic,0022400519,2025-01-09,ORL vs. MIN,L,240,89,33,87,0.379,10,40,0.25,13,19,0.684,13,34,47,21,4,10,14,22,-15.0
22024,1610612761,TOR,Toronto Raptors,0022400517,2025-01-09,TOR @ CLE,L,240,126,53,89,0.596,14,31,0.452,6,13,0.462,9,28,37,34,9,2,12,17,-6.0
22024,1610612748,MIA,Miami Heat,0022400523,2025-01-09,MIA @ UTA,W,239,97,36,91,0.396,14,50,0.28,11,15,0.733,13,36,49,26,10,7,14,12,5.0
22024,1610612763,MEM,Memphis Grizzlies,0022400520,2025-01-09,MEM vs. HOU,L,239,115,42,84,0.5,10,32,0.313,21,30,0.7,10,33,43,20,9,8,19,28,-4.0
22024,1610612760,OKC,Oklahoma City Thunder,0022400509,2025-01-08,OKC @ CLE,L,241,122,48,90,0.533,11,31,0.355,15,17,0.882,9,29,38,35,9,5,13,24,-7.0
22024,1610612743,DEN,Denver Nuggets,0022400515,2025-01-08,DEN vs. LAC,W,238,126,49,89,0.551,17,35,0.486,11,17,0.647,7,38,45,29,7,3,11,24,23.0
22024,1610612751,BKN,Brooklyn Nets,0022400513,2025-01-08,BKN vs. DET,L,241,98,33,86,0.384,13,39,0.333,19,21,0.905,9,29,38,24,10,4,15,15,-15.0
22024,1610612752,NYK,New York Knicks,0022400511,2025-01-08,NYK vs. TOR,W,238,112,42,88,0.477,12,33,0.364,16,20,0.8,15,28,43,24,9,4,12,15,14.0
22024,1610612759,SAS,San Antonio Spurs,0022400516,2025-01-08,SAS @ MIL,L,240,105,35,95,0.368,18,52,0.346,17,20,0.85,12,34,46,24,8,5,9,14,-16.0
22024,1610612764,WAS,Washington Wizards,0022400512,2025-01-08,WAS @ PHI,L,241,103,42,94,0.447,13,30,0.433,6,9,0.667,18,33,51,26,3,6,17,18,-6.0
22024,1610612741,CHI,Chicago Bulls,0022400510,2025-01-08,CHI @ IND,L,239,113,44,86,0.512,12,35,0.343,13,19,0.684,9,30,39,23,6,6,18,24,-16.0
22024,1610612739,CLE,Cleveland Cavaliers,0022400509,2025-01-08,CLE vs. OKC,W,240,129,47,90,0.522,15,36,0.417,20,27,0.741,12,28,40,36,7,2,15,20,7.0
22024,1610612754,IND,Indiana Pacers,0022400510,2025-01-08,IND vs. CHI,W,239,129,52,100,0.52,10,29,0.345,15,24,0.625,15,31,46,37,11,1,8,19,16.0
22024,1610612761,TOR,Toronto Raptors,0022400511,2025-01-08,TOR @ NYK,L,239,98,38,77,0.494,10,26,0.385,12,15,0.8,8,25,33,25,9,6,16,15,-14.0
22024,1610612755,PHI,Philadelphia 76ers,0022400512,2025-01-08,PHI vs. WAS,W,239,109,40,88,0.455,15,44,0.341,14,19,0.737,10,26,36,21,8,11,7,14,6.0
22024,1610612746,LAC,LA Clippers,0022400515,2025-01-08,LAC @ DEN,L,238,103,30,80,0.375,11,38,0.289,32,40,0.8,9,31,40,14,8,6,11,15,-23.0
22024,1610612740,NOP,New Orleans Pelicans,0022400514,2025-01-08,NOP vs. POR,L,240,100,40,90,0.444,12,37,0.324,8,11,0.727,18,23,41,19,11,3,17,15,-19.0
22024,1610612749,MIL,Milwaukee Bucks,0022400516,2025-01-08,MIL vs. SAS,W,240,121,44,92,0.478,19,42,0.452,14,20,0.7,10,47,57,26,7,4,10,16,16.0
22024,1610612757,POR,Portland Trail Blazers,0022400514,2025-01-08,POR @ NOP,W,240,119,48,88,0.545,13,36,0.361,10,13,0.769,15,29,44,24,11,7,13,14,19.0
22024,1610612765,DET,Detroit Pistons,0022400513,2025-01-08,DET @ BKN,W,241,113,45,86,0.523,15,37,0.405,8,12,0.667,7,35,42,30,9,9,13,20,15.0
22024,1610612740,NOP,New Orleans Pelicans,0022400505,2025-01-07,NOP vs. MIN,L,241,97,35,94,0.372,12,41,0.293,15,24,0.625,13,33,46,23,12,5,14,18,-7.0
22024,1610612748,MIA,Miami Heat,0022400508,2025-01-07,MIA @ GSW,W,241,114,43,91,0.473,16,40,0.4,12,17,0.706,9,39,48,32,6,3,9,9,16.0
22024,1610612750,MIN,Minnesota Timberwolves,0022400505,2025-01-07,MIN @ NOP,W,240,104,38,89,0.427,15,44,0.341,13,19,0.684,11,42,53,26,9,8,16,17,7.0
22024,1610612742,DAL,Dallas Mavericks,0022400504,2025-01-07,DAL vs. LAL,W,238,118,45,86,0.523,18,38,0.474,10,14,0.714,11,33,44,29,7,0,10,16,21.0
22024,1610612766,CHA,Charlotte Hornets,0022400502,2025-01-07,CHA vs. PHX,W,241,115,38,98,0.388,13,47,0.277,26,29,0.897,20,39,59,23,9,5,11,19,11.0
22024,1610612745,HOU,Houston Rockets,0022400503,2025-01-07,HOU @ WAS,W,239,135,50,97,0.515,15,38,0.395,20,23,0.87,19,30,49,31,15,2,10,17,23.0
22024,1610612756,PHX,Phoenix Suns,0022400502,2025-01-07,PHX @ CHA,L,240,104,39,92,0.424,8,33,0.242,18,19,0.947,8,34,42,27,3,4,11,23,-11.0
22024,1610612747,LAL,Los Angeles Lakers,0022400504,2025-01-07,LAL @ DAL,L,239,97,34,75,0.453,11,35,0.314,18,24,0.75,5,28,33,20,7,6,10,13,-21.0
22024,1610612764,WAS,Washington Wizards,0022400503,2025-01-07,WAS vs. HOU,L,240,112,41,89,0.461,15,40,0.375,15,20,0.75,16,27,43,21,6,4,18,19,-23.0
22024,1610612743,DEN,Denver Nuggets,0022400507,2025-01-07,DEN vs. BOS,L,240,106,40,87,0.46,14,36,0.389,12,15,0.8,13,26,39,22,6,6,16,17,-12.0
22024,1610612738,BOS,Boston Celtics,0022400507,2025-01-07,BOS @ DEN,W,241,118,44,88,0.5,12,35,0.343,18,20,0.9,11,30,41,30,11,7,11,13,12.0
22024,1610612762,UTA,Utah Jazz,0022400506,2025-01-07,UTA vs. ATL,L,240,121,40,96,0.417,19,48,0.396,22,25,0.88,13,34,47,25,8,4,15,17,-3.0
22024,1610612744,GSW,Golden State Warriors,0022400508,2025-01-07,GSW vs. MIA,L,240,98,40,98,0.408,14,50,0.28,4,5,0.8,11,41,52,28,9,6,10,15,-16.0
22024,1610612737,ATL,Atlanta Hawks,0022400506,2025-01-07,ATL @ UTA,W,240,124,47,98,0.48,18,44,0.409,12,15,0.8,12,32,44,35,6,11,10,22,3.0
22024,1610612751,BKN,Brooklyn Nets,0022400495,2025-01-06,BKN vs. IND,L,241,99,41,98,0.418,10,33,0.303,7,11,0.636,20,31,51,23,8,3,14,19,-14.0
22024,1610612752,NYK,New York Knicks,0022400496,2025-01-06,NYK vs. ORL,L,239,94,36,81,0.444,4,22,0.182,18,22,0.818,11,27,38,16,4,3,12,18,-9.0
22024,1610612756,PHX,Phoenix Suns,0022400494,2025-01-06,PHX @ PHI,W,240,109,41,81,0.506,14,31,0.452,13,19,0.684,4,40,44,32,7,4,12,18,10.0
22024,1610612757,POR,Portland Trail Blazers,0022400493,2025-01-06,POR @ DET,L,238,115,48,90,0.533,16,35,0.457,3,5,0.6,7,31,38,32,6,4,16,18,-3.0
22024,1610612741,CHI,Chicago Bulls,0022400498,2025-01-06,CHI vs. SAS,W,239,114,44,102,0.431,13,39,0.333,13,15,0.867,14,33,47,25,12,4,13,9,4.0
22024,1610612765,DET,Detroit Pistons,0022400493,2025-01-06,DET vs. POR,W,239,118,42,94,0.447,15,43,0.349,19,22,0.864,17,28,45,23,9,4,14,15,3.0
22024,1610612761,TOR,Toronto Raptors,0022400497,2025-01-06,TOR vs. MIL,L,239,104,41,91,0.451,9,35,0.257,13,21,0.619,10,25,35,27,11,4,15,15,-24.0
22024,1610612753,ORL,Orlando Magic,0022400496,2025-01-06,ORL @ NYK,W,239,103,39,78,0.5,11,31,0.355,14,18,0.778,9,30,39,23,7,5,9,19,9.0
22024,1610612746,LAC,LA Clippers,0022400500,2025-01-06,LAC @ MIN,L,239,106,37,89,0.416,12,35,0.343,20,25,0.8,14,35,49,23,9,10,13,19,-2.0
22024,1610612763,MEM,Memphis Grizzlies,0022400499,2025-01-06,MEM vs. DAL,W,239,119,40,88,0.455,12,35,0.343,27,35,0.771,13,42,55,24,11,5,13,17,15.0
22024,1610612748,MIA,Miami Heat,0022400501,2025-01-06,MIA @ SAC,L,291,118,43,102,0.422,11,42,0.262,21,27,0.778,12,41,53,25,14,6,13,19,-5.0
22024,1610612759,SAS,San Antonio Spurs,0022400498,2025-01-06,SAS @ CHI,L,241,110,44,95,0.463,15,46,0.326,7,12,0.583,13,36,49,31,8,12,17,18,-4.0
22024,1610612758,SAC,Sacramento Kings,0022400501,2025-01-06,SAC vs. MIA,W,289,123,45,108,0.417,13,38,0.342,20,26,0.769,18,42,60,30,7,8,15,20,5.0
22024,1610612754,IND,Indiana Pacers,0022400495,2025-01-06,IND @ BKN,W,241,113,40,79,0.506,12,31,0.387,21,23,0.913,5,30,35,22,8,5,10,17,14.0
22024,1610612755,PHI,Philadelphia 76ers,0022400494,2025-01-06,PHI vs. PHX,L,240,99,34,87,0.391,15,40,0.375,16,26,0.615,12,34,46,20,6,4,10,19,-10.0
22024,1610612750,MIN,Minnesota Timberwolves,0022400500,2025-01-06,MIN vs. LAC,W,239,108,41,92,0.446,16,39,0.41,10,17,0.588,17,38,55,24,6,5,14,20,2.0
22024,1610612742,DAL,Dallas Mavericks,0022400499,2025-01-06,DAL @ MEM,L,241,104,40,98,0.408,13,36,0.361,11,15,0.733,13,37,50,25,7,8,15,22,-15.0
22024,1610612749,MIL,Milwaukee Bucks,0022400497,2025-01-06,MIL @ TOR,W,241,128,47,82,0.573,22,44,0.5,12,15,0.8,7,39,46,37,7,8,21,19,24.0
22024,1610612753,ORL,Orlando Magic,0022400490,2025-01-05,ORL vs. UTA,L,239,92,35,98,0.357,14,47,0.298,8,13,0.615,14,29,43,25,8,4,11,21,-13.0
22024,1610612747,LAL,Los Angeles Lakers,0022400491,2025-01-05,LAL @ HOU,L,240,115,38,78,0.487,16,36,0.444,23,28,0.821,10,29,39,26,4,5,10,21,-4.0
22024,1610612762,UTA,Utah Jazz,0022400490,2025-01-05,UTA @ ORL,W,241,105,39,81,0.481,11,32,0.344,16,18,0.889,11,39,50,21,6,5,22,19,13.0
22024,1610612738,BOS,Boston Celtics,0022400487,2025-01-05,BOS @ OKC,L,241,92,31,85,0.365,9,46,0.196,21,24,0.875,12,36,48,17,6,5,16,18,-13.0
22024,1610612744,GSW,Golden State Warriors,0022400492,2025-01-05,GSW vs. SAC,L,240,99,37,81,0.457,12,35,0.343,13,18,0.722,9,26,35,22,10,3,22,21,-30.0
22024,1610612760,OKC,Oklahoma City Thunder,0022400487,2025-01-05,OKC vs. BOS,W,241,105,39,87,0.448,16,38,0.421,11,13,0.846,9,37,46,22,11,6,15,18,13.0
22024,1610612739,CLE,Cleveland Cavaliers,0022400488,2025-01-05,CLE vs. CHA,W,239,115,44,92,0.478,15,43,0.349,12,16,0.75,9,32,41,29,5,5,12,17,10.0
22024,1610612745,HOU,Houston Rockets,0022400491,2025-01-05,HOU vs. LAL,W,240,119,47,99,0.475,14,40,0.35,11,19,0.579,18,31,49,19,3,4,6,22,4.0
22024,1610612758,SAC,Sacramento Kings,0022400492,2025-01-05,SAC @ GSW,W,239,129,45,87,0.517,19,43,0.442,20,22,0.909,10,33,43,31,15,3,15,19,30.0
22024,1610612764,WAS,Washington Wizards,0022400489,2025-01-05,WAS vs. NOP,L,240,98,38,89,0.427,11,41,0.268,11,14,0.786,9,37,46,25,6,4,15,18,-12.0
22024,1610612740,NOP,New Orleans Pelicans,0022400489,2025-01-05,NOP @ WAS,W,240,110,37,90,0.411,18,49,0.367,18,20,0.9,11,38,49,26,7,8,11,13,12.0
22024,1610612766,CHA,Charlotte Hornets,0022400488,2025-01-05,CHA @ CLE,L,239,105,38,91,0.418,15,42,0.357,14,19,0.737,13,35,48,19,9,4,15,18,-10.0
22024,1610612765,DET,Detroit Pistons,0022400479,2025-01-04,DET vs. MIN,W,240,119,45,93,0.484,13,38,0.342,16,20,0.8,13,34,47,26,12,2,12,22,14.0
22024,1610612749,MIL,Milwaukee Bucks,0022400483,2025-01-04,MIL vs. POR,L,240,102,41,95,0.432,13,41,0.317,7,9,0.778,7,36,43,25,14,3,11,13,-3.0
22024,1610612756,PHX,Phoenix Suns,0022400480,2025-01-04,PHX @ IND,L,242,108,38,78,0.487,12,30,0.4,20,21,0.952,5,31,36,30,3,7,11,14,-18.0
22024,1610612754,IND,Indiana Pacers,0022400480,2025-01-04,IND vs. PHX,W,239,126,46,96,0.479,15,40,0.375,19,21,0.905,13,34,47,35,7,4,6,16,18.0
22024,1610612757,POR,Portland Trail Blazers,0022400483,2025-01-04,POR @ MIL,W,241,105,41,85,0.482,13,36,0.361,10,13,0.769,8,47,55,21,7,3,17,9,3.0
22024,1610612750,MIN,Minnesota Timberwolves,0022400479,2025-01-04,MIN @ DET,L,239,105,34,80,0.425,16,40,0.4,21,26,0.808,7,26,33,20,7,4,17,21,-14.0
22024,1610612759,SAS,San Antonio Spurs,0022400484,2025-01-04,SAS vs. DEN,L,266,111,41,104,0.394,13,48,0.271,16,18,0.889,13,45,58,28,3,7,12,20,-11.0
22024,1610612741,CHI,Chicago Bulls,0022400482,2025-01-04,CHI vs. NYK,W,241,139,51,94,0.543,20,37,0.541,17,18,0.944,9,34,43,36,6,4,12,21,13.0
22024,1610612746,LAC,LA Clippers,0022400486,2025-01-04,LAC vs. ATL,W,239,131,53,96,0.552,13,36,0.361,12,17,0.706,7,41,48,36,15,3,17,17,26.0
22024,1610612762,UTA,Utah Jazz,0022400481,2025-01-04,UTA @ MIA,W,241,136,52,100,0.52,19,46,0.413,13,16,0.813,16,41,57,31,11,4,14,21,36.0
22024,1610612751,BKN,Brooklyn Nets,0022400478,2025-01-04,BKN vs. PHI,L,240,94,34,82,0.415,14,41,0.341,12,19,0.632,6,33,39,22,6,4,22,21,-29.0
22024,1610612755,PHI,Philadelphia 76ers,0022400478,2025-01-04,PHI @ BKN,W,241,123,42,82,0.512,15,40,0.375,24,30,0.8,8,42,50,31,11,2,17,17,29.0
22024,1610612737,ATL,Atlanta Hawks,0022400486,2025-01-04,ATL @ LAC,L,240,105,38,88,0.432,16,46,0.348,13,17,0.765,8,35,43,30,11,4,22,12,-26.0
22024,1610612743,DEN,Denver Nuggets,0022400484,2025-01-04,DEN @ SAS,W,265,122,47,108,0.435,10,33,0.303,18,23,0.783,14,44,58,32,11,7,7,17,11.0
22024,1610612744,GSW,Golden State Warriors,0022400485,2025-01-04,GSW vs. MEM,W,241,121,44,84,0.524,23,43,0.535,10,16,0.625,9,20,29,32,13,5,18,18,8.0
22024,1610612763,MEM,Memphis Grizzlies,0022400485,2025-01-04,MEM @ GSW,L,239,113,46,88,0.523,9,27,0.333,12,16,0.75,12,31,43,29,9,7,22,18,-8.0
22024,1610612752,NYK,New York Knicks,0022400482,2025-01-04,NYK @ CHI,L,241,126,48,97,0.495,8,30,0.267,22,28,0.786,18,31,49,27,7,3,13,13,-13.0
22024,1610612748,MIA,Miami Heat,0022400481,2025-01-04,MIA vs. UTA,L,240,100,35,80,0.438,9,35,0.257,21,30,0.7,5,27,32,25,9,7,15,14,-36.0
22024,1610612764,WAS,Washington Wizards,0022400472,2025-01-03,WAS @ NOP,L,239,120,45,84,0.536,9,28,0.321,21,27,0.778,14,34,48,28,6,0,21,23,-12.0
22024,1610612738,BOS,Boston Celtics,0022400471,2025-01-03,BOS @ HOU,W,242,109,39,77,0.506,19,39,0.487,12,18,0.667,12,29,41,20,6,8,14,13,23.0
22024,1610612745,HOU,Houston Rockets,0022400471,2025-01-03,HOU vs. BOS,L,241,86,32,88,0.364,10,36,0.278,12,12,1.0,14,23,37,9,6,4,11,21,-23.0
22024,1610612763,MEM,Memphis Grizzlies,0022400476,2025-01-03,MEM @ SAC,L,241,133,43,89,0.483,17,37,0.459,30,36,0.833,14,37,51,31,5,4,17,20,-5.0
22024,1610612753,ORL,Orlando Magic,0022400470,2025-01-03,ORL @ TOR,W,240,106,37,79,0.468,19,44,0.432,13,17,0.765,12,30,42,32,10,8,11,15,9.0
22024,1610612761,TOR,Toronto Raptors,0022400470,2025-01-03,TOR vs. ORL,L,240,97,38,80,0.475,10,29,0.345,11,13,0.846,7,30,37,28,6,1,11,11,-9.0
22024,1610612752,NYK,New York Knicks,0022400473,2025-01-03,NYK @ OKC,L,240,107,43,90,0.478,9,32,0.281,12,17,0.706,11,31,42,22,7,2,12,17,-10.0
22024,1610612758,SAC,Sacramento Kings,0022400476,2025-01-03,SAC vs. MEM,W,240,138,49,99,0.495,21,47,0.447,19,23,0.826,10,27,37,32,10,8,9,23,5.0
22024,1610612742,DAL,Dallas Mavericks,0022400474,2025-01-03,DAL vs. CLE,L,240,122,43,100,0.43,12,44,0.273,24,30,0.8,21,32,53,29,3,4,12,17,-12.0
22024,1610612743,DEN,Denver Nuggets,0022400475,2025-01-03,DEN vs. SAS,L,241,110,42,97,0.433,15,39,0.385,11,16,0.688,10,36,46,33,7,7,8,13,-3.0
22024,1610612760,OKC,Oklahoma City Thunder,0022400473,2025-01-03,OKC vs. NYK,W,242,117,43,84,0.512,14,27,0.519,17,21,0.81,7,34,41,27,9,7,13,17,10.0
22024,1610612759,SAS,San Antonio Spurs,0022400475,2025-01-03,SAS @ DEN,W,239,113,46,99,0.465,13,36,0.361,8,13,0.615,14,42,56,31,4,3,13,15,3.0
22024,1610612740,NOP,New Orleans Pelicans,0022400472,2025-01-03,NOP vs. WAS,W,240,132,48,96,0.5,18,41,0.439,18,22,0.818,13,24,37,36,10,6,7,22,12.0
22024,1610612766,CHA,Charlotte Hornets,0022400469,2025-01-03,CHA @ DET,L,239,94,33,80,0.413,9,30,0.3,19,30,0.633,9,36,45,25,8,6,17,10,-4.0
22024,1610612737,ATL,Atlanta Hawks,0022400477,2025-01-03,ATL @ LAL,L,240,102,41,100,0.41,6,34,0.176,14,18,0.778,13,26,39,22,10,3,8,22,-17.0
22024,1610612739,CLE,Cleveland Cavaliers,0022400474,2025-01-03,CLE @ DAL,W,238,134,52,98,0.531,15,40,0.375,15,20,0.75,10,36,46,38,5,7,7,20,12.0
22024,1610612747,LAL,Los Angeles Lakers,0022400477,2025-01-03,LAL vs. ATL,W,240,119,43,88,0.489,13,30,0.433,20,25,0.8,17,39,56,28,4,6,18,21,17.0
22024,1610612765,DET,Detroit Pistons,0022400469,2025-01-03,DET vs. CHA,W,240,98,39,93,0.419,12,37,0.324,8,13,0.615,14,37,51,21,13,7,13,27,4.0
22024,1610612747,LAL,Los Angeles Lakers,0022400468,2025-01-02,LAL vs. POR,W,240,114,43,94,0.457,15,43,0.349,13,14,0.929,15,28,43,30,8,3,12,17,8.0
22024,1610612755,PHI,Philadelphia 76ers,0022400467,2025-01-02,PHI @ GSW,L,239,105,34,81,0.42,9,31,0.29,28,34,0.824,6,27,33,17,11,6,11,16,-34.0
22024,1610612754,IND,Indiana Pacers,0022400463,2025-01-02,IND @ MIA,W,241,128,51,96,0.531,17,40,0.425,9,16,0.563,13,26,39,35,9,4,6,16,13.0
22024,1610612748,MIA,Miami Heat,0022400463,2025-01-02,MIA vs. IND,L,240,115,43,75,0.573,11,26,0.423,18,21,0.857,5,34,39,34,6,6,14,13,-13.0
22024,1610612750,MIN,Minnesota Timberwolves,0022400464,2025-01-02,MIN vs. BOS,L,240,115,37,74,0.5,21,39,0.538,20,22,0.909,11,30,41,24,1,2,15,11,-3.0
22024,1610612751,BKN,Brooklyn Nets,0022400465,2025-01-02,BKN @ MIL,W,241,113,38,88,0.432,12,39,0.308,25,28,0.893,14,37,51,26,8,3,14,21,3.0
22024,1610612749,MIL,Milwaukee Bucks,0022400465,2025-01-02,MIL vs. BKN,L,241,110,40,90,0.444,11,37,0.297,19,28,0.679,13,33,46,21,6,6,14,21,-3.0
22024,1610612746,LAC,LA Clippers,0022400466,2025-01-02,LAC @ OKC,L,239,98,38,81,0.469,11,32,0.344,11,17,0.647,10,35,45,25,6,1,19,18,-18.0
22024,1610612760,OKC,Oklahoma City Thunder,0022400466,2025-01-02,OKC vs. LAC,W,240,116,43,86,0.5,14,38,0.368,16,20,0.8,4,31,35,29,11,3,9,14,18.0
22024,1610612744,GSW,Golden State Warriors,0022400467,2025-01-02,GSW vs. PHI,W,242,139,53,87,0.609,22,39,0.564,11,15,0.733,5,38,43,41,5,8,11,22,34.0
22024,1610612738,BOS,Boston Celtics,0022400464,2025-01-02,BOS @ MIN,W,241,118,46,92,0.5,22,57,0.386,4,6,0.667,10,21,31,30,9,4,3,16,3.0
22024,1610612757,POR,Portland Trail Blazers,0022400468,2025-01-02,POR @ LAL,L,240,106,40,80,0.5,9,26,0.346,17,21,0.81,8,34,42,24,6,4,18,15,-8.0
22024,1610612758,SAC,Sacramento Kings,0022400462,2025-01-01,SAC vs. PHI,W,241,113,41,84,0.488,9,31,0.29,22,24,0.917,14,31,45,24,11,4,17,14,6.0
22024,1610612745,HOU,Houston Rockets,0022400460,2025-01-01,HOU vs. DAL,W,241,110,42,89,0.472,8,25,0.32,18,23,0.783,4,31,35,16,17,1,12,18,11.0
22024,1610612742,DAL,Dallas Mavericks,0022400460,2025-01-01,DAL @ HOU,L,240,99,40,75,0.533,11,28,0.393,8,16,0.5,6,32,38,19,9,12,20,20,-11.0
22024,1610612741,CHI,Chicago Bulls,0022400456,2025-01-01,CHI @ WAS,L,240,107,41,92,0.446,14,47,0.298,11,14,0.786,8,36,44,28,11,6,20,13,-18.0
22024,1610612753,ORL,Orlando Magic,0022400455,2025-01-01,ORL @ DET,L,239,96,37,91,0.407,8,35,0.229,14,20,0.7,9,24,33,18,18,5,12,21,-9.0
22024,1610612751,BKN,Brooklyn Nets,0022400459,2025-01-01,BKN @ TOR,L,240,113,42,87,0.483,11,37,0.297,18,20,0.9,4,28,32,28,8,2,11,17,-17.0
22024,1610612764,WAS,Washington Wizards,0022400456,2025-01-01,WAS vs. CHI,W,243,125,49,99,0.495,17,36,0.472,10,12,0.833,8,34,42,36,11,3,15,13,18.0
22024,1610612743,DEN,Denver Nuggets,0022400461,2025-01-01,DEN vs. ATL,W,240,139,53,94,0.564,12,30,0.4,21,21,1.0,4,39,43,44,8,5,12,16,19.0
22024,1610612765,DET,Detroit Pistons,0022400455,2025-01-01,DET vs. ORL,W,240,105,41,79,0.519,12,29,0.414,11,17,0.647,9,40,49,25,7,3,23,18,9.0
22024,1610612761,TOR,Toronto Raptors,0022400459,2025-01-01,TOR vs. BKN,W,242,130,52,88,0.591,16,32,0.5,10,13,0.769,8,31,39,36,8,6,10,20,17.0
22024,1610612737,ATL,Atlanta Hawks,0022400461,2025-01-01,ATL @ DEN,L,240,120,45,100,0.45,16,46,0.348,14,21,0.667,12,32,44,34,10,5,13,16,-19.0
22024,1610612748,MIA,Miami Heat,0022400457,2025-01-01,MIA vs. NOP,W,240,119,44,83,0.53,14,34,0.412,17,21,0.81,5,33,38,34,6,1,10,16,11.0
22024,1610612755,PHI,Philadelphia 76ers,0022400462,2025-01-01,PHI @ SAC,L,239,107,40,84,0.476,15,40,0.375,12,14,0.857,8,26,34,24,10,5,18,22,-6.0
22024,1610612740,NOP,New Orleans Pelicans,0022400457,2025-01-01,NOP @ MIA,L,239,108,40,80,0.5,9,34,0.265,19,22,0.864,5,26,31,25,4,7,10,15,-11.0
22024,1610612762,UTA,Utah Jazz,0022400458,2025-01-01,UTA @ NYK,L,240,103,39,96,0.406,13,43,0.302,12,15,0.8,14,31,45,23,7,6,16,19,-16.0
22024,1610612752,NYK,New York Knicks,0022400458,2025-01-01,NYK vs. UTA,W,239,119,47,85,0.553,9,23,0.391,16,23,0.696,6,41,47,31,10,6,13,16,16.0
22024,1610612746,LAC,LA Clippers,0022400451,2024-12-31,LAC @ SAS,L,238,86,30,87,0.345,11,41,0.268,15,18,0.833,10,31,41,17,7,3,13,15,-36.0
22024,1610612760,OKC,Oklahoma City Thunder,0022400452,2024-12-31,OKC vs. MIN,W,241,113,42,89,0.472,12,36,0.333,17,23,0.739,9,28,37,25,16,2,9,13,8.0
22024,1610612738,BOS,Boston Celtics,0022400449,2024-12-31,BOS vs. TOR,W,239,125,47,87,0.54,22,43,0.512,9,15,0.6,11,38,49,29,14,7,13,10,54.0
22024,1610612749,MIL,Milwaukee Bucks,0022400450,2024-12-31,MIL @ IND,W,240,120,45,97,0.464,12,33,0.364,18,24,0.75,13,38,51,27,10,0,12,22,8.0
22024,1610612750,MIN,Minnesota Timberwolves,0022400452,2024-12-31,MIN @ OKC,L,240,105,39,79,0.494,15,38,0.395,12,12,1.0,10,33,43,21,3,7,23,18,-8.0
22024,1610612759,SAS,San Antonio Spurs,0022400451,2024-12-31,SAS vs. LAC,W,241,122,48,98,0.49,9,40,0.225,17,19,0.895,15,43,58,37,10,7,9,15,36.0
22024,1610612763,MEM,Memphis Grizzlies,0022400453,2024-12-31,MEM @ PHX,W,242,117,40,94,0.426,15,44,0.341,22,33,0.667,16,35,51,27,10,6,17,29,5.0
22024,1610612756,PHX,Phoenix Suns,0022400453,2024-12-31,PHX vs. MEM,L,240,112,42,92,0.457,9,30,0.3,19,25,0.76,10,33,43,28,9,10,17,25,-5.0
22024,1610612761,TOR,Toronto Raptors,0022400449,2024-12-31,TOR @ BOS,L,240,71,27,86,0.314,10,40,0.25,7,11,0.636,14,30,44,18,8,4,21,16,-54.0
22024,1610612739,CLE,Cleveland Cavaliers,0022400454,2024-12-31,CLE @ LAL,W,240,122,45,93,0.484,18,46,0.391,14,17,0.824,10,38,48,32,5,8,11,15,12.0
22024,1610612747,LAL,Los Angeles Lakers,0022400454,2024-12-31,LAL vs. CLE,L,238,110,42,95,0.442,9,35,0.257,17,19,0.895,8,35,43,26,7,3,8,12,-12.0
22024,1610612754,IND,Indiana Pacers,0022400450,2024-12-31,IND vs. MIL,L,240,112,40,90,0.444,13,37,0.351,19,30,0.633,9,41,50,26,8,7,16,20,-8.0
22024,1610612739,CLE,Cleveland Cavaliers,0022400446,2024-12-30,CLE @ GSW,W,241,113,44,96,0.458,18,47,0.383,7,10,0.7,11,43,54,25,10,6,16,25,18.0
22024,1610612742,DAL,Dallas Mavericks,0022400448,2024-12-30,DAL @ SAC,L,241,100,32,76,0.421,12,31,0.387,24,29,0.828,2,34,36,17,8,13,17,20,-10.0
22024,1610612741,CHI,Chicago Bulls,0022400442,2024-12-30,CHI @ CHA,W,263,115,39,104,0.375,18,60,0.3,19,27,0.704,14,49,63,31,11,4,13,17,7.0
22024,1610612752,NYK,New York Knicks,0022400443,2024-12-30,NYK @ WAS,W,241,126,45,98,0.459,15,44,0.341,21,25,0.84,15,39,54,34,9,2,7,19,20.0
22024,1610612757,POR,Portland Trail Blazers,0022400447,2024-12-30,POR vs. PHI,L,240,103,37,77,0.481,8,36,0.222,21,30,0.7,12,21,33,23,8,4,24,26,-22.0
22024,1610612744,GSW,Golden State Warriors,0022400446,2024-12-30,GSW vs. CLE,L,241,95,33,99,0.333,9,38,0.237,20,26,0.769,14,41,55,20,5,8,14,14,-18.0
22024,1610612740,NOP,New Orleans Pelicans,0022400444,2024-12-30,NOP vs. LAC,L,240,113,42,82,0.512,18,37,0.486,11,14,0.786,6,29,35,30,13,5,16,22,-3.0
22024,1610612766,CHA,Charlotte Hornets,0022400442,2024-12-30,CHA vs. CHI,L,265,108,42,101,0.416,10,43,0.233,14,20,0.7,9,47,56,23,8,6,14,20,-7.0
22024,1610612764,WAS,Washington Wizards,0022400443,2024-12-30,WAS vs. NYK,L,241,106,39,92,0.424,12,43,0.279,16,22,0.727,12,34,46,25,6,8,13,23,-20.0
22024,1610612755,PHI,Philadelphia 76ers,0022400447,2024-12-30,PHI @ POR,W,242,125,43,75,0.573,11,24,0.458,28,31,0.903,8,24,32,20,12,3,19,27,22.0
22024,1610612762,UTA,Utah Jazz,0022400445,2024-12-30,UTA vs. DEN,L,240,121,44,86,0.512,13,38,0.342,20,22,0.909,7,30,37,28,6,2,16,17,-11.0
22024,1610612746,LAC,LA Clippers,0022400444,2024-12-30,LAC @ NOP,W,241,116,41,86,0.477,13,37,0.351,21,27,0.778,14,26,40,24,11,2,16,14,3.0
22024,1610612758,SAC,Sacramento Kings,0022400448,2024-12-30,SAC vs. DAL,W,239,110,42,100,0.42,10,32,0.313,16,19,0.842,18,40,58,25,8,1,15,23,10.0
22024,1610612743,DEN,Denver Nuggets,0022400445,2024-12-30,DEN @ UTA,W,240,132,53,105,0.505,9,30,0.3,17,19,0.895,17,34,51,38,13,3,7,17,11.0
22024,1610612754,IND,Indiana Pacers,0022400437,2024-12-29,IND @ BOS,W,239,123,46,87,0.529,9,23,0.391,22,27,0.815,11,39,50,27,6,2,9,17,9.0
22024,1610612751,BKN,Brooklyn Nets,0022400436,2024-12-29,BKN @ ORL,L,241,101,32,73,0.438,13,30,0.433,24,28,0.857,9,29,38,22,7,3,14,19,-1.0
22024,1610612737,ATL,Atlanta Hawks,0022400438,2024-12-29,ATL @ TOR,W,240,136,46,95,0.484,18,45,0.4,26,35,0.743,14,26,40,30,22,8,14,19,29.0
22024,1610612738,BOS,Boston Celtics,0022400437,2024-12-29,BOS vs. IND,L,239,114,43,93,0.462,16,54,0.296,12,19,0.632,8,33,41,26,6,6,8,22,-9.0
22024,1610612753,ORL,Orlando Magic,0022400436,2024-12-29,ORL vs. BKN,W,241,102,37,83,0.446,12,36,0.333,16,25,0.64,16,26,42,30,7,3,13,23,1.0
22024,1610612748,MIA,Miami Heat,0022400439,2024-12-29,MIA @ HOU,W,240,104,37,84,0.44,10,33,0.303,20,28,0.714,15,37,52,21,6,3,14,14,4.0
22024,1610612759,SAS,San Antonio Spurs,0022400441,2024-12-29,SAS @ MIN,L,240,110,38,87,0.437,11,39,0.282,23,28,0.821,8,33,41,25,6,4,9,18,-2.0
22024,1610612750,MIN,Minnesota Timberwolves,0022400441,2024-12-29,MIN vs. SAS,W,241,112,43,100,0.43,11,44,0.25,15,19,0.789,18,38,56,23,4,5,10,23,2.0
22024,1610612763,MEM,Memphis Grizzlies,0022400440,2024-12-29,MEM @ OKC,L,239,106,37,97,0.381,14,51,0.275,18,21,0.857,16,35,51,30,6,4,21,15,-24.0
22024,1610612760,OKC,Oklahoma City Thunder,0022400440,2024-12-29,OKC vs. MEM,W,242,130,52,103,0.505,14,44,0.318,12,12,1.0,9,36,45,35,10,9,10,24,24.0
22024,1610612761,TOR,Toronto Raptors,0022400438,2024-12-29,TOR vs. ATL,L,240,107,38,85,0.447,7,24,0.292,24,27,0.889,15,37,52,26,10,4,31,26,-29.0
22024,1610612745,HOU,Houston Rockets,0022400439,2024-12-29,HOU vs. MIA,L,240,100,38,97,0.392,13,40,0.325,11,13,0.846,19,33,52,24,5,4,12,21,-4.0
22024,1610612742,DAL,Dallas Mavericks,0022400434,2024-12-28,DAL @ POR,L,240,122,43,89,0.483,15,38,0.395,21,26,0.808,10,30,40,20,6,10,13,21,-4.0
22024,1610612756,PHX,Phoenix Suns,0022400431,2024-12-28,PHX @ GSW,L,241,105,39,92,0.424,9,35,0.257,18,22,0.818,14,32,46,21,7,12,13,13,-4.0
22024,1610612762,UTA,Utah Jazz,0022400433,2024-12-28,UTA vs. PHI,L,240,111,43,89,0.483,12,36,0.333,13,15,0.867,14,34,48,27,3,3,21,25,-3.0
22024,1610612760,OKC,Oklahoma City Thunder,0022400428,2024-12-28,OKC @ CHA,W,240,106,42,88,0.477,10,38,0.263,12,14,0.857,9,40,49,29,9,1,15,19,12.0
22024,1610612747,LAL,Los Angeles Lakers,0022400435,2024-12-28,LAL vs. SAC,W,240,132,46,77,0.597,14,26,0.538,26,33,0.788,4,29,33,33,4,3,11,13,10.0
22024,1610612765,DET,Detroit Pistons,0022400432,2024-12-28,DET @ DEN,L,242,121,46,95,0.484,12,39,0.308,17,23,0.739,15,26,41,29,8,1,12,25,-13.0
22024,1610612749,MIL,Milwaukee Bucks,0022400430,2024-12-28,MIL @ CHI,L,240,111,41,102,0.402,15,45,0.333,14,14,1.0,6,37,43,27,6,7,7,16,-5.0
22024,1610612752,NYK,New York Knicks,0022400429,2024-12-28,NYK @ WAS,W,266,136,51,97,0.526,10,40,0.25,24,26,0.923,10,33,43,26,7,3,15,14,4.0
22024,1610612737,ATL,Atlanta Hawks,0022400427,2024-12-28,ATL vs. MIA,W,240,120,44,86,0.512,15,37,0.405,17,22,0.773,9,38,47,34,7,2,11,16,10.0
22024,1610612766,CHA,Charlotte Hornets,0022400428,2024-12-28,CHA vs. OKC,L,239,94,29,80,0.363,11,34,0.324,25,28,0.893,8,36,44,17,9,5,18,16,-12.0
22024,1610612743,DEN,Denver Nuggets,0022400432,2024-12-28,DEN vs. DET,W,242,134,46,82,0.561,13,27,0.481,29,36,0.806,8,32,40,29,9,6,13,18,13.0
22024,1610612757,POR,Portland Trail Blazers,0022400434,2024-12-28,POR vs. DAL,W,240,126,46,92,0.5,11,26,0.423,23,29,0.793,14,36,50,27,8,7,14,19,4.0
22024,1610612744,GSW,Golden State Warriors,0022400431,2024-12-28,GSW vs. PHX,W,240,109,41,98,0.418,12,45,0.267,15,19,0.789,18,31,49,26,8,7,11,17,4.0
22024,1610612741,CHI,Chicago Bulls,0022400430,2024-12-28,CHI vs. MIL,W,239,116,45,95,0.474,14,36,0.389,12,17,0.706,11,41,52,33,4,6,11,16,5.0
22024,1610612758,SAC,Sacramento Kings,0022400435,2024-12-28,SAC @ LAL,L,239,122,50,98,0.51,11,40,0.275,11,15,0.733,13,26,39,38,7,2,9,26,-10.0
22024,1610612748,MIA,Miami Heat,0022400427,2024-12-28,MIA @ ATL,L,239,110,40,90,0.444,13,41,0.317,17,18,0.944,8,34,42,23,9,4,8,19,-10.0
22024,1610612755,PHI,Philadelphia 76ers,0022400433,2024-12-28,PHI @ UTA,W,242,114,36,83,0.434,13,36,0.361,29,37,0.784,10,22,32,22,15,8,8,22,3.0
22024,1610612764,WAS,Washington Wizards,0022400429,2024-12-28,WAS vs. NYK,L,265,132,51,99,0.515,17,38,0.447,13,15,0.867,11,33,44,32,7,4,15,22,-4.0
22024,1610612739,CLE,Cleveland Cavaliers,0022400424,2024-12-27,CLE @ DEN,W,241,149,54,96,0.563,23,48,0.479,18,22,0.818,9,29,38,40,10,7,10,17,14.0
22024,1610612746,LAC,LA Clippers,0022400426,2024-12-27,LAC vs. GSW,W,241,102,40,75,0.533,10,32,0.313,12,15,0.8,6,33,39,19,6,10,21,19,10.0
22024,1610612742,DAL,Dallas Mavericks,0022400425,2024-12-27,DAL @ PHX,W,242,98,35,80,0.438,12,34,0.353,16,17,0.941,7,34,41,24,6,5,15,15,9.0
22024,1610612751,BKN,Brooklyn Nets,0022400421,2024-12-27,BKN vs. SAS,L,240,87,35,90,0.389,12,41,0.293,5,8,0.625,12,33,45,22,8,4,16,22,-9.0
22024,1610612752,NYK,New York Knicks,0022400419,2024-12-27,NYK @ ORL,W,241,108,40,75,0.533,4,15,0.267,24,34,0.706,12,32,44,18,10,3,18,20,23.0
22024,1610612750,MIN,Minnesota Timberwolves,0022400422,2024-12-27,MIN @ HOU,W,240,113,42,83,0.506,21,43,0.488,8,16,0.5,10,30,40,25,8,6,14,22,1.0
22024,1610612745,HOU,Houston Rockets,0022400422,2024-12-27,HOU vs. MIN,L,241,112,45,92,0.489,10,30,0.333,12,19,0.632,16,31,47,19,7,3,13,16,-1.0
22024,1610612759,SAS,San Antonio Spurs,0022400421,2024-12-27,SAS @ BKN,W,240,96,32,78,0.41,12,28,0.429,20,27,0.741,11,32,43,26,10,8,13,11,9.0
22024,1610612743,DEN,Denver Nuggets,0022400424,2024-12-27,DEN vs. CLE,L,242,135,53,94,0.564,15,31,0.484,14,18,0.778,8,30,38,39,8,3,13,20,-14.0
22024,1610612753,ORL,Orlando Magic,0022400419,2024-12-27,ORL vs. NYK,L,240,85,32,87,0.368,10,33,0.303,11,12,0.917,11,22,33,20,7,3,17,23,-23.0
22024,1610612744,GSW,Golden State Warriors,0022400426,2024-12-27,GSW @ LAC,L,242,92,35,95,0.368,7,38,0.184,15,20,0.75,19,28,47,24,14,2,14,16,-10.0
22024,1610612756,PHX,Phoenix Suns,0022400425,2024-12-27,PHX vs. DAL,L,241,89,32,83,0.386,13,35,0.371,12,18,0.667,12,30,42,23,11,7,13,17,-9.0
22024,1610612738,BOS,Boston Celtics,0022400420,2024-12-27,BOS vs. IND,W,241,142,47,92,0.511,23,56,0.411,25,29,0.862,18,34,52,31,9,6,10,19,37.0
22024,1610612763,MEM,Memphis Grizzlies,0022400423,2024-12-27,MEM @ NOP,W,239,132,42,89,0.472,17,41,0.415,31,35,0.886,9,33,42,30,12,7,16,19,8.0
22024,1610612754,IND,Indiana Pacers,0022400420,2024-12-27,IND @ BOS,L,241,105,38,91,0.418,11,39,0.282,18,25,0.72,13,26,39,27,5,3,12,20,-37.0
22024,1610612740,NOP,New Orleans Pelicans,0022400423,2024-12-27,NOP vs. MEM,L,241,124,43,96,0.448,11,38,0.289,27,29,0.931,12,33,45,30,13,10,17,25,-8.0
22024,1610612754,IND,Indiana Pacers,0022400410,2024-12-26,IND vs. OKC,L,240,114,42,89,0.472,14,36,0.389,16,22,0.727,11,40,51,28,1,8,11,21,-6.0
22024,1610612757,POR,Portland Trail Blazers,0022400417,2024-12-26,POR vs. UTA,W,240,122,45,89,0.506,15,38,0.395,17,22,0.773,9,34,43,26,10,8,11,20,2.0
22024,1610612748,MIA,Miami Heat,0022400411,2024-12-26,MIA @ ORL,W,241,89,31,76,0.408,15,30,0.5,12,14,0.857,7,28,35,21,14,6,20,20,1.0
22024,1610612766,CHA,Charlotte Hornets,0022400412,2024-12-26,CHA @ WAS,L,239,110,41,94,0.436,17,42,0.405,11,14,0.786,11,39,50,31,6,4,18,23,-3.0
22024,1610612763,MEM,Memphis Grizzlies,0022400414,2024-12-26,MEM vs. TOR,W,239,155,58,109,0.532,18,45,0.4,21,29,0.724,24,39,63,36,8,8,17,18,29.0
22024,1610612765,DET,Detroit Pistons,0022400418,2024-12-26,DET @ SAC,W,240,114,38,91,0.418,17,44,0.386,21,25,0.84,10,34,44,25,6,4,10,22,1.0
22024,1610612749,MIL,Milwaukee Bucks,0022400415,2024-12-26,MIL vs. BKN,L,239,105,41,83,0.494,15,38,0.395,8,12,0.667,8,31,39,23,12,3,22,18,-6.0
22024,1610612761,TOR,Toronto Raptors,0022400414,2024-12-26,TOR @ MEM,L,239,126,49,108,0.454,14,43,0.326,14,18,0.778,13,27,40,39,8,3,15,23,-29.0
22024,1610612753,ORL,Orlando Magic,0022400411,2024-12-26,ORL vs. MIA,L,240,88,34,77,0.442,5,29,0.172,15,18,0.833,9,33,42,14,12,6,21,15,-1.0
22024,1610612758,SAC,Sacramento Kings,0022400418,2024-12-26,SAC vs. DET,L,240,113,39,82,0.476,14,39,0.359,21,26,0.808,8,36,44,20,3,6,14,20,-1.0
22024,1610612737,ATL,Atlanta Hawks,0022400413,2024-12-26,ATL vs. CHI,W,240,141,46,89,0.517,17,45,0.378,32,34,0.941,12,32,44,32,9,5,12,13,8.0
22024,1610612762,UTA,Utah Jazz,0022400417,2024-12-26,UTA @ POR,L,240,120,41,86,0.477,21,42,0.5,17,25,0.68,11,35,46,26,9,5,13,16,-2.0
22024,1610612741,CHI,Chicago Bulls,0022400413,2024-12-26,CHI @ ATL,L,239,133,53,98,0.541,22,43,0.512,5,6,0.833,9,27,36,36,8,1,14,26,-8.0
22024,1610612764,WAS,Washington Wizards,0022400412,2024-12-26,WAS vs. CHA,W,239,113,39,91,0.429,14,44,0.318,21,28,0.75,8,35,43,25,9,7,11,19,3.0
22024,1610612760,OKC,Oklahoma City Thunder,0022400410,2024-12-26,OKC @ IND,W,242,120,44,95,0.463,13,37,0.351,19,24,0.792,9,36,45,20,4,4,3,18,6.0
22024,1610612745,HOU,Houston Rockets,0022400416,2024-12-26,HOU @ NOP,W,240,128,46,97,0.474,18,47,0.383,18,23,0.783,18,36,54,19,7,9,15,14,17.0
22024,1610612751,BKN,Brooklyn Nets,0022400415,2024-12-26,BKN @ MIL,W,240,111,39,82,0.476,16,38,0.421,17,22,0.773,9,29,38,25,8,1,21,11,6.0
22024,1610612740,NOP,New Orleans Pelicans,0022400416,2024-12-26,NOP vs. HOU,L,241,111,43,99,0.434,12,37,0.324,13,18,0.722,17,27,44,29,12,2,13,16,-17.0
22024,1610612752,NYK,New York Knicks,0022400405,2024-12-25,NYK vs. SAS,W,240,117,45,100,0.45,13,39,0.333,14,16,0.875,17,30,47,26,7,3,5,17,3.0
22024,1610612742,DAL,Dallas Mavericks,0022400406,2024-12-25,DAL vs. MIN,L,240,99,36,87,0.414,16,43,0.372,11,11,1.0,11,32,43,15,6,8,12,13,-6.0
22024,1610612738,BOS,Boston Celtics,0022400407,2024-12-25,BOS vs. PHI,L,239,114,43,95,0.453,20,49,0.408,8,13,0.615,13,38,51,24,3,4,13,18,-4.0
22024,1610612747,LAL,Los Angeles Lakers,0022400408,2024-12-25,LAL @ GSW,W,240,115,41,91,0.451,15,42,0.357,18,18,1.0,11,30,41,30,6,4,9,14,2.0
22024,1610612750,MIN,Minnesota Timberwolves,0022400406,2024-12-25,MIN @ DAL,W,240,105,40,86,0.465,14,32,0.438,11,13,0.846,8,38,46,23,8,5,10,14,6.0
22024,1610612743,DEN,Denver Nuggets,0022400409,2024-12-25,DEN @ PHX,L,240,100,36,78,0.462,8,29,0.276,20,28,0.714,14,32,46,20,3,2,16,16,-10.0
22024,1610612759,SAS,San Antonio Spurs,0022400405,2024-12-25,SAS @ NYK,L,239,114,42,83,0.506,16,38,0.421,14,17,0.824,8,37,45,33,3,6,15,15,-3.0
22024,1610612756,PHX,Phoenix Suns,0022400409,2024-12-25,PHX vs. DEN,W,241,110,41,88,0.466,11,36,0.306,17,20,0.85,12,30,42,31,12,4,7,17,10.0
22024,1610612744,GSW,Golden State Warriors,0022400408,2024-12-25,GSW vs. LAL,L,240,113,41,89,0.461,18,45,0.4,13,17,0.765,12,32,44,26,2,8,12,18,-2.0
22024,1610612755,PHI,Philadelphia 76ers,0022400407,2024-12-25,PHI @ BOS,W,241,118,41,88,0.466,17,40,0.425,19,19,1.0,5,34,39,28,10,5,6,17,4.0
22024,1610612757,POR,Portland Trail Blazers,0022400401,2024-12-23,POR @ DAL,L,240,108,43,93,0.462,8,29,0.276,14,19,0.737,16,32,48,23,6,1,18,25,-24.0
22024,1610612756,PHX,Phoenix Suns,0022400402,2024-12-23,PHX @ DEN,L,241,90,33,83,0.398,13,33,0.394,11,15,0.733,9,30,39,23,6,5,13,13,-27.0
22024,1610612741,CHI,Chicago Bulls,0022400398,2024-12-23,CHI vs. MIL,L,239,91,36,90,0.4,10,48,0.208,9,12,0.75,9,37,46,27,9,1,15,15,-21.0
22024,1610612766,CHA,Charlotte Hornets,0022400391,2024-12-23,CHA vs. HOU,L,239,101,37,89,0.416,10,36,0.278,17,24,0.708,11,33,44,25,8,6,11,15,-13.0
22024,1610612764,WAS,Washington Wizards,0022400400,2024-12-23,WAS @ OKC,L,240,105,36,91,0.396,16,43,0.372,17,20,0.85,13,38,51,25,7,8,19,16,-18.0
22024,1610612763,MEM,Memphis Grizzlies,0022400399,2024-12-23,MEM vs. LAC,L,241,110,38,99,0.384,16,42,0.381,18,26,0.692,19,37,56,26,8,6,20,18,-4.0
22024,1610612739,CLE,Cleveland Cavaliers,0022400392,2024-12-23,CLE vs. UTA,W,241,124,43,91,0.473,20,46,0.435,18,23,0.783,10,30,40,33,10,3,9,23,11.0
22024,1610612751,BKN,Brooklyn Nets,0022400396,2024-12-23,BKN @ MIA,L,240,95,33,84,0.393,13,34,0.382,16,20,0.8,11,31,42,23,9,2,14,18,-15.0
22024,1610612737,ATL,Atlanta Hawks,0022400395,2024-12-23,ATL vs. MIN,W,239,117,39,73,0.534,18,36,0.5,21,26,0.808,6,32,38,27,15,6,21,14,13.0
22024,1610612752,NYK,New York Knicks,0022400397,2024-12-23,NYK vs. TOR,W,238,139,51,86,0.593,17,37,0.459,20,29,0.69,8,27,35,34,9,1,14,27,14.0
22024,1610612747,LAL,Los Angeles Lakers,0022400404,2024-12-23,LAL vs. DET,L,240,114,40,74,0.541,14,30,0.467,20,25,0.8,6,32,38,28,8,3,18,10,-3.0
22024,1610612738,BOS,Boston Celtics,0022400393,2024-12-23,BOS @ ORL,L,239,104,37,84,0.44,8,33,0.242,22,27,0.815,8,33,41,13,13,5,18,16,-4.0
22024,1610612753,ORL,Orlando Magic,0022400393,2024-12-23,ORL vs. BOS,W,240,108,37,83,0.446,13,33,0.394,21,21,1.0,7,35,42,26,11,9,20,24,4.0
22024,1610612754,IND,Indiana Pacers,0022400403,2024-12-23,IND @ GSW,W,239,111,45,92,0.489,11,35,0.314,10,11,0.909,8,35,43,26,7,4,11,16,6.0
22024,1610612765,DET,Detroit Pistons,0022400404,2024-12-23,DET @ LAL,W,239,117,47,92,0.511,11,30,0.367,12,12,1.0,10,27,37,24,12,5,12,20,3.0
22024,1610612743,DEN,Denver Nuggets,0022400402,2024-12-23,DEN vs. PHX,W,241,117,46,90,0.511,16,41,0.39,9,11,0.818,11,35,46,35,6,4,12,15,27.0
22024,1610612755,PHI,Philadelphia 76ers,0022400394,2024-12-23,PHI vs. SAS,W,241,111,39,93,0.419,16,44,0.364,17,23,0.739,9,38,47,22,11,2,9,18,5.0
22024,1610612759,SAS,San Antonio Spurs,0022400394,2024-12-23,SAS @ PHI,L,241,106,37,81,0.457,15,45,0.333,17,18,0.944,3,39,42,24,4,12,18,21,-5.0
22024,1610612745,HOU,Houston Rockets,0022400391,2024-12-23,HOU @ CHA,W,241,114,43,99,0.434,13,42,0.31,15,19,0.789,21,39,60,23,4,8,11,16,13.0
22024,1610612762,UTA,Utah Jazz,0022400392,2024-12-23,UTA @ CLE,L,239,113,38,92,0.413,19,44,0.432,18,26,0.692,18,33,51,27,6,5,16,20,-11.0
22024,1610612742,DAL,Dallas Mavericks,0022400401,2024-12-23,DAL vs. POR,W,241,132,48,90,0.533,12,36,0.333,24,34,0.706,13,28,41,27,10,4,10,21,24.0
22024,1610612746,LAC,LA Clippers,0022400399,2024-12-23,LAC @ MEM,W,241,114,42,96,0.438,9,27,0.333,21,26,0.808,15,38,53,22,15,6,17,28,4.0
22024,1610612761,TOR,Toronto Raptors,0022400397,2024-12-23,TOR @ NYK,L,239,125,42,77,0.545,11,28,0.393,30,37,0.811,4,26,30,28,6,3,15,25,-14.0
22024,1610612750,MIN,Minnesota Timberwolves,0022400395,2024-12-23,MIN @ ATL,L,241,104,39,91,0.429,14,43,0.326,12,13,0.923,16,27,43,31,12,3,21,17,-13.0
22024,1610612760,OKC,Oklahoma City Thunder,0022400400,2024-12-23,OKC vs. WAS,W,241,123,47,106,0.443,10,38,0.263,19,22,0.864,19,40,59,25,15,9,12,18,18.0
22024,1610612748,MIA,Miami Heat,0022400396,2024-12-23,MIA vs. BKN,W,240,110,36,73,0.493,17,41,0.415,21,24,0.875,5,39,44,27,6,3,15,17,15.0
22024,1610612749,MIL,Milwaukee Bucks,0022400398,2024-12-23,MIL @ CHI,W,241,112,40,87,0.46,18,43,0.419,14,17,0.824,7,42,49,24,7,1,13,16,21.0
22024,1610612744,GSW,Golden State Warriors,0022400403,2024-12-23,GSW vs. IND,L,239,105,39,90,0.433,12,38,0.316,15,21,0.714,11,33,44,29,7,7,11,13,-6.0
22024,1610612740,NOP,New Orleans Pelicans,0022400390,2024-12-22,NOP vs. DEN,L,265,129,50,108,0.463,12,40,0.3,17,23,0.739,9,34,43,37,16,9,13,23,-3.0
22024,1610612754,IND,Indiana Pacers,0022400389,2024-12-22,IND @ SAC,W,240,122,50,86,0.581,17,39,0.436,5,8,0.625,6,44,50,36,7,5,10,15,27.0
22024,1610612758,SAC,Sacramento Kings,0022400389,2024-12-22,SAC vs. IND,L,239,95,35,96,0.365,12,38,0.316,13,17,0.765,15,32,47,21,3,3,10,11,-27.0
22024,1610612761,TOR,Toronto Raptors,0022400388,2024-12-22,TOR vs. HOU,L,240,110,42,92,0.457,17,43,0.395,9,13,0.692,11,31,42,33,10,3,21,25,-4.0
22024,1610612745,HOU,Houston Rockets,0022400388,2024-12-22,HOU @ TOR,W,240,114,40,89,0.449,7,28,0.25,27,33,0.818,18,35,53,18,12,6,21,14,4.0
22024,1610612743,DEN,Denver Nuggets,0022400390,2024-12-22,DEN @ NOP,W,265,132,49,97,0.505,10,33,0.303,24,32,0.75,14,40,54,34,10,8,22,19,3.0
22024,1610612757,POR,Portland Trail Blazers,0022400386,2024-12-21,POR @ SAS,L,240,94,38,96,0.396,12,43,0.279,6,9,0.667,11,33,44,21,8,3,13,15,-20.0
22024,1610612765,DET,Detroit Pistons,0022400387,2024-12-21,DET @ PHX,W,242,133,49,89,0.551,19,39,0.487,16,22,0.727,10,25,35,31,13,4,13,19,8.0
22024,1610612752,NYK,New York Knicks,0022400384,2024-12-21,NYK @ NOP,W,240,104,38,87,0.437,15,37,0.405,13,15,0.867,15,27,42,24,11,3,16,18,11.0
22024,1610612758,SAC,Sacramento Kings,0022400376,2024-12-21,SAC vs. LAL,L,240,99,39,90,0.433,10,37,0.27,11,14,0.786,11,35,46,25,10,1,13,20,-4.0
22024,1610612750,MIN,Minnesota Timberwolves,0022400383,2024-12-21,MIN vs. GSW,L,240,103,36,86,0.419,14,38,0.368,17,25,0.68,11,34,45,27,5,2,15,18,-10.0
22024,1610612747,LAL,Los Angeles Lakers,0022400376,2024-12-21,LAL @ SAC,W,239,103,40,83,0.482,9,35,0.257,14,21,0.667,9,39,48,23,10,6,13,14,4.0
22024,1610612759,SAS,San Antonio Spurs,0022400386,2024-12-21,SAS vs. POR,W,238,114,44,93,0.473,10,36,0.278,16,18,0.889,12,37,49,33,7,13,12,12,20.0
22024,1610612749,MIL,Milwaukee Bucks,0022400382,2024-12-21,MIL vs. WAS,W,241,112,44,98,0.449,20,48,0.417,4,5,0.8,10,34,44,35,12,2,11,14,11.0
22024,1610612764,WAS,Washington Wizards,0022400382,2024-12-21,WAS @ MIL,L,241,101,36,81,0.444,18,42,0.429,11,16,0.688,8,39,47,20,7,4,19,10,-11.0
22024,1610612740,NOP,New Orleans Pelicans,0022400384,2024-12-21,NOP vs. NYK,L,240,93,34,83,0.41,12,34,0.353,13,19,0.684,16,29,45,23,8,5,19,20,-11.0
22024,1610612739,CLE,Cleveland Cavaliers,0022400380,2024-12-21,CLE vs. PHI,W,239,126,48,90,0.533,22,43,0.512,8,15,0.533,13,36,49,31,8,1,13,18,27.0
22024,1610612751,BKN,Brooklyn Nets,0022400379,2024-12-21,BKN vs. UTA,L,241,94,38,94,0.404,7,40,0.175,11,12,0.917,16,34,50,24,9,3,17,17,-11.0
22024,1610612737,ATL,Atlanta Hawks,0022400378,2024-12-21,ATL vs. MEM,L,239,112,39,80,0.488,14,38,0.368,20,24,0.833,6,35,41,29,11,6,25,14,-16.0
22024,1610612753,ORL,Orlando Magic,0022400377,2024-12-21,ORL vs. MIA,W,240,121,43,87,0.494,11,37,0.297,24,27,0.889,10,31,41,24,5,9,13,23,7.0
22024,1610612756,PHX,Phoenix Suns,0022400387,2024-12-21,PHX vs. DET,L,240,125,45,78,0.577,14,29,0.483,21,23,0.913,6,29,35,30,9,1,19,21,-8.0
22024,1610612748,MIA,Miami Heat,0022400377,2024-12-21,MIA @ ORL,L,239,114,36,75,0.48,9,32,0.281,33,42,0.786,7,31,38,16,7,2,14,25,-7.0
22024,1610612738,BOS,Boston Celtics,0022400381,2024-12-21,BOS @ CHI,W,240,123,48,100,0.48,15,45,0.333,12,14,0.857,17,42,59,27,8,4,12,12,25.0
22024,1610612744,GSW,Golden State Warriors,0022400383,2024-12-21,GSW @ MIN,W,241,113,40,87,0.46,16,42,0.381,17,23,0.739,11,34,45,30,9,6,10,23,10.0
22024,1610612755,PHI,Philadelphia 76ers,0022400380,2024-12-21,PHI @ CLE,L,240,99,34,85,0.4,11,34,0.324,20,27,0.741,11,30,41,13,7,3,13,16,-27.0
22024,1610612742,DAL,Dallas Mavericks,0022400385,2024-12-21,DAL vs. LAC,W,242,113,40,88,0.455,14,35,0.4,19,22,0.864,11,32,43,25,12,5,11,18,16.0
22024,1610612741,CHI,Chicago Bulls,0022400381,2024-12-21,CHI vs. BOS,L,240,98,37,98,0.378,14,41,0.341,10,11,0.909,10,33,43,28,8,4,12,14,-25.0
22024,1610612746,LAC,LA Clippers,0022400385,2024-12-21,LAC @ DAL,L,240,97,34,81,0.42,10,37,0.27,19,22,0.864,8,32,40,18,8,7,17,14,-16.0
22024,1610612763,MEM,Memphis Grizzlies,0022400378,2024-12-21,MEM @ ATL,W,240,128,50,97,0.515,18,41,0.439,10,13,0.769,8,32,40,35,13,1,18,22,16.0
22024,1610612762,UTA,Utah Jazz,0022400379,2024-12-21,UTA @ BKN,W,240,105,41,86,0.477,14,41,0.341,9,17,0.529,10,35,45,25,11,8,18,16,11.0
22024,1610612739,CLE,Cleveland Cavaliers,0022400374,2024-12-20,CLE vs. MIL,W,240,124,46,91,0.505,20,47,0.426,12,14,0.857,9,39,48,30,11,0,15,10,23.0
22024,1610612748,MIA,Miami Heat,0022400375,2024-12-20,MIA vs. OKC,L,239,97,36,83,0.434,12,40,0.3,13,20,0.65,7,34,41,20,9,3,18,16,-7.0
22024,1610612755,PHI,Philadelphia 76ers,0022400373,2024-12-20,PHI vs. CHA,W,241,108,41,83,0.494,12,33,0.364,14,18,0.778,11,28,39,30,14,6,14,21,10.0
22024,1610612749,MIL,Milwaukee Bucks,0022400374,2024-12-20,MIL @ CLE,L,238,101,40,85,0.471,10,27,0.37,11,18,0.611,10,35,45,23,14,4,20,17,-23.0
22024,1610612760,OKC,Oklahoma City Thunder,0022400375,2024-12-20,OKC @ MIA,W,240,104,39,86,0.453,14,34,0.412,12,17,0.706,12,36,48,24,8,5,14,17,7.0
22024,1610612766,CHA,Charlotte Hornets,0022400373,2024-12-20,CHA @ PHI,L,242,98,36,78,0.462,10,31,0.323,16,21,0.762,13,31,44,22,7,4,17,19,-10.0
22024,1610612741,CHI,Chicago Bulls,0022400363,2024-12-19,CHI @ BOS,W,240,117,42,94,0.447,19,52,0.365,14,16,0.875,11,45,56,23,2,2,10,19,9.0
22024,1610612757,POR,Portland Trail Blazers,0022400371,2024-12-19,POR vs. DEN,W,241,126,45,97,0.464,16,46,0.348,20,24,0.833,15,30,45,29,7,7,10,18,2.0
22024,1610612761,TOR,Toronto Raptors,0022400364,2024-12-19,TOR vs. BKN,L,240,94,34,86,0.395,15,44,0.341,11,14,0.786,10,24,34,26,6,4,12,29,-7.0
22024,1610612747,LAL,Los Angeles Lakers,0022400372,2024-12-19,LAL @ SAC,W,239,113,38,94,0.404,12,33,0.364,25,30,0.833,14,39,53,22,8,10,10,16,13.0
22024,1610612753,ORL,Orlando Magic,0022400361,2024-12-19,ORL vs. OKC,L,240,99,35,78,0.449,11,35,0.314,18,25,0.72,10,30,40,25,6,6,18,16,-6.0
22024,1610612762,UTA,Utah Jazz,0022400360,2024-12-19,UTA @ DET,W,240,126,39,83,0.47,20,40,0.5,28,31,0.903,15,47,62,23,5,8,27,19,7.0
22024,1610612764,WAS,Washington Wizards,0022400362,2024-12-19,WAS vs. CHA,W,241,123,41,83,0.494,17,42,0.405,24,31,0.774,12,40,52,33,5,8,18,18,9.0
22024,1610612750,MIN,Minnesota Timberwolves,0022400367,2024-12-19,MIN vs. NYK,L,241,107,41,89,0.461,17,42,0.405,8,13,0.615,6,31,37,29,10,5,13,15,-26.0
22024,1610612763,MEM,Memphis Grizzlies,0022400366,2024-12-19,MEM vs. GSW,W,240,144,53,98,0.541,27,48,0.563,11,15,0.733,15,45,60,38,11,8,16,19,51.0
22024,1610612758,SAC,Sacramento Kings,0022400372,2024-12-19,SAC vs. LAL,L,240,100,37,82,0.451,11,29,0.379,15,22,0.682,4,39,43,27,7,6,15,20,-13.0
22024,1610612765,DET,Detroit Pistons,0022400360,2024-12-19,DET vs. UTA,L,241,119,46,105,0.438,13,47,0.277,14,18,0.778,13,26,39,26,10,8,10,25,-7.0
22024,1610612754,IND,Indiana Pacers,0022400369,2024-12-19,IND @ PHX,W,240,120,39,89,0.438,16,41,0.39,26,31,0.839,9,38,47,30,9,7,9,21,9.0
22024,1610612752,NYK,New York Knicks,0022400367,2024-12-19,NYK @ MIN,W,241,133,50,97,0.515,20,45,0.444,13,16,0.813,16,41,57,39,10,2,15,12,26.0
22024,1610612742,DAL,Dallas Mavericks,0022400368,2024-12-19,DAL vs. LAC,L,240,95,34,86,0.395,7,30,0.233,20,28,0.714,8,32,40,21,9,5,13,13,-23.0
22024,1610612759,SAS,San Antonio Spurs,0022400370,2024-12-19,SAS vs. ATL,W,265,133,49,101,0.485,19,42,0.452,16,23,0.696,8,34,42,32,15,8,17,15,7.0
22024,1610612743,DEN,Denver Nuggets,0022400371,2024-12-19,DEN @ POR,L,240,124,47,87,0.54,15,34,0.441,15,21,0.714,8,32,40,35,7,3,11,20,-2.0
22024,1610612738,BOS,Boston Celtics,0022400363,2024-12-19,BOS vs. CHI,L,239,108,38,97,0.392,14,56,0.25,18,21,0.857,11,34,45,21,6,8,4,13,-9.0
22024,1610612760,OKC,Oklahoma City Thunder,0022400361,2024-12-19,OKC @ ORL,W,239,105,40,83,0.482,10,31,0.323,15,16,0.938,4,28,32,23,15,6,13,20,6.0
22024,1610612737,ATL,Atlanta Hawks,0022400370,2024-12-19,ATL @ SAS,L,266,126,46,97,0.474,16,38,0.421,18,21,0.857,12,41,53,32,14,6,22,22,-7.0
22024,1610612751,BKN,Brooklyn Nets,0022400364,2024-12-19,BKN @ TOR,W,239,101,33,82,0.402,9,39,0.231,26,31,0.839,15,38,53,18,3,6,15,21,7.0
22024,1610612746,LAC,LA Clippers,0022400368,2024-12-19,LAC @ DAL,W,241,118,44,85,0.518,14,33,0.424,16,17,0.941,8,39,47,30,9,3,13,20,23.0
22024,1610612766,CHA,Charlotte Hornets,0022400362,2024-12-19,CHA @ WAS,L,241,114,43,106,0.406,8,43,0.186,20,27,0.741,22,30,52,30,12,2,8,21,-9.0
22024,1610612756,PHX,Phoenix Suns,0022400369,2024-12-19,PHX vs. IND,L,240,111,40,82,0.488,9,30,0.3,22,28,0.786,7,37,44,28,6,4,16,20,-9.0
22024,1610612745,HOU,Houston Rockets,0022400365,2024-12-19,HOU vs. NOP,W,239,133,50,87,0.575,17,39,0.436,16,19,0.842,6,36,42,34,7,6,11,20,20.0
22024,1610612740,NOP,New Orleans Pelicans,0022400365,2024-12-19,NOP @ HOU,L,240,113,41,92,0.446,13,28,0.464,18,25,0.72,11,26,37,25,6,2,12,22,-20.0
22024,1610612744,GSW,Golden State Warriors,0022400366,2024-12-19,GSW @ MEM,L,241,93,32,90,0.356,12,36,0.333,17,24,0.708,10,26,36,20,11,5,17,16,-51.0
22024,1610612743,DEN,Denver Nuggets,0022401225,2024-12-16,DEN @ SAC,W,240,130,51,102,0.5,10,28,0.357,18,24,0.75,15,40,55,38,9,4,15,18,1.0
22024,1610612762,UTA,Utah Jazz,0022401226,2024-12-16,UTA @ LAC,L,240,107,36,80,0.45,13,39,0.333,22,30,0.733,10,25,35,22,8,3,22,20,-37.0
22024,1610612766,CHA,Charlotte Hornets,0022401222,2024-12-16,CHA vs. PHI,L,240,108,42,83,0.506,12,38,0.316,12,21,0.571,9,29,38,30,12,8,20,27,-13.0
22024,1610612748,MIA,Miami Heat,0022401221,2024-12-16,MIA @ DET,L,266,124,45,99,0.455,12,43,0.279,22,24,0.917,9,35,44,30,16,2,13,19,-1.0
22024,1610612741,CHI,Chicago Bulls,0022401223,2024-12-16,CHI @ TOR,W,241,122,43,93,0.462,14,40,0.35,22,28,0.786,8,33,41,33,12,8,12,23,1.0
22024,1610612751,BKN,Brooklyn Nets,0022401224,2024-12-16,BKN vs. CLE,L,241,101,34,81,0.42,14,34,0.412,19,24,0.792,9,26,35,25,11,2,20,28,-29.0
22024,1610612761,TOR,Toronto Raptors,0022401223,2024-12-16,TOR vs. CHI,L,240,121,45,92,0.489,9,26,0.346,22,30,0.733,10,34,44,28,7,6,18,21,-1.0
22024,1610612746,LAC,LA Clippers,0022401226,2024-12-16,LAC vs. UTA,W,240,144,49,82,0.598,21,39,0.538,25,32,0.781,7,34,41,28,13,6,14,20,37.0
22024,1610612739,CLE,Cleveland Cavaliers,0022401224,2024-12-16,CLE @ BKN,W,240,130,43,81,0.531,19,47,0.404,25,29,0.862,12,30,42,33,14,6,17,19,29.0
22024,1610612755,PHI,Philadelphia 76ers,0022401222,2024-12-16,PHI @ CHA,W,240,121,41,80,0.513,16,38,0.421,23,30,0.767,9,33,42,21,14,4,20,20,13.0
22024,1610612765,DET,Detroit Pistons,0022401221,2024-12-16,DET vs. MIA,W,265,125,44,90,0.489,20,40,0.5,17,23,0.739,7,45,52,32,8,4,21,24,1.0
22024,1610612758,SAC,Sacramento Kings,0022401225,2024-12-16,SAC vs. DEN,L,239,129,49,102,0.48,12,35,0.343,19,20,0.95,11,31,42,28,10,9,11,23,-1.0
22024,1610612763,MEM,Memphis Grizzlies,0022401220,2024-12-15,MEM @ LAL,L,238,110,38,97,0.392,9,28,0.321,25,30,0.833,17,33,50,25,10,3,20,31,-6.0
22024,1610612744,GSW,Golden State Warriors,0022401228,2024-12-15,GSW vs. DAL,L,239,133,49,103,0.476,27,54,0.5,8,11,0.727,15,22,37,39,8,2,10,17,-10.0
22024,1610612750,MIN,Minnesota Timberwolves,0022401218,2024-12-15,MIN @ SAS,W,240,106,40,100,0.4,12,35,0.343,14,16,0.875,14,37,51,26,11,4,12,13,14.0
22024,1610612759,SAS,San Antonio Spurs,0022401218,2024-12-15,SAS vs. MIN,L,238,92,37,91,0.407,11,45,0.244,7,9,0.778,12,38,50,34,6,8,18,18,-14.0
22024,1610612752,NYK,New York Knicks,0022401227,2024-12-15,NYK @ ORL,W,241,100,33,71,0.465,10,24,0.417,24,30,0.8,7,38,45,20,8,3,17,16,9.0
22024,1610612742,DAL,Dallas Mavericks,0022401228,2024-12-15,DAL @ GSW,W,240,143,52,87,0.598,21,41,0.512,18,25,0.72,10,37,47,36,8,5,15,12,10.0
22024,1610612757,POR,Portland Trail Blazers,0022401219,2024-12-15,POR @ PHX,L,240,109,42,94,0.447,15,49,0.306,10,13,0.769,12,36,48,30,6,4,13,22,-7.0
22024,1610612740,NOP,New Orleans Pelicans,0022401216,2024-12-15,NOP @ IND,L,241,104,38,97,0.392,10,33,0.303,18,23,0.783,19,30,49,18,11,4,18,19,-15.0
22024,1610612753,ORL,Orlando Magic,0022401227,2024-12-15,ORL vs. NYK,L,241,91,36,86,0.419,9,30,0.3,10,13,0.769,10,29,39,24,8,10,15,26,-9.0
22024,1610612756,PHX,Phoenix Suns,0022401219,2024-12-15,PHX vs. POR,W,239,116,43,89,0.483,15,39,0.385,15,19,0.789,12,34,46,23,7,2,11,13,7.0
22024,1610612747,LAL,Los Angeles Lakers,0022401220,2024-12-15,LAL vs. MEM,W,240,116,39,82,0.476,10,34,0.294,28,39,0.718,10,34,44,23,10,7,21,27,6.0
22024,1610612764,WAS,Washington Wizards,0022401217,2024-12-15,WAS vs. BOS,L,239,98,40,99,0.404,13,40,0.325,5,8,0.625,17,34,51,22,10,7,16,25,-14.0
22024,1610612738,BOS,Boston Celtics,0022401217,2024-12-15,BOS @ WAS,W,239,112,40,93,0.43,18,46,0.391,14,24,0.583,16,40,56,26,11,5,18,15,14.0
22024,1610612754,IND,Indiana Pacers,0022401216,2024-12-15,IND vs. NOP,W,240,119,41,81,0.506,16,38,0.421,21,24,0.875,7,36,43,33,10,9,17,21,15.0
22024,1610612745,HOU,Houston Rockets,0022401230,2024-12-14,HOU @ OKC,L,240,96,35,96,0.365,11,46,0.239,15,25,0.6,19,30,49,17,7,3,16,25,-15.0
22024,1610612760,OKC,Oklahoma City Thunder,0022401230,2024-12-14,HOU @ OKC,W,241,111,36,80,0.45,11,30,0.367,28,32,0.875,4,39,43,19,12,4,12,24,15.0
22024,1610612749,MIL,Milwaukee Bucks,0022401229,2024-12-14,ATL @ MIL,W,239,110,39,86,0.453,14,45,0.311,18,27,0.667,6,41,47,28,8,8,12,27,8.0
22024,1610612737,ATL,Atlanta Hawks,0022401229,2024-12-14,ATL @ MIL,L,241,102,35,82,0.427,10,24,0.417,22,34,0.647,7,37,44,23,3,6,13,20,-8.0
22024,1610612750,MIN,Minnesota Timberwolves,0022401210,2024-12-13,MIN vs. LAL,W,243,97,35,87,0.402,9,32,0.281,18,24,0.75,11,37,48,18,12,5,13,14,10.0
22024,1610612756,PHX,Phoenix Suns,0022401214,2024-12-13,PHX @ UTA,W,239,134,47,89,0.528,22,45,0.489,18,20,0.9,9,28,37,36,10,7,7,18,8.0
22024,1610612764,WAS,Washington Wizards,0022401208,2024-12-13,WAS @ CLE,L,241,105,41,86,0.477,14,40,0.35,9,11,0.818,6,38,44,24,7,7,17,28,-10.0
22024,1610612754,IND,Indiana Pacers,0022401209,2024-12-13,IND @ PHI,W,240,121,47,91,0.516,14,38,0.368,13,17,0.765,8,33,41,35,9,4,10,21,14.0
22024,1610612763,MEM,Memphis Grizzlies,0022401211,2024-12-13,MEM vs. BKN,W,239,135,52,99,0.525,17,36,0.472,14,21,0.667,12,37,49,33,9,4,13,19,16.0
22024,1610612755,PHI,Philadelphia 76ers,0022401209,2024-12-13,PHI vs. IND,L,240,107,37,85,0.435,10,25,0.4,23,32,0.719,15,32,47,18,5,4,15,16,-14.0
22024,1610612757,POR,Portland Trail Blazers,0022401215,2024-12-13,POR vs. SAS,L,239,116,42,82,0.512,16,41,0.39,16,17,0.941,8,28,36,25,9,5,13,22,-2.0
22024,1610612739,CLE,Cleveland Cavaliers,0022401208,2024-12-13,CLE vs. WAS,W,239,115,36,91,0.396,15,50,0.3,28,40,0.7,16,34,50,27,10,5,11,14,10.0
22024,1610612762,UTA,Utah Jazz,0022401214,2024-12-13,UTA vs. PHX,L,241,126,43,77,0.558,22,39,0.564,18,22,0.818,6,28,34,30,5,6,15,17,-8.0
22024,1610612759,SAS,San Antonio Spurs,0022401215,2024-12-13,SAS @ POR,W,239,118,44,85,0.518,14,30,0.467,16,21,0.762,13,28,41,32,5,6,14,13,2.0
22024,1610612741,CHI,Chicago Bulls,0022401212,2024-12-13,CHI vs. CHA,W,239,109,37,93,0.398,14,51,0.275,21,25,0.84,14,38,52,27,12,11,16,19,14.0
22024,1610612751,BKN,Brooklyn Nets,0022401211,2024-12-13,BKN @ MEM,L,239,119,42,92,0.457,20,53,0.377,15,19,0.789,8,33,41,30,9,7,16,20,-16.0
22024,1610612747,LAL,Los Angeles Lakers,0022401210,2024-12-13,LAL @ MIN,L,241,87,33,86,0.384,10,35,0.286,11,17,0.647,15,38,53,17,7,6,21,21,-10.0
22024,1610612766,CHA,Charlotte Hornets,0022401212,2024-12-13,CHA @ CHI,L,241,95,35,98,0.357,8,46,0.174,17,21,0.81,17,37,54,22,7,5,16,20,-14.0
22024,1610612746,LAC,LA Clippers,0022401213,2024-12-13,LAC @ DEN,L,241,98,37,83,0.446,14,41,0.341,10,18,0.556,5,26,31,24,18,2,19,22,-22.0
22024,1610612743,DEN,Denver Nuggets,0022401213,2024-12-13,DEN vs. LAC,W,241,120,42,77,0.545,10,29,0.345,26,32,0.813,5,41,46,23,15,2,21,16,22.0
22024,1610612740,NOP,New Orleans Pelicans,0022401207,2024-12-12,NOP vs. SAC,L,240,109,39,83,0.47,14,37,0.378,17,20,0.85,10,33,43,22,6,4,17,22,-2.0
22024,1610612761,TOR,Toronto Raptors,0022401206,2024-12-12,TOR @ MIA,L,242,104,41,92,0.446,11,32,0.344,11,15,0.733,9,33,42,29,8,5,11,24,-10.0
22024,1610612738,BOS,Boston Celtics,0022401205,2024-12-12,BOS vs. DET,W,241,123,46,90,0.511,20,48,0.417,11,13,0.846,8,43,51,34,6,4,14,9,24.0
22024,1610612758,SAC,Sacramento Kings,0022401207,2024-12-12,SAC @ NOP,W,240,111,37,92,0.402,10,33,0.303,27,29,0.931,17,33,50,24,12,2,11,19,2.0
22024,1610612748,MIA,Miami Heat,0022401206,2024-12-12,MIA vs. TOR,W,241,114,40,83,0.482,13,32,0.406,21,32,0.656,11,41,52,21,4,3,15,11,10.0
22024,1610612765,DET,Detroit Pistons,0022401205,2024-12-12,DET @ BOS,L,241,99,42,98,0.429,7,37,0.189,8,10,0.8,9,34,43,27,8,4,8,12,-24.0
22024,1610612745,HOU,Houston Rockets,0022401204,2024-12-11,HOU vs. GSW,W,240,91,38,83,0.458,6,27,0.222,9,10,0.9,7,29,36,23,10,5,16,14,1.0
22024,1610612752,NYK,New York Knicks,0022401202,2024-12-11,NYK vs. ATL,L,241,100,40,93,0.43,11,42,0.262,9,15,0.6,12,37,49,27,8,11,12,14,-8.0
22024,1610612737,ATL,Atlanta Hawks,0022401202,2024-12-11,ATL @ NYK,W,239,108,43,104,0.413,9,31,0.29,13,20,0.65,22,36,58,27,5,7,10,13,8.0
22024,1610612744,GSW,Golden State Warriors,0022401204,2024-12-11,GSW @ HOU,L,240,90,37,84,0.44,12,38,0.316,4,9,0.444,11,28,39,22,13,8,15,11,-1.0
22024,1610612742,DAL,Dallas Mavericks,0022401203,2024-12-10,DAL @ OKC,L,240,104,38,80,0.475,15,36,0.417,13,19,0.684,7,37,44,25,10,2,18,12,-14.0
22024,1610612749,MIL,Milwaukee Bucks,0022401201,2024-12-10,MIL vs. ORL,W,240,114,42,77,0.545,11,30,0.367,19,25,0.76,5,32,37,27,9,6,16,17,5.0
22024,1610612760,OKC,Oklahoma City Thunder,0022401203,2024-12-10,OKC vs. DAL,W,240,118,46,101,0.455,20,50,0.4,6,7,0.857,17,35,52,29,14,5,13,17,14.0
22024,1610612753,ORL,Orlando Magic,0022401201,2024-12-10,ORL @ MIL,L,240,109,41,93,0.441,6,27,0.222,21,27,0.778,15,31,46,19,11,4,13,21,-5.0
22024,1610612761,TOR,Toronto Raptors,0022400359,2024-12-09,TOR vs. NYK,L,240,108,43,96,0.448,13,35,0.371,9,11,0.818,17,34,51,23,4,4,12,16,-5.0
22024,1610612752,NYK,New York Knicks,0022400359,2024-12-09,NYK @ TOR,W,240,113,42,82,0.512,17,40,0.425,12,19,0.632,6,34,40,32,7,7,10,13,5.0
22024,1610612746,LAC,LA Clippers,0022400356,2024-12-08,LAC vs. HOU,L,240,106,41,92,0.446,11,34,0.324,13,16,0.813,7,26,33,21,11,3,7,24,-11.0
22024,1610612766,CHA,Charlotte Hornets,0022400349,2024-12-08,CHA @ IND,W,240,113,40,78,0.513,14,29,0.483,19,26,0.731,10,35,45,24,11,3,24,18,4.0
22024,1610612750,MIN,Minnesota Timberwolves,0022400355,2024-12-08,MIN @ GSW,L,241,106,36,79,0.456,19,42,0.452,15,20,0.75,7,32,39,22,6,8,14,18,-8.0
22024,1610612758,SAC,Sacramento Kings,0022400357,2024-12-08,SAC vs. UTA,W,239,141,57,100,0.57,22,44,0.5,5,8,0.625,9,34,43,39,10,7,8,17,44.0
22024,1610612743,DEN,Denver Nuggets,0022400350,2024-12-08,DEN @ ATL,W,241,141,56,89,0.629,12,27,0.444,17,24,0.708,7,36,43,43,9,5,18,22,30.0
22024,1610612737,ATL,Atlanta Hawks,0022400350,2024-12-08,ATL vs. DEN,L,239,111,41,101,0.406,9,40,0.225,20,27,0.741,19,26,45,26,12,2,12,22,-30.0
22024,1610612753,ORL,Orlando Magic,0022400352,2024-12-08,ORL vs. PHX,W,240,115,42,88,0.477,12,36,0.333,19,30,0.633,14,30,44,17,11,6,13,19,5.0
22024,1610612763,MEM,Memphis Grizzlies,0022400353,2024-12-08,MEM @ WAS,W,240,140,50,96,0.521,17,43,0.395,23,29,0.793,12,34,46,34,12,8,16,20,28.0
22024,1610612747,LAL,Los Angeles Lakers,0022400358,2024-12-08,LAL vs. POR,W,241,107,38,83,0.458,13,34,0.382,18,21,0.857,8,32,40,25,14,7,11,20,9.0
22024,1610612748,MIA,Miami Heat,0022400351,2024-12-08,MIA vs. CLE,W,241,122,41,86,0.477,16,37,0.432,24,26,0.923,10,37,47,27,4,4,11,15,9.0
22024,1610612762,UTA,Utah Jazz,0022400357,2024-12-08,UTA @ SAC,L,240,97,31,80,0.388,15,42,0.357,20,21,0.952,9,29,38,21,6,6,20,17,-44.0
22024,1610612759,SAS,San Antonio Spurs,0022400354,2024-12-08,SAS vs. NOP,W,241,121,42,93,0.452,12,39,0.308,25,31,0.806,16,39,55,27,7,11,13,18,5.0
22024,1610612741,CHI,Chicago Bulls,0022400347,2024-12-08,CHI vs. PHI,L,241,100,35,86,0.407,19,54,0.352,11,12,0.917,2,33,35,29,9,3,15,18,-8.0
22024,1610612745,HOU,Houston Rockets,0022400356,2024-12-08,HOU @ LAC,W,241,117,40,82,0.488,15,41,0.366,22,26,0.846,12,38,50,23,4,4,15,16,11.0
22024,1610612744,GSW,Golden State Warriors,0022400355,2024-12-08,GSW vs. MIN,W,240,114,42,90,0.467,16,41,0.39,14,20,0.7,14,31,45,28,8,6,11,20,8.0
22024,1610612739,CLE,Cleveland Cavaliers,0022400351,2024-12-08,CLE @ MIA,L,241,113,41,86,0.477,14,33,0.424,17,18,0.944,5,31,36,25,5,1,9,18,-9.0
22024,1610612757,POR,Portland Trail Blazers,0022400358,2024-12-08,POR @ LAL,L,243,98,35,84,0.417,9,36,0.25,19,21,0.905,12,37,49,17,4,3,17,19,-9.0
22024,1610612749,MIL,Milwaukee Bucks,0022400348,2024-12-08,MIL @ BKN,W,240,118,39,68,0.574,15,31,0.484,25,32,0.781,3,28,31,26,6,7,16,18,5.0
22024,1610612740,NOP,New Orleans Pelicans,0022400354,2024-12-08,NOP @ SAS,L,240,116,43,99,0.434,13,38,0.342,17,21,0.81,13,30,43,26,9,8,8,21,-5.0
22024,1610612751,BKN,Brooklyn Nets,0022400348,2024-12-08,BKN vs. MIL,L,241,113,41,81,0.506,16,35,0.457,15,16,0.938,7,23,30,24,9,3,9,25,-5.0
22024,1610612756,PHX,Phoenix Suns,0022400352,2024-12-08,PHX @ ORL,L,239,110,39,83,0.47,13,28,0.464,19,22,0.864,9,30,39,24,7,6,19,24,-5.0
22024,1610612755,PHI,Philadelphia 76ers,0022400347,2024-12-08,PHI @ CHI,W,240,108,43,92,0.467,9,36,0.25,13,14,0.929,10,46,56,25,8,5,15,15,8.0
22024,1610612754,IND,Indiana Pacers,0022400349,2024-12-08,IND vs. CHA,L,240,109,42,82,0.512,12,36,0.333,13,15,0.867,3,26,29,23,9,7,17,19,-4.0
22024,1610612764,WAS,Washington Wizards,0022400353,2024-12-08,WAS vs. MEM,L,240,112,43,100,0.43,6,32,0.188,20,22,0.909,20,32,52,20,10,5,21,25,-28.0
22024,1610612738,BOS,Boston Celtics,0022400345,2024-12-07,BOS vs. MEM,L,239,121,42,105,0.4,18,60,0.3,19,28,0.679,15,36,51,26,6,7,13,16,-6.0
22024,1610612752,NYK,New York Knicks,0022400343,2024-12-07,NYK vs. DET,L,240,111,42,79,0.532,11,34,0.324,16,27,0.593,4,27,31,27,11,5,15,12,-9.0
22024,1610612748,MIA,Miami Heat,0022400346,2024-12-07,MIA vs. PHX,W,238,121,45,86,0.523,13,32,0.406,18,23,0.783,11,30,41,30,9,4,11,20,10.0
22024,1610612743,DEN,Denver Nuggets,0022400341,2024-12-07,DEN @ WAS,L,241,113,46,95,0.484,5,25,0.2,16,27,0.593,16,32,48,34,11,6,15,23,-9.0
22024,1610612739,CLE,Cleveland Cavaliers,0022400340,2024-12-07,CLE @ CHA,W,239,116,42,84,0.5,14,38,0.368,18,24,0.75,14,33,47,28,6,6,11,20,14.0
22024,1610612761,TOR,Toronto Raptors,0022400344,2024-12-07,TOR vs. DAL,L,239,118,43,93,0.462,15,39,0.385,17,18,0.944,8,31,39,37,13,3,13,22,-7.0
22024,1610612742,DAL,Dallas Mavericks,0022400344,2024-12-07,DAL @ TOR,W,238,125,38,81,0.469,17,45,0.378,32,37,0.865,14,38,52,21,10,8,18,16,7.0
22024,1610612756,PHX,Phoenix Suns,0022400346,2024-12-07,PHX @ MIA,L,239,111,36,82,0.439,16,41,0.39,23,25,0.92,13,28,41,29,8,3,14,20,-10.0
22024,1610612764,WAS,Washington Wizards,0022400341,2024-12-07,WAS vs. DEN,W,240,122,45,93,0.484,16,41,0.39,16,22,0.727,15,31,46,31,9,12,17,21,9.0
22024,1610612760,OKC,Oklahoma City Thunder,0022400342,2024-12-07,OKC @ NOP,W,240,119,45,85,0.529,12,32,0.375,17,21,0.81,10,35,45,27,13,3,18,24,10.0
22024,1610612740,NOP,New Orleans Pelicans,0022400342,2024-12-07,NOP vs. OKC,L,241,109,38,79,0.481,11,37,0.297,22,27,0.815,8,27,35,25,15,6,18,20,-10.0
22024,1610612763,MEM,Memphis Grizzlies,0022400345,2024-12-07,MEM @ BOS,W,240,127,47,94,0.5,15,33,0.455,18,23,0.783,11,41,52,25,13,7,13,25,6.0
22024,1610612765,DET,Detroit Pistons,0022400343,2024-12-07,DET @ NYK,W,240,120,43,83,0.518,18,36,0.5,16,19,0.842,9,34,43,28,7,0,18,20,9.0
22024,1610612766,CHA,Charlotte Hornets,0022400340,2024-12-07,CHA vs. CLE,L,240,102,37,86,0.43,11,39,0.282,17,19,0.895,10,27,37,21,6,5,10,27,-14.0
22024,1610612744,GSW,Golden State Warriors,0022400338,2024-12-06,GSW vs. MIN,L,240,90,32,82,0.39,11,39,0.282,15,17,0.882,10,31,41,21,9,4,22,11,-17.0
22024,1610612737,ATL,Atlanta Hawks,0022400334,2024-12-06,ATL vs. LAL,W,265,134,50,100,0.5,17,40,0.425,17,22,0.773,11,37,48,40,10,5,17,24,2.0
22024,1610612759,SAS,San Antonio Spurs,0022400337,2024-12-06,SAS vs. SAC,L,239,113,39,91,0.429,14,41,0.341,21,30,0.7,12,30,42,28,8,5,14,20,-27.0
22024,1610612750,MIN,Minnesota Timberwolves,0022400338,2024-12-06,MIN @ GSW,W,239,107,40,88,0.455,14,42,0.333,13,14,0.929,9,39,48,32,12,6,17,14,17.0
22024,1610612757,POR,Portland Trail Blazers,0022400339,2024-12-06,POR vs. UTA,L,242,99,37,95,0.389,14,47,0.298,11,17,0.647,6,28,34,23,4,7,10,22,-42.0
22024,1610612754,IND,Indiana Pacers,0022400336,2024-12-06,IND @ CHI,W,241,132,52,92,0.565,18,30,0.6,10,12,0.833,7,39,46,33,9,4,12,10,9.0
22024,1610612758,SAC,Sacramento Kings,0022400337,2024-12-06,SAC @ SAS,W,241,140,51,90,0.567,16,34,0.471,22,24,0.917,7,37,44,33,7,6,11,20,27.0
22024,1610612747,LAL,Los Angeles Lakers,0022400334,2024-12-06,LAL @ ATL,L,265,132,51,99,0.515,16,35,0.457,14,16,0.875,6,34,40,33,11,10,13,24,-2.0
22024,1610612762,UTA,Utah Jazz,0022400339,2024-12-06,UTA @ POR,W,240,141,53,96,0.552,14,32,0.438,21,23,0.913,11,50,61,34,6,11,12,17,42.0
22024,1610612755,PHI,Philadelphia 76ers,0022400333,2024-12-06,PHI vs. ORL,W,239,102,38,79,0.481,7,26,0.269,19,29,0.655,10,27,37,23,11,0,15,19,8.0
22024,1610612738,BOS,Boston Celtics,0022400335,2024-12-06,BOS vs. MIL,W,238,111,40,87,0.46,17,53,0.321,14,16,0.875,7,34,41,27,5,6,6,18,6.0
22024,1610612749,MIL,Milwaukee Bucks,0022400335,2024-12-06,MIL @ BOS,L,239,105,40,94,0.426,11,29,0.379,14,17,0.824,12,39,51,16,4,2,9,16,-6.0
22024,1610612741,CHI,Chicago Bulls,0022400336,2024-12-06,CHI vs. IND,L,240,123,46,97,0.474,21,50,0.42,10,12,0.833,8,30,38,33,8,6,12,13,-9.0
22024,1610612753,ORL,Orlando Magic,0022400333,2024-12-06,ORL @ PHI,L,241,94,33,78,0.423,13,46,0.283,15,17,0.882,8,30,38,21,8,6,19,23,-8.0
22024,1610612764,WAS,Washington Wizards,0022400326,2024-12-05,WAS vs. DAL,L,239,101,39,99,0.394,13,40,0.325,10,15,0.667,12,27,39,25,10,3,12,19,-36.0
22024,1610612745,HOU,Houston Rockets,0022400332,2024-12-05,HOU @ GSW,L,241,93,35,93,0.376,10,38,0.263,13,17,0.765,11,34,45,20,9,9,8,20,-6.0
22024,1610612763,MEM,Memphis Grizzlies,0022400329,2024-12-05,MEM vs. SAC,W,240,115,38,80,0.475,13,38,0.342,26,32,0.813,9,40,49,27,9,5,22,21,5.0
22024,1610612752,NYK,New York Knicks,0022400327,2024-12-05,NYK vs. CHA,W,241,125,41,76,0.539,18,33,0.545,25,32,0.781,6,37,43,29,7,4,9,13,24.0
22024,1610612740,NOP,New Orleans Pelicans,0022400330,2024-12-05,NOP vs. PHX,W,241,126,47,95,0.495,14,36,0.389,18,25,0.72,12,32,44,23,13,4,13,24,2.0
22024,1610612759,SAS,San Antonio Spurs,0022400331,2024-12-05,SAS vs. CHI,L,239,124,44,95,0.463,8,28,0.286,28,39,0.718,15,26,41,26,11,4,11,17,-15.0
22024,1610612756,PHX,Phoenix Suns,0022400330,2024-12-05,PHX @ NOP,L,240,124,43,85,0.506,17,45,0.378,21,26,0.808,10,36,46,32,10,3,17,15,-2.0
22024,1610612742,DAL,Dallas Mavericks,0022400326,2024-12-05,DAL @ WAS,W,239,137,48,89,0.539,20,38,0.526,21,27,0.778,13,45,58,27,8,12,15,16,36.0
22024,1610612744,GSW,Golden State Warriors,0022400332,2024-12-05,GSW vs. HOU,W,240,99,36,86,0.419,9,28,0.321,18,27,0.667,11,43,54,19,5,3,10,16,6.0
22024,1610612743,DEN,Denver Nuggets,0022400325,2024-12-05,DEN @ CLE,L,241,114,46,96,0.479,6,24,0.25,16,22,0.727,9,40,49,25,12,5,15,13,-12.0
22024,1610612741,CHI,Chicago Bulls,0022400331,2024-12-05,CHI @ SAS,W,240,139,52,90,0.578,17,37,0.459,18,23,0.783,11,39,50,36,6,5,17,26,15.0
22024,1610612766,CHA,Charlotte Hornets,0022400327,2024-12-05,CHA @ NYK,L,240,101,40,89,0.449,15,39,0.385,6,10,0.6,10,30,40,27,3,4,10,22,-24.0
22024,1610612761,TOR,Toronto Raptors,0022400328,2024-12-05,TOR vs. OKC,L,241,92,32,90,0.356,11,45,0.244,17,20,0.85,12,39,51,24,5,7,20,16,-37.0
22024,1610612760,OKC,Oklahoma City Thunder,0022400328,2024-12-05,OKC @ TOR,W,240,129,49,102,0.48,17,47,0.362,14,17,0.824,13,42,55,28,15,11,6,16,37.0
22024,1610612739,CLE,Cleveland Cavaliers,0022400325,2024-12-05,CLE vs. DEN,W,240,126,47,94,0.5,22,48,0.458,10,16,0.625,9,38,47,32,9,3,15,17,12.0
22024,1610612758,SAC,Sacramento Kings,0022400329,2024-12-05,SAC @ MEM,L,240,110,39,98,0.398,8,35,0.229,24,28,0.857,14,32,46,19,11,1,13,23,-5.0
22024,1610612748,MIA,Miami Heat,0022400321,2024-12-04,MIA vs. LAL,W,241,134,52,90,0.578,24,47,0.511,6,9,0.667,13,39,52,42,11,5,15,16,41.0
22024,1610612749,MIL,Milwaukee Bucks,0022400323,2024-12-04,MIL vs. ATL,L,240,104,33,78,0.423,15,45,0.333,23,35,0.657,8,32,40,23,7,4,18,22,-15.0
22024,1610612747,LAL,Los Angeles Lakers,0022400321,2024-12-04,LAL @ MIA,L,239,93,37,88,0.42,5,22,0.227,14,19,0.737,12,24,36,29,9,4,13,8,-41.0
22024,1610612751,BKN,Brooklyn Nets,0022400320,2024-12-04,BKN vs. IND,W,239,99,35,81,0.432,12,36,0.333,17,23,0.739,7,36,43,24,12,6,12,18,9.0
22024,1610612754,IND,Indiana Pacers,0022400320,2024-12-04,IND @ BKN,L,239,90,32,75,0.427,8,33,0.242,18,22,0.818,5,34,39,20,6,10,16,19,-9.0
22024,1610612738,BOS,Boston Celtics,0022400319,2024-12-04,BOS vs. DET,W,240,130,45,94,0.479,21,53,0.396,19,25,0.76,14,29,43,30,11,7,16,14,10.0
22024,1610612765,DET,Detroit Pistons,0022400319,2024-12-04,DET @ BOS,L,240,120,43,84,0.512,20,39,0.513,14,18,0.778,8,26,34,27,10,5,18,21,-10.0
22024,1610612753,ORL,Orlando Magic,0022400322,2024-12-04,ORL @ PHI,W,240,106,41,84,0.488,8,29,0.276,16,21,0.762,16,26,42,21,13,7,13,18,4.0
22024,1610612755,PHI,Philadelphia 76ers,0022400322,2024-12-04,PHI vs. ORL,L,239,102,40,82,0.488,11,30,0.367,11,19,0.579,10,25,35,23,9,1,14,19,-4.0
22024,1610612746,LAC,LA Clippers,0022400324,2024-12-04,LAC vs. MIN,L,240,80,29,83,0.349,11,40,0.275,11,13,0.846,10,36,46,13,7,2,21,16,-28.0
22024,1610612750,MIN,Minnesota Timberwolves,0022400324,2024-12-04,MIN @ LAC,W,241,108,41,85,0.482,16,44,0.364,10,18,0.556,7,43,50,31,15,5,14,16,28.0
22024,1610612737,ATL,Atlanta Hawks,0022400323,2024-12-04,ATL @ MIL,W,240,119,45,102,0.441,9,32,0.281,20,22,0.909,15,39,54,29,16,3,11,25,15.0
22024,1610612752,NYK,New York Knicks,0022400053,2024-12-03,NYK vs. ORL,W,242,121,43,85,0.506,15,35,0.429,20,20,1.0,5,34,39,30,6,4,17,25,15.0
22024,1610612765,DET,Detroit Pistons,0022400052,2024-12-03,DET vs. MIL,L,239,107,40,87,0.46,11,33,0.333,16,22,0.727,13,28,41,22,11,7,18,21,-21.0
22024,1610612745,HOU,Houston Rockets,0022400059,2024-12-03,HOU @ SAC,L,241,111,41,93,0.441,14,39,0.359,15,21,0.714,18,35,53,14,6,1,15,23,-9.0
22024,1610612754,IND,Indiana Pacers,0022400054,2024-12-03,IND @ TOR,L,240,111,38,84,0.452,12,30,0.4,23,28,0.821,9,25,34,21,8,6,20,23,-11.0
22024,1610612739,CLE,Cleveland Cavaliers,0022400051,2024-12-03,CLE vs. WAS,W,241,118,43,89,0.483,16,46,0.348,16,25,0.64,7,38,45,31,11,4,11,20,31.0
22024,1610612749,MIL,Milwaukee Bucks,0022400052,2024-12-03,MIL @ DET,W,240,128,45,80,0.563,23,41,0.561,15,21,0.714,4,32,36,26,10,6,16,17,21.0
22024,1610612763,MEM,Memphis Grizzlies,0022400056,2024-12-03,MEM @ DAL,L,239,116,45,97,0.464,13,40,0.325,13,14,0.929,13,26,39,27,15,3,19,29,-5.0
22024,1610612755,PHI,Philadelphia 76ers,0022400050,2024-12-03,PHI @ CHA,W,241,110,38,82,0.463,16,40,0.4,18,20,0.9,8,23,31,26,9,3,12,22,6.0
22024,1610612743,DEN,Denver Nuggets,0022400058,2024-12-03,DEN vs. GSW,W,240,119,40,79,0.506,11,24,0.458,28,35,0.8,4,34,38,32,9,5,15,15,4.0
22024,1610612764,WAS,Washington Wizards,0022400051,2024-12-03,WAS @ CLE,L,240,87,32,83,0.386,4,26,0.154,19,25,0.76,13,39,52,18,4,8,20,21,-31.0
22024,1610612760,OKC,Oklahoma City Thunder,0022400055,2024-12-03,OKC vs. UTA,W,241,133,53,102,0.52,17,47,0.362,10,11,0.909,15,19,34,32,18,3,8,23,27.0
22024,1610612758,SAC,Sacramento Kings,0022400059,2024-12-03,SAC vs. HOU,W,241,120,47,91,0.516,14,30,0.467,12,20,0.6,10,24,34,33,7,8,10,20,9.0
22024,1610612756,PHX,Phoenix Suns,0022400057,2024-12-03,PHX vs. SAS,W,240,104,38,78,0.487,11,32,0.344,17,21,0.81,2,42,44,26,10,5,12,16,11.0
22024,1610612766,CHA,Charlotte Hornets,0022400050,2024-12-03,CHA vs. PHI,L,242,104,34,77,0.442,13,34,0.382,23,28,0.821,15,32,47,22,5,3,15,17,-6.0
22024,1610612759,SAS,San Antonio Spurs,0022400057,2024-12-03,SAS @ PHX,L,240,93,35,100,0.35,8,44,0.182,15,20,0.75,18,35,53,26,9,2,14,17,-11.0
22024,1610612753,ORL,Orlando Magic,0022400053,2024-12-03,ORL @ NYK,L,239,106,38,87,0.437,9,39,0.231,21,25,0.84,9,29,38,20,9,4,15,19,-15.0
22024,1610612757,POR,Portland Trail Blazers,0022400060,2024-12-03,POR @ LAC,L,241,105,41,80,0.513,10,29,0.345,13,16,0.813,11,18,29,25,6,4,15,15,-22.0
22024,1610612762,UTA,Utah Jazz,0022400055,2024-12-03,UTA @ OKC,L,239,106,38,70,0.543,13,35,0.371,17,22,0.773,11,25,36,21,3,6,29,14,-27.0
22024,1610612761,TOR,Toronto Raptors,0022400054,2024-12-03,TOR vs. IND,W,241,122,44,81,0.543,13,33,0.394,21,29,0.724,6,36,42,28,9,4,21,26,11.0
22024,1610612742,DAL,Dallas Mavericks,0022400056,2024-12-03,DAL vs. MEM,W,239,121,39,81,0.481,13,32,0.406,30,44,0.682,14,35,49,24,8,8,25,23,5.0
22024,1610612746,LAC,LA Clippers,0022400060,2024-12-03,LAC vs. POR,W,240,127,47,85,0.553,19,37,0.514,14,17,0.824,11,24,35,29,8,8,13,14,22.0
22024,1610612744,GSW,Golden State Warriors,0022400058,2024-12-03,GSW @ DEN,L,241,115,44,95,0.463,12,38,0.316,15,21,0.714,11,37,48,36,12,3,14,25,-4.0
22024,1610612750,MIN,Minnesota Timberwolves,0022400318,2024-12-02,MIN vs. LAL,W,241,109,41,81,0.506,15,35,0.429,12,15,0.8,7,36,43,31,11,2,15,17,29.0
22024,1610612740,NOP,New Orleans Pelicans,0022400315,2024-12-02,NOP @ ATL,L,241,112,44,100,0.44,13,42,0.31,11,17,0.647,15,26,41,21,15,5,16,18,-12.0
22024,1610612741,CHI,Chicago Bulls,0022400317,2024-12-02,CHI vs. BKN,W,239,128,48,92,0.522,16,47,0.34,16,19,0.842,11,43,54,33,8,5,16,16,26.0
22024,1610612738,BOS,Boston Celtics,0022400316,2024-12-02,BOS vs. MIA,W,240,108,39,89,0.438,19,55,0.345,11,13,0.846,14,40,54,25,5,9,14,20,19.0
22024,1610612751,BKN,Brooklyn Nets,0022400317,2024-12-02,BKN @ CHI,L,240,102,38,95,0.4,14,42,0.333,12,15,0.8,10,31,41,24,9,5,10,19,-26.0
22024,1610612748,MIA,Miami Heat,0022400316,2024-12-02,MIA @ BOS,L,239,89,31,87,0.356,8,35,0.229,19,23,0.826,11,33,44,24,6,1,10,11,-19.0
22024,1610612747,LAL,Los Angeles Lakers,0022400318,2024-12-02,LAL @ MIN,L,240,80,32,79,0.405,6,31,0.194,10,14,0.714,9,30,39,19,8,2,20,16,-29.0
22024,1610612737,ATL,Atlanta Hawks,0022400315,2024-12-02,ATL vs. NOP,W,241,124,49,96,0.51,10,38,0.263,16,20,0.8,11,40,51,30,12,4,18,15,12.0
22024,1610612762,UTA,Utah Jazz,0022400311,2024-12-01,UTA vs. LAL,L,241,104,40,79,0.506,14,40,0.35,10,16,0.625,8,36,44,27,4,4,15,19,-1.0
22024,1610612757,POR,Portland Trail Blazers,0022400312,2024-12-01,POR vs. DAL,L,239,131,49,84,0.583,18,31,0.581,15,18,0.833,10,29,39,29,7,0,21,25,-6.0
22024,1610612752,NYK,New York Knicks,0022400308,2024-12-01,NYK vs. NOP,W,239,118,42,92,0.457,20,45,0.444,14,16,0.875,14,46,60,30,10,9,17,14,33.0
22024,1610612743,DEN,Denver Nuggets,0022400314,2024-12-01,DEN @ LAC,L,242,122,51,88,0.58,10,24,0.417,10,19,0.526,8,31,39,37,7,3,14,17,-4.0
22024,1610612760,OKC,Oklahoma City Thunder,0022400310,2024-12-01,OKC @ HOU,L,239,116,42,94,0.447,13,39,0.333,19,25,0.76,11,35,46,30,5,4,7,26,-3.0
22024,1610612748,MIA,Miami Heat,0022400309,2024-12-01,MIA @ TOR,L,240,116,39,88,0.443,15,40,0.375,23,28,0.821,12,33,45,25,11,4,14,17,-3.0
22024,1610612763,MEM,Memphis Grizzlies,0022400306,2024-12-01,MEM vs. IND,W,240,136,49,93,0.527,16,46,0.348,22,27,0.815,8,32,40,36,9,6,10,22,15.0
22024,1610612747,LAL,Los Angeles Lakers,0022400311,2024-12-01,LAL @ UTA,W,239,105,39,88,0.443,7,33,0.212,20,25,0.8,10,32,42,23,7,4,5,18,1.0
22024,1610612751,BKN,Brooklyn Nets,0022400305,2024-12-01,BKN vs. ORL,L,242,92,30,79,0.38,8,31,0.258,24,31,0.774,8,25,33,19,10,3,16,31,-8.0
22024,1610612753,ORL,Orlando Magic,0022400305,2024-12-01,ORL @ BKN,W,241,100,34,74,0.459,7,28,0.25,25,32,0.781,14,38,52,23,10,11,22,29,8.0
22024,1610612740,NOP,New Orleans Pelicans,0022400308,2024-12-01,NOP @ NYK,L,241,85,35,94,0.372,4,27,0.148,11,17,0.647,13,29,42,20,14,9,14,19,-33.0
22024,1610612738,BOS,Boston Celtics,0022400307,2024-12-01,BOS @ CLE,L,240,111,38,95,0.4,17,49,0.347,18,19,0.947,10,36,46,17,11,6,8,19,-4.0
22024,1610612754,IND,Indiana Pacers,0022400306,2024-12-01,IND @ MEM,L,240,121,43,90,0.478,14,42,0.333,21,26,0.808,6,35,41,28,8,3,15,22,-15.0
22024,1610612739,CLE,Cleveland Cavaliers,0022400307,2024-12-01,CLE vs. BOS,W,239,115,39,80,0.488,17,36,0.472,20,25,0.8,6,38,44,22,5,7,17,20,4.0
22024,1610612742,DAL,Dallas Mavericks,0022400312,2024-12-01,DAL @ POR,W,238,137,48,87,0.552,18,36,0.5,23,29,0.793,8,25,33,33,13,0,13,15,6.0
22024,1610612745,HOU,Houston Rockets,0022400310,2024-12-01,HOU vs. OKC,W,240,119,38,92,0.413,13,37,0.351,30,39,0.769,15,36,51,20,3,6,10,21,3.0
22024,1610612761,TOR,Toronto Raptors,0022400309,2024-12-01,TOR vs. MIA,W,241,119,47,88,0.534,10,29,0.345,15,20,0.75,10,37,47,30,4,5,14,23,3.0
22024,1610612746,LAC,LA Clippers,0022400314,2024-12-01,LAC vs. DEN,W,240,126,43,90,0.478,18,39,0.462,22,27,0.815,13,29,42,28,8,4,14,16,4.0
22024,1610612758,SAC,Sacramento Kings,0022400313,2024-12-01,SAC vs. SAS,L,240,125,47,101,0.465,12,32,0.375,19,24,0.792,21,30,51,32,8,5,10,23,-2.0
22024,1610612759,SAS,San Antonio Spurs,0022400313,2024-12-01,SAS @ SAC,W,242,127,42,82,0.512,23,46,0.5,20,24,0.833,8,30,38,32,6,9,15,17,2.0
22024,1610612755,PHI,Philadelphia 76ers,0022400301,2024-11-30,PHI @ DET,W,240,111,42,85,0.494,11,31,0.355,16,22,0.727,12,38,50,19,9,8,14,21,15.0
22024,1610612744,GSW,Golden State Warriors,0022400303,2024-11-30,GSW @ PHX,L,239,105,38,92,0.413,14,40,0.35,15,18,0.833,9,34,43,28,8,5,9,17,-8.0
22024,1610612742,DAL,Dallas Mavericks,0022400304,2024-11-30,DAL @ UTA,W,240,106,41,90,0.456,15,39,0.385,9,15,0.6,12,36,48,30,12,6,15,21,12.0
22024,1610612762,UTA,Utah Jazz,0022400304,2024-11-30,UTA vs. DAL,L,241,94,34,95,0.358,9,39,0.231,17,21,0.81,19,34,53,20,10,7,15,14,-12.0
22024,1610612756,PHX,Phoenix Suns,0022400303,2024-11-30,PHX vs. GSW,W,239,113,38,79,0.481,18,35,0.514,19,22,0.864,6,39,45,31,4,9,12,13,8.0
22024,1610612749,MIL,Milwaukee Bucks,0022400302,2024-11-30,MIL vs. WAS,W,239,124,44,86,0.512,16,35,0.457,20,25,0.8,7,31,38,31,5,6,11,18,10.0
22024,1610612766,CHA,Charlotte Hornets,0022400300,2024-11-30,CHA vs. ATL,L,240,104,35,94,0.372,18,48,0.375,16,19,0.842,18,27,45,23,13,6,14,23,-3.0
22024,1610612737,ATL,Atlanta Hawks,0022400300,2024-11-30,ATL @ CHA,W,240,107,38,78,0.487,10,33,0.303,21,27,0.778,14,35,49,27,8,7,20,15,3.0
22024,1610612764,WAS,Washington Wizards,0022400302,2024-11-30,WAS @ MIL,L,240,114,41,87,0.471,9,32,0.281,23,24,0.958,8,33,41,24,7,3,12,26,-10.0
22024,1610612765,DET,Detroit Pistons,0022400301,2024-11-30,DET vs. PHI,L,242,96,35,91,0.385,11,40,0.275,15,18,0.833,10,32,42,22,6,5,16,19,-15.0
22024,1610612761,TOR,Toronto Raptors,0022400046,2024-11-29,TOR @ MIA,L,239,111,43,80,0.538,11,29,0.379,14,17,0.824,10,36,46,34,4,3,18,17,-10.0
22024,1610612760,OKC,Oklahoma City Thunder,0022400048,2024-11-29,OKC @ LAL,W,239,101,38,93,0.409,13,40,0.325,12,16,0.75,15,32,47,20,12,3,9,17,8.0
22024,1610612740,NOP,New Orleans Pelicans,0022400042,2024-11-29,NOP @ MEM,L,241,109,38,91,0.418,9,29,0.31,24,30,0.8,14,32,46,16,9,7,14,17,-11.0
22024,1610612763,MEM,Memphis Grizzlies,0022400042,2024-11-29,MEM vs. NOP,W,241,120,47,96,0.49,12,41,0.293,14,17,0.824,14,37,51,36,9,5,15,22,11.0
22024,1610612765,DET,Detroit Pistons,0022400045,2024-11-29,DET @ IND,W,240,130,48,83,0.578,18,38,0.474,16,20,0.8,7,37,44,35,9,5,18,16,24.0
22024,1610612757,POR,Portland Trail Blazers,0022400049,2024-11-29,POR vs. SAC,W,241,115,46,90,0.511,11,37,0.297,12,15,0.8,8,32,40,27,10,3,11,17,9.0
22024,1610612753,ORL,Orlando Magic,0022400043,2024-11-29,ORL @ BKN,W,240,123,44,83,0.53,18,35,0.514,17,22,0.773,11,29,40,29,13,13,17,21,23.0
22024,1610612739,CLE,Cleveland Cavaliers,0022400041,2024-11-29,CLE @ ATL,L,239,101,38,93,0.409,11,38,0.289,14,17,0.824,11,29,40,21,9,0,13,22,-16.0
22024,1610612754,IND,Indiana Pacers,0022400045,2024-11-29,IND vs. DET,L,242,106,41,85,0.482,12,33,0.364,12,13,0.923,7,25,32,23,9,4,16,18,-24.0
22024,1610612752,NYK,New York Knicks,0022400040,2024-11-29,NYK @ CHA,W,240,99,36,81,0.444,12,32,0.375,15,19,0.789,12,32,44,20,7,5,19,19,1.0
22024,1610612766,CHA,Charlotte Hornets,0022400040,2024-11-29,CHA vs. NYK,L,239,98,36,89,0.404,15,47,0.319,11,15,0.733,14,25,39,25,8,6,13,19,-1.0
22024,1610612758,SAC,Sacramento Kings,0022400049,2024-11-29,SAC @ POR,L,239,106,35,78,0.449,15,42,0.357,21,28,0.75,11,30,41,29,7,4,20,19,-9.0
22024,1610612751,BKN,Brooklyn Nets,0022400043,2024-11-29,BKN vs. ORL,L,240,100,38,77,0.494,14,29,0.483,10,14,0.714,5,30,35,22,5,5,20,21,-23.0
22024,1610612741,CHI,Chicago Bulls,0022400047,2024-11-29,CHI vs. BOS,L,241,129,48,93,0.516,20,51,0.392,13,16,0.813,5,38,43,28,7,2,8,17,-9.0
22024,1610612750,MIN,Minnesota Timberwolves,0022400044,2024-11-29,MIN vs. LAC,W,240,93,31,75,0.413,15,39,0.385,16,20,0.8,11,38,49,25,8,5,21,14,1.0
22024,1610612737,ATL,Atlanta Hawks,0022400041,2024-11-29,ATL vs. CLE,W,241,117,44,85,0.518,14,34,0.412,15,18,0.833,10,43,53,33,9,5,18,20,16.0
22024,1610612746,LAC,LA Clippers,0022400044,2024-11-29,LAC @ MIN,L,239,92,36,84,0.429,10,31,0.323,10,13,0.769,8,31,39,20,17,3,15,16,-1.0
22024,1610612738,BOS,Boston Celtics,0022400047,2024-11-29,BOS @ CHI,W,241,138,49,98,0.5,23,54,0.426,17,23,0.739,11,40,51,24,6,2,9,13,9.0
22024,1610612747,LAL,Los Angeles Lakers,0022400048,2024-11-29,LAL vs. OKC,L,241,93,33,73,0.452,11,38,0.289,16,21,0.762,8,39,47,25,4,6,17,18,-8.0
22024,1610612748,MIA,Miami Heat,0022400046,2024-11-29,MIA vs. TOR,W,242,121,43,94,0.457,21,54,0.389,14,17,0.824,9,24,33,32,10,0,8,19,10.0
22024,1610612740,NOP,New Orleans Pelicans,0022400295,2024-11-27,NOP vs. TOR,L,240,93,36,93,0.387,11,35,0.314,10,16,0.625,10,37,47,24,12,4,15,16,-26.0
22024,1610612737,ATL,Atlanta Hawks,0022400287,2024-11-27,ATL @ CLE,W,240,135,46,97,0.474,20,42,0.476,23,25,0.92,14,37,51,39,6,6,13,21,11.0
22024,1610612754,IND,Indiana Pacers,0022400288,2024-11-27,IND vs. POR,W,242,121,46,94,0.489,13,32,0.406,16,20,0.8,19,28,47,27,10,10,12,21,7.0
22024,1610612750,MIN,Minnesota Timberwolves,0022400294,2024-11-27,MIN vs. SAC,L,241,104,33,74,0.446,14,39,0.359,24,27,0.889,4,29,33,25,11,9,15,19,-11.0
22024,1610612760,OKC,Oklahoma City Thunder,0022400299,2024-11-27,OKC @ GSW,W,240,105,39,85,0.459,11,37,0.297,16,26,0.615,8,40,48,26,10,9,14,21,4.0
22024,1610612744,GSW,Golden State Warriors,0022400299,2024-11-27,GSW vs. OKC,L,240,101,35,98,0.357,16,50,0.32,15,21,0.714,18,39,57,25,7,6,14,21,-4.0
22024,1610612762,UTA,Utah Jazz,0022400298,2024-11-27,UTA vs. DEN,L,241,103,38,90,0.422,16,43,0.372,11,18,0.611,21,26,47,25,7,5,18,17,-19.0
22024,1610612746,LAC,LA Clippers,0022400291,2024-11-27,LAC @ WAS,W,242,121,45,89,0.506,12,33,0.364,19,25,0.76,13,34,47,27,18,4,13,19,25.0
22024,1610612764,WAS,Washington Wizards,0022400291,2024-11-27,WAS vs. LAC,L,242,96,35,85,0.412,8,33,0.242,18,22,0.818,11,29,40,21,9,4,20,18,-25.0
22024,1610612741,CHI,Chicago Bulls,0022400289,2024-11-27,CHI @ ORL,L,239,119,46,87,0.529,16,42,0.381,11,16,0.688,7,30,37,30,9,6,18,26,-14.0
22024,1610612743,DEN,Denver Nuggets,0022400298,2024-11-27,DEN @ UTA,W,241,122,46,84,0.548,11,33,0.333,19,23,0.826,10,29,39,30,10,8,10,14,19.0
22024,1610612761,TOR,Toronto Raptors,0022400295,2024-11-27,TOR @ NOP,W,241,119,47,95,0.495,21,52,0.404,4,12,0.333,12,40,52,38,11,4,15,16,26.0
22024,1610612742,DAL,Dallas Mavericks,0022400292,2024-11-27,DAL vs. NYK,W,241,129,48,85,0.565,17,33,0.515,16,21,0.762,10,33,43,27,6,4,13,25,15.0
22024,1610612752,NYK,New York Knicks,0022400292,2024-11-27,NYK @ DAL,L,240,114,40,86,0.465,7,29,0.241,27,30,0.9,7,26,33,20,9,3,8,19,-15.0
22024,1610612766,CHA,Charlotte Hornets,0022400286,2024-11-27,CHA vs. MIA,L,241,94,37,98,0.378,17,51,0.333,3,8,0.375,16,27,43,22,10,5,13,19,-4.0
22024,1610612748,MIA,Miami Heat,0022400286,2024-11-27,MIA @ CHA,W,240,98,33,73,0.452,14,37,0.378,18,22,0.818,4,40,44,21,6,5,18,9,4.0
22024,1610612765,DET,Detroit Pistons,0022400293,2024-11-27,DET @ MEM,L,240,111,40,85,0.471,13,38,0.342,18,25,0.72,9,33,42,24,6,4,18,17,-20.0
22024,1610612763,MEM,Memphis Grizzlies,0022400293,2024-11-27,MEM vs. DET,W,239,131,51,93,0.548,17,46,0.37,12,16,0.75,10,32,42,31,13,4,16,21,20.0
22024,1610612753,ORL,Orlando Magic,0022400289,2024-11-27,ORL vs. CHI,W,237,133,46,90,0.511,15,39,0.385,26,28,0.929,7,32,39,30,10,8,11,14,14.0
22024,1610612759,SAS,San Antonio Spurs,0022400296,2024-11-27,SAS vs. LAL,L,242,101,36,85,0.424,14,40,0.35,15,16,0.938,11,27,38,26,7,4,15,13,-18.0
22024,1610612747,LAL,Los Angeles Lakers,0022400296,2024-11-27,LAL @ SAS,W,241,119,48,90,0.533,13,34,0.382,10,10,1.0,11,35,46,31,8,3,13,15,18.0
22024,1610612739,CLE,Cleveland Cavaliers,0022400287,2024-11-27,CLE vs. ATL,L,241,124,44,95,0.463,15,48,0.313,21,28,0.75,12,32,44,31,11,5,12,21,-11.0
22024,1610612756,PHX,Phoenix Suns,0022400297,2024-11-27,PHX vs. BKN,L,241,117,41,77,0.532,12,31,0.387,23,28,0.821,3,34,37,25,7,5,17,26,-10.0
22024,1610612751,BKN,Brooklyn Nets,0022400297,2024-11-27,BKN @ PHX,W,240,127,44,87,0.506,18,42,0.429,21,22,0.955,7,29,36,32,8,1,12,24,10.0
22024,1610612745,HOU,Houston Rockets,0022400290,2024-11-27,HOU @ PHI,W,264,122,40,88,0.455,10,31,0.323,32,38,0.842,14,37,51,23,10,14,20,19,7.0
22024,1610612757,POR,Portland Trail Blazers,0022400288,2024-11-27,POR @ IND,L,239,114,44,87,0.506,16,35,0.457,10,17,0.588,13,25,38,31,6,5,14,18,-7.0
22024,1610612755,PHI,Philadelphia 76ers,0022400290,2024-11-27,PHI vs. HOU,L,264,115,43,96,0.448,12,33,0.364,17,23,0.739,10,32,42,19,12,7,14,26,-7.0
22024,1610612758,SAC,Sacramento Kings,0022400294,2024-11-27,SAC @ MIN,W,239,115,46,94,0.489,12,37,0.324,11,15,0.733,12,35,47,28,8,3,16,21,11.0
22024,1610612741,CHI,Chicago Bulls,0022400035,2024-11-26,CHI @ WAS,W,242,127,47,94,0.5,14,40,0.35,19,22,0.864,8,42,50,29,6,4,10,22,19.0
22024,1610612749,MIL,Milwaukee Bucks,0022400036,2024-11-26,MIL @ MIA,W,239,106,36,77,0.468,20,42,0.476,14,17,0.824,9,32,41,23,5,7,10,19,3.0
22024,1610612762,UTA,Utah Jazz,0022400038,2024-11-26,UTA vs. SAS,L,240,115,43,84,0.512,13,35,0.371,16,20,0.8,10,31,41,24,6,4,21,20,-13.0
22024,1610612748,MIA,Miami Heat,0022400036,2024-11-26,MIA vs. MIL,L,239,103,35,77,0.455,10,29,0.345,23,30,0.767,9,29,38,26,6,2,8,14,-3.0
22024,1610612756,PHX,Phoenix Suns,0022400039,2024-11-26,PHX vs. LAL,W,239,127,51,99,0.515,17,42,0.405,8,10,0.8,8,38,46,31,9,3,9,18,27.0
22024,1610612764,WAS,Washington Wizards,0022400035,2024-11-26,WAS vs. CHI,L,241,108,39,91,0.429,10,37,0.27,20,31,0.645,5,38,43,27,7,3,12,18,-19.0
22024,1610612745,HOU,Houston Rockets,0022400037,2024-11-26,HOU @ MIN,W,265,117,45,99,0.455,15,37,0.405,12,13,0.923,7,37,44,31,12,9,10,20,6.0
22024,1610612747,LAL,Los Angeles Lakers,0022400039,2024-11-26,LAL @ PHX,L,241,100,37,85,0.435,8,34,0.235,18,25,0.72,7,35,42,25,7,6,12,11,-27.0
22024,1610612759,SAS,San Antonio Spurs,0022400038,2024-11-26,SAS @ UTA,W,240,128,45,93,0.484,18,48,0.375,20,26,0.769,13,26,39,30,12,5,10,17,13.0
22024,1610612750,MIN,Minnesota Timberwolves,0022400037,2024-11-26,MIN vs. HOU,L,264,111,42,98,0.429,9,38,0.237,18,20,0.9,14,38,52,21,6,4,17,18,-6.0
22024,1610612765,DET,Detroit Pistons,0022400278,2024-11-25,DET vs. TOR,W,239,102,34,76,0.447,12,37,0.324,22,31,0.71,6,32,38,27,4,7,14,19,2.0
22024,1610612742,DAL,Dallas Mavericks,0022400280,2024-11-25,DAL @ ATL,W,239,129,47,94,0.5,16,35,0.457,19,22,0.864,10,41,51,24,6,8,17,13,10.0
22024,1610612763,MEM,Memphis Grizzlies,0022400282,2024-11-25,MEM vs. POR,W,241,123,43,87,0.494,12,28,0.429,25,34,0.735,16,44,60,35,7,13,18,20,25.0
22024,1610612757,POR,Portland Trail Blazers,0022400282,2024-11-25,POR @ MEM,L,241,98,34,102,0.333,8,46,0.174,22,28,0.786,19,25,44,22,10,7,11,21,-25.0
22024,1610612752,NYK,New York Knicks,0022400283,2024-11-25,NYK @ DEN,W,240,145,56,92,0.609,19,36,0.528,14,16,0.875,8,35,43,45,5,4,9,23,27.0
22024,1610612751,BKN,Brooklyn Nets,0022400284,2024-11-25,BKN @ GSW,W,240,128,41,83,0.494,20,45,0.444,26,30,0.867,7,35,42,23,6,3,11,18,8.0
22024,1610612746,LAC,LA Clippers,0022400281,2024-11-25,LAC @ BOS,L,240,94,39,90,0.433,7,26,0.269,9,13,0.692,10,34,44,18,8,3,13,12,-32.0
22024,1610612738,BOS,Boston Celtics,0022400281,2024-11-25,BOS vs. LAC,W,240,126,45,88,0.511,22,51,0.431,14,20,0.7,8,39,47,33,10,11,11,12,32.0
22024,1610612758,SAC,Sacramento Kings,0022400285,2024-11-25,SAC vs. OKC,L,240,109,42,87,0.483,8,32,0.25,17,23,0.739,9,22,31,24,10,4,12,22,-21.0
22024,1610612766,CHA,Charlotte Hornets,0022400277,2024-11-25,CHA vs. ORL,L,240,84,31,75,0.413,7,32,0.219,15,19,0.789,13,39,52,14,6,5,26,20,-11.0
22024,1610612737,ATL,Atlanta Hawks,0022400280,2024-11-25,ATL vs. DAL,L,240,119,48,101,0.475,9,31,0.29,14,16,0.875,9,30,39,32,10,6,14,15,-10.0
22024,1610612753,ORL,Orlando Magic,0022400277,2024-11-25,ORL @ CHA,W,239,95,37,94,0.394,12,46,0.261,9,17,0.529,13,26,39,21,12,6,8,21,11.0
22024,1610612743,DEN,Denver Nuggets,0022400283,2024-11-25,DEN vs. NYK,L,240,118,41,92,0.446,11,33,0.333,25,27,0.926,10,23,33,23,5,3,11,18,-27.0
22024,1610612754,IND,Indiana Pacers,0022400279,2024-11-25,IND vs. NOP,W,240,114,43,91,0.473,17,47,0.362,11,16,0.688,7,34,41,30,10,2,13,16,4.0
22024,1610612740,NOP,New Orleans Pelicans,0022400279,2024-11-25,NOP @ IND,L,241,110,45,87,0.517,9,33,0.273,11,19,0.579,8,36,44,35,9,3,15,16,-4.0
22024,1610612761,TOR,Toronto Raptors,0022400278,2024-11-25,TOR @ DET,L,241,100,41,104,0.394,10,35,0.286,8,10,0.8,23,27,50,26,7,5,9,27,-2.0
22024,1610612760,OKC,Oklahoma City Thunder,0022400285,2024-11-25,OKC @ SAC,W,241,130,48,86,0.558,14,31,0.452,20,25,0.8,11,33,44,28,6,3,15,18,21.0
22024,1610612744,GSW,Golden State Warriors,0022400284,2024-11-25,GSW vs. BKN,L,241,120,45,93,0.484,19,46,0.413,11,17,0.647,11,32,43,32,8,5,12,21,-8.0
22024,1610612758,SAC,Sacramento Kings,0022400276,2024-11-24,SAC vs. BKN,L,240,103,37,77,0.481,9,25,0.36,20,31,0.645,11,33,44,21,6,6,16,22,-5.0
22024,1610612738,BOS,Boston Celtics,0022400271,2024-11-24,BOS vs. MIN,W,239,107,37,87,0.425,21,56,0.375,12,15,0.8,8,32,40,25,5,7,6,23,2.0
22024,1610612751,BKN,Brooklyn Nets,0022400276,2024-11-24,BKN @ SAC,W,240,108,36,75,0.48,19,39,0.487,17,25,0.68,6,25,31,24,7,5,12,23,5.0
22024,1610612754,IND,Indiana Pacers,0022400272,2024-11-24,IND vs. WAS,W,240,115,41,86,0.477,12,27,0.444,21,27,0.778,12,33,45,31,8,3,11,18,12.0
22024,1610612748,MIA,Miami Heat,0022400273,2024-11-24,MIA vs. DAL,W,266,123,46,107,0.43,14,41,0.341,17,27,0.63,12,45,57,27,6,6,9,22,5.0
22024,1610612742,DAL,Dallas Mavericks,0022400273,2024-11-24,DAL @ MIA,L,265,118,44,105,0.419,10,40,0.25,20,25,0.8,15,44,59,29,6,9,13,24,-5.0
22024,1610612764,WAS,Washington Wizards,0022400272,2024-11-24,WAS @ IND,L,238,103,36,79,0.456,11,35,0.314,20,25,0.8,8,33,41,24,8,5,16,19,-12.0
22024,1610612761,TOR,Toronto Raptors,0022400275,2024-11-24,TOR @ CLE,L,239,108,37,92,0.402,12,39,0.308,22,34,0.647,19,36,55,22,9,5,14,18,-14.0
22024,1610612755,PHI,Philadelphia 76ers,0022400274,2024-11-24,PHI vs. LAC,L,241,99,34,86,0.395,9,39,0.231,22,26,0.846,13,20,33,22,8,5,13,17,-26.0
22024,1610612750,MIN,Minnesota Timberwolves,0022400271,2024-11-24,MIN @ BOS,L,240,105,37,88,0.42,15,41,0.366,16,21,0.762,11,38,49,19,2,1,8,18,-2.0
22024,1610612746,LAC,LA Clippers,0022400274,2024-11-24,LAC @ PHI,W,240,125,47,81,0.58,12,30,0.4,19,25,0.76,10,34,44,31,9,5,17,22,26.0
22024,1610612739,CLE,Cleveland Cavaliers,0022400275,2024-11-24,CLE vs. TOR,W,241,122,48,97,0.495,16,41,0.39,10,14,0.714,14,35,49,27,11,4,13,21,14.0
22024,1610612741,CHI,Chicago Bulls,0022400266,2024-11-23,CHI vs. MEM,L,240,131,49,97,0.505,19,42,0.452,14,19,0.737,10,25,35,29,4,8,11,14,-11.0
22024,1610612747,LAL,Los Angeles Lakers,0022400270,2024-11-23,LAL vs. DEN,L,239,102,39,88,0.443,13,36,0.361,11,14,0.786,6,26,32,27,11,3,15,16,-25.0
22024,1610612749,MIL,Milwaukee Bucks,0022400268,2024-11-23,MIL vs. CHA,W,241,125,43,89,0.483,18,37,0.486,21,26,0.808,10,41,51,20,3,9,14,22,6.0
22024,1610612763,MEM,Memphis Grizzlies,0022400266,2024-11-23,MEM @ CHI,W,240,142,55,96,0.573,19,42,0.452,13,20,0.65,13,36,49,38,5,4,11,18,11.0
22024,1610612759,SAS,San Antonio Spurs,0022400269,2024-11-23,SAS vs. GSW,W,241,104,38,85,0.447,13,47,0.277,15,19,0.789,9,39,48,29,5,9,8,16,10.0
22024,1610612757,POR,Portland Trail Blazers,0022400267,2024-11-23,POR @ HOU,W,239,104,34,90,0.378,18,44,0.409,18,23,0.783,16,37,53,16,5,12,16,26,6.0
22024,1610612743,DEN,Denver Nuggets,0022400270,2024-11-23,DEN @ LAL,W,240,127,50,82,0.61,16,32,0.5,11,19,0.579,8,40,48,37,7,2,17,18,25.0
22024,1610612765,DET,Detroit Pistons,0022400265,2024-11-23,DET @ ORL,L,242,100,35,75,0.467,13,33,0.394,17,22,0.773,10,24,34,16,7,8,17,21,-11.0
22024,1610612762,UTA,Utah Jazz,0022400264,2024-11-23,UTA vs. NYK,W,241,121,44,87,0.506,19,34,0.559,14,19,0.737,9,43,52,30,4,4,18,19,15.0
22024,1610612744,GSW,Golden State Warriors,0022400269,2024-11-23,GSW @ SAS,L,241,94,36,95,0.379,14,44,0.318,8,13,0.615,17,32,49,29,4,3,10,21,-10.0
22024,1610612752,NYK,New York Knicks,0022400264,2024-11-23,NYK @ UTA,L,240,106,39,100,0.39,17,51,0.333,11,12,0.917,11,29,40,25,10,10,9,19,-15.0
22024,1610612745,HOU,Houston Rockets,0022400267,2024-11-23,HOU vs. POR,L,240,98,32,90,0.356,8,32,0.25,26,33,0.788,14,29,43,17,8,5,9,19,-6.0
22024,1610612766,CHA,Charlotte Hornets,0022400268,2024-11-23,CHA @ MIL,L,239,119,41,100,0.41,19,47,0.404,18,21,0.857,14,34,48,22,6,5,10,21,-6.0
22024,1610612753,ORL,Orlando Magic,0022400265,2024-11-23,ORL vs. DET,W,241,111,40,87,0.46,12,39,0.308,19,22,0.864,17,27,44,25,13,9,13,20,11.0
22024,1610612742,DAL,Dallas Mavericks,0022400033,2024-11-22,DAL @ DEN,W,239,123,46,91,0.505,10,27,0.37,21,27,0.778,12,32,44,24,11,5,13,22,3.0
22024,1610612764,WAS,Washington Wizards,0022400028,2024-11-22,WAS vs. BOS,L,239,96,39,90,0.433,7,28,0.25,11,16,0.688,10,38,48,19,6,4,19,29,-12.0
22024,1610612744,GSW,Golden State Warriors,0022400032,2024-11-22,GSW @ NOP,W,239,112,39,87,0.448,12,37,0.324,22,29,0.759,14,38,52,27,5,5,16,19,4.0
22024,1610612737,ATL,Atlanta Hawks,0022400030,2024-11-22,ATL @ CHI,L,240,122,49,107,0.458,10,34,0.294,14,19,0.737,14,28,42,32,11,4,11,16,-14.0
22024,1610612749,MIL,Milwaukee Bucks,0022400029,2024-11-22,MIL vs. IND,W,242,129,48,90,0.533,17,36,0.472,16,20,0.8,10,34,44,33,10,4,17,19,12.0
22024,1610612743,DEN,Denver Nuggets,0022400033,2024-11-22,DEN vs. DAL,L,240,120,43,90,0.478,15,29,0.517,19,29,0.655,15,27,42,33,4,7,13,19,-3.0
22024,1610612745,HOU,Houston Rockets,0022400031,2024-11-22,HOU vs. POR,W,241,116,42,93,0.452,15,39,0.385,17,25,0.68,13,38,51,27,14,5,17,20,28.0
22024,1610612757,POR,Portland Trail Blazers,0022400031,2024-11-22,POR @ HOU,L,240,88,30,91,0.33,11,43,0.256,17,22,0.773,13,32,45,17,9,8,20,20,-28.0
22024,1610612741,CHI,Chicago Bulls,0022400030,2024-11-22,CHI vs. ATL,W,239,136,49,86,0.57,19,43,0.442,19,21,0.905,5,36,41,36,8,10,19,17,14.0
22024,1610612755,PHI,Philadelphia 76ers,0022400027,2024-11-22,PHI vs. BKN,W,242,113,41,92,0.446,16,43,0.372,15,20,0.75,15,25,40,25,13,9,11,16,15.0
22024,1610612751,BKN,Brooklyn Nets,0022400027,2024-11-22,BKN @ PHI,L,241,98,39,79,0.494,13,37,0.351,7,7,1.0,7,27,34,28,1,4,19,17,-15.0
22024,1610612740,NOP,New Orleans Pelicans,0022400032,2024-11-22,NOP vs. GSW,L,241,108,41,92,0.446,12,39,0.308,14,22,0.636,13,30,43,28,10,9,9,25,-4.0
22024,1610612738,BOS,Boston Celtics,0022400028,2024-11-22,BOS @ WAS,W,240,108,36,85,0.424,11,46,0.239,25,32,0.781,10,33,43,22,11,7,12,19,12.0
22024,1610612758,SAC,Sacramento Kings,0022400034,2024-11-22,SAC @ LAC,L,239,88,32,83,0.386,7,35,0.2,17,24,0.708,8,40,48,19,5,8,15,13,-16.0
22024,1610612754,IND,Indiana Pacers,0022400029,2024-11-22,IND @ MIL,L,242,117,43,91,0.473,11,34,0.324,20,27,0.741,14,32,46,30,11,6,15,17,-12.0
22024,1610612746,LAC,LA Clippers,0022400034,2024-11-22,LAC vs. SAC,W,239,104,39,94,0.415,10,42,0.238,16,16,1.0,11,43,54,27,13,3,12,24,16.0
22024,1610612750,MIN,Minnesota Timberwolves,0022400261,2024-11-21,MIN @ TOR,L,240,105,33,80,0.413,12,35,0.343,27,33,0.818,10,30,40,16,12,5,17,24,-5.0
22024,1610612747,LAL,Los Angeles Lakers,0022400263,2024-11-21,LAL vs. ORL,L,240,118,44,87,0.506,13,31,0.419,17,26,0.654,9,27,36,21,4,6,10,15,-1.0
22024,1610612753,ORL,Orlando Magic,0022400263,2024-11-21,ORL @ LAL,W,240,119,43,91,0.473,15,40,0.375,18,21,0.857,15,33,48,31,8,5,16,25,1.0
22024,1610612759,SAS,San Antonio Spurs,0022400262,2024-11-21,SAS vs. UTA,W,239,126,41,88,0.466,9,32,0.281,35,46,0.761,11,40,51,32,8,9,11,20,8.0
22024,1610612762,UTA,Utah Jazz,0022400262,2024-11-21,UTA @ SAS,L,241,118,41,98,0.418,13,45,0.289,23,26,0.885,12,37,49,22,4,7,14,29,-8.0
22024,1610612761,TOR,Toronto Raptors,0022400261,2024-11-21,TOR vs. MIN,W,239,110,37,72,0.514,7,23,0.304,29,39,0.744,10,33,43,22,11,1,17,24,5.0
22024,1610612766,CHA,Charlotte Hornets,0022400260,2024-11-21,CHA vs. DET,W,266,123,44,93,0.473,20,44,0.455,15,21,0.714,11,32,43,23,12,5,15,22,2.0
22024,1610612765,DET,Detroit Pistons,0022400260,2024-11-21,DET @ CHA,L,265,121,42,99,0.424,17,48,0.354,20,25,0.8,21,35,56,30,8,3,19,23,-2.0
22024,1610612754,IND,Indiana Pacers,0022400254,2024-11-20,IND @ HOU,L,240,113,44,83,0.53,5,22,0.227,20,25,0.8,3,33,36,19,7,9,23,24,-17.0
22024,1610612755,PHI,Philadelphia 76ers,0022400255,2024-11-20,PHI @ MEM,L,240,111,39,87,0.448,11,33,0.333,22,24,0.917,14,27,41,21,12,6,14,19,-6.0
22024,1610612749,MIL,Milwaukee Bucks,0022400253,2024-11-20,MIL vs. CHI,W,241,122,44,80,0.55,13,36,0.361,21,31,0.677,10,35,45,30,7,2,11,13,16.0
22024,1610612756,PHX,Phoenix Suns,0022400257,2024-11-20,PHX vs. NYK,L,242,122,45,92,0.489,19,50,0.38,13,17,0.765,11,23,34,30,9,2,14,16,-16.0
22024,1610612745,HOU,Houston Rockets,0022400254,2024-11-20,HOU vs. IND,W,238,130,47,102,0.461,12,36,0.333,24,33,0.727,13,34,47,25,16,2,13,21,17.0
22024,1610612746,LAC,LA Clippers,0022400259,2024-11-20,LAC vs. ORL,W,241,104,38,77,0.494,11,22,0.5,17,21,0.81,15,34,49,22,10,1,22,22,11.0
22024,1610612757,POR,Portland Trail Blazers,0022400256,2024-11-20,POR @ OKC,L,240,99,32,79,0.405,15,38,0.395,20,28,0.714,16,33,49,18,6,7,22,20,-10.0
22024,1610612753,ORL,Orlando Magic,0022400259,2024-11-20,ORL @ LAC,L,239,93,33,75,0.44,8,35,0.229,19,24,0.792,2,22,24,21,11,7,14,17,-11.0
22024,1610612739,CLE,Cleveland Cavaliers,0022400252,2024-11-20,CLE vs. NOP,W,240,128,49,93,0.527,18,42,0.429,12,14,0.857,16,36,52,29,10,9,11,16,28.0
22024,1610612744,GSW,Golden State Warriors,0022400258,2024-11-20,GSW vs. ATL,W,239,120,47,101,0.465,14,40,0.35,12,18,0.667,9,45,54,36,10,7,15,17,23.0
22024,1610612737,ATL,Atlanta Hawks,0022400258,2024-11-20,ATL @ GSW,L,238,97,35,105,0.333,12,45,0.267,15,24,0.625,21,44,65,27,9,5,17,17,-23.0
22024,1610612763,MEM,Memphis Grizzlies,0022400255,2024-11-20,MEM vs. PHI,W,239,117,41,85,0.482,19,43,0.442,16,16,1.0,9,32,41,29,5,6,19,17,6.0
22024,1610612740,NOP,New Orleans Pelicans,0022400252,2024-11-20,NOP @ CLE,L,240,100,39,92,0.424,8,31,0.258,14,22,0.636,16,24,40,23,9,3,11,11,-28.0
22024,1610612741,CHI,Chicago Bulls,0022400253,2024-11-20,CHI @ MIL,L,242,106,41,88,0.466,17,45,0.378,7,7,1.0,5,28,33,25,7,2,14,23,-16.0
22024,1610612760,OKC,Oklahoma City Thunder,0022400256,2024-11-20,OKC vs. POR,W,240,109,40,91,0.44,9,31,0.29,20,23,0.87,15,31,46,24,14,8,13,20,10.0
22024,1610612752,NYK,New York Knicks,0022400257,2024-11-20,NYK @ PHX,W,240,138,50,86,0.581,19,39,0.487,19,21,0.905,10,31,41,30,10,0,13,15,16.0
22024,1610612747,LAL,Los Angeles Lakers,0022400026,2024-11-19,LAL vs. UTA,W,240,124,42,76,0.553,14,31,0.452,26,36,0.722,6,28,34,30,9,5,14,16,6.0
22024,1610612742,DAL,Dallas Mavericks,0022400024,2024-11-19,DAL vs. NOP,W,239,132,49,94,0.521,14,31,0.452,20,25,0.8,14,34,48,26,12,7,11,15,41.0
22024,1610612763,MEM,Memphis Grizzlies,0022400023,2024-11-19,MEM vs. DEN,L,239,110,41,103,0.398,9,38,0.237,19,31,0.613,19,36,55,24,9,10,22,24,-12.0
22024,1610612740,NOP,New Orleans Pelicans,0022400024,2024-11-19,NOP @ DAL,L,240,91,31,78,0.397,11,32,0.344,18,21,0.857,7,30,37,19,9,4,21,22,-41.0
22024,1610612766,CHA,Charlotte Hornets,0022400022,2024-11-19,CHA @ BKN,L,241,115,38,82,0.463,20,37,0.541,19,22,0.864,13,31,44,25,6,8,21,20,-1.0
22024,1610612759,SAS,San Antonio Spurs,0022400025,2024-11-19,SAS vs. OKC,W,239,110,39,83,0.47,19,46,0.413,13,19,0.684,8,38,46,32,5,5,21,13,6.0
22024,1610612760,OKC,Oklahoma City Thunder,0022400025,2024-11-19,OKC @ SAS,L,239,104,41,100,0.41,16,53,0.302,6,7,0.857,13,34,47,24,16,4,13,18,-6.0
22024,1610612762,UTA,Utah Jazz,0022400026,2024-11-19,UTA @ LAL,L,239,118,45,90,0.5,12,36,0.333,16,19,0.842,11,31,42,28,9,0,14,24,-6.0
22024,1610612743,DEN,Denver Nuggets,0022400023,2024-11-19,DEN @ MEM,W,239,122,48,100,0.48,12,36,0.333,14,22,0.636,13,40,53,29,15,6,18,29,12.0
22024,1610612739,CLE,Cleveland Cavaliers,0022400021,2024-11-19,CLE @ BOS,L,239,117,46,93,0.495,10,29,0.345,15,17,0.882,12,29,41,30,4,3,7,15,-3.0
22024,1610612751,BKN,Brooklyn Nets,0022400022,2024-11-19,BKN vs. CHA,W,239,116,42,85,0.494,18,41,0.439,14,19,0.737,10,26,36,31,8,8,13,19,1.0
22024,1610612738,BOS,Boston Celtics,0022400021,2024-11-19,BOS vs. CLE,W,240,120,44,86,0.512,22,41,0.537,10,14,0.714,9,33,42,32,4,4,13,19,3.0
22024,1610612753,ORL,Orlando Magic,0022400249,2024-11-18,ORL @ PHX,W,239,109,39,76,0.513,11,29,0.379,20,25,0.8,8,30,38,28,5,7,10,19,10.0
22024,1610612737,ATL,Atlanta Hawks,0022400250,2024-11-18,ATL @ SAC,W,239,109,39,83,0.47,16,38,0.421,15,18,0.833,6,31,37,34,7,7,14,19,1.0
22024,1610612756,PHX,Phoenix Suns,0022400249,2024-11-18,PHX vs. ORL,L,239,99,35,83,0.422,12,41,0.293,17,25,0.68,16,29,45,25,5,2,13,21,-10.0
22024,1610612749,MIL,Milwaukee Bucks,0022400248,2024-11-18,MIL vs. HOU,W,241,101,38,83,0.458,13,33,0.394,12,19,0.632,4,39,43,21,8,8,15,18,1.0
22024,1610612741,CHI,Chicago Bulls,0022400244,2024-11-18,CHI @ DET,W,240,122,44,91,0.484,23,46,0.5,11,14,0.786,10,36,46,28,3,5,10,16,10.0
22024,1610612758,SAC,Sacramento Kings,0022400250,2024-11-18,SAC vs. ATL,L,239,108,37,85,0.435,20,46,0.435,14,19,0.737,9,36,45,24,9,4,17,20,-1.0
22024,1610612744,GSW,Golden State Warriors,0022400251,2024-11-18,GSW @ LAC,L,241,99,37,84,0.44,16,44,0.364,9,19,0.474,9,36,45,27,12,4,19,14,-3.0
22024,1610612746,LAC,LA Clippers,0022400251,2024-11-18,LAC vs. GSW,W,240,102,35,82,0.427,16,34,0.471,16,18,0.889,5,39,44,29,10,6,17,13,3.0
22024,1610612765,DET,Detroit Pistons,0022400244,2024-11-18,DET vs. CHI,L,239,112,42,98,0.429,15,44,0.341,13,19,0.684,16,32,48,27,3,3,9,19,-10.0
22024,1610612764,WAS,Washington Wizards,0022400246,2024-11-18,WAS @ NYK,L,241,106,43,91,0.473,11,33,0.333,9,16,0.563,12,29,41,23,5,3,10,19,-28.0
22024,1610612755,PHI,Philadelphia 76ers,0022400245,2024-11-18,PHI @ MIA,L,242,89,35,84,0.417,10,41,0.244,9,12,0.75,2,40,42,25,10,3,14,17,-17.0
22024,1610612754,IND,Indiana Pacers,0022400247,2024-11-18,IND @ TOR,L,240,119,44,99,0.444,15,40,0.375,16,20,0.8,12,20,32,29,17,5,10,19,-11.0
22024,1610612748,MIA,Miami Heat,0022400245,2024-11-18,MIA vs. PHI,W,242,106,36,87,0.414,13,44,0.295,21,23,0.913,9,44,53,26,10,2,13,13,17.0
22024,1610612752,NYK,New York Knicks,0022400246,2024-11-18,NYK vs. WAS,W,241,134,51,91,0.56,20,40,0.5,12,13,0.923,7,34,41,37,4,1,8,12,28.0
22024,1610612745,HOU,Houston Rockets,0022400248,2024-11-18,HOU @ MIL,L,240,100,40,100,0.4,9,32,0.281,11,13,0.846,16,37,53,19,9,6,12,15,-1.0
22024,1610612761,TOR,Toronto Raptors,0022400247,2024-11-18,TOR vs. IND,W,242,130,48,82,0.585,14,29,0.483,20,28,0.714,10,36,46,27,5,9,23,26,11.0
22024,1610612760,OKC,Oklahoma City Thunder,0022400242,2024-11-17,OKC vs. DAL,L,240,119,43,87,0.494,14,42,0.333,19,25,0.76,7,22,29,29,11,5,6,25,-2.0
22024,1610612739,CLE,Cleveland Cavaliers,0022400236,2024-11-17,CLE vs. CHA,W,241,128,44,77,0.571,13,30,0.433,27,28,0.964,9,39,48,26,3,4,20,15,14.0
22024,1610612743,DEN,Denver Nuggets,0022400238,2024-11-17,DEN @ MEM,L,237,90,35,84,0.417,10,31,0.323,10,14,0.714,6,33,39,23,9,5,14,12,-15.0
22024,1610612745,HOU,Houston Rockets,0022400241,2024-11-17,HOU @ CHI,W,240,143,55,105,0.524,10,34,0.294,23,32,0.719,14,52,66,34,8,9,10,18,36.0
22024,1610612751,BKN,Brooklyn Nets,0022400240,2024-11-17,BKN @ NYK,L,238,104,32,76,0.421,17,41,0.415,23,30,0.767,7,28,35,31,1,3,9,19,-10.0
22024,1610612754,IND,Indiana Pacers,0022400235,2024-11-17,IND vs. MIA,W,240,119,44,85,0.518,13,29,0.448,18,20,0.9,10,35,45,30,6,6,10,16,9.0
22024,1610612756,PHX,Phoenix Suns,0022400234,2024-11-17,PHX @ MIN,L,240,117,46,85,0.541,14,31,0.452,11,15,0.733,12,29,41,29,9,2,19,26,-3.0
22024,1610612764,WAS,Washington Wizards,0022400237,2024-11-17,WAS vs. DET,L,241,104,39,83,0.47,12,27,0.444,14,20,0.7,5,34,39,21,6,3,17,16,-20.0
22024,1610612765,DET,Detroit Pistons,0022400237,2024-11-17,DET @ WAS,W,239,124,46,97,0.474,17,38,0.447,15,19,0.789,13,38,51,27,11,4,8,19,20.0
22024,1610612748,MIA,Miami Heat,0022400235,2024-11-17,MIA @ IND,L,240,110,36,90,0.4,19,43,0.442,19,20,0.95,15,23,38,21,4,1,10,13,-9.0
22024,1610612763,MEM,Memphis Grizzlies,0022400238,2024-11-17,MEM vs. DEN,W,240,105,41,91,0.451,13,39,0.333,10,12,0.833,10,35,45,31,10,10,12,15,15.0
22024,1610612762,UTA,Utah Jazz,0022400243,2024-11-17,UTA @ LAC,L,241,105,39,79,0.494,12,40,0.3,15,18,0.833,9,32,41,24,7,1,18,14,-11.0
22024,1610612741,CHI,Chicago Bulls,0022400241,2024-11-17,CHI vs. HOU,L,239,107,36,107,0.336,14,56,0.25,21,22,0.955,13,34,47,26,8,7,13,21,-36.0
22024,1610612752,NYK,New York Knicks,0022400240,2024-11-17,NYK vs. BKN,W,240,114,43,88,0.489,13,40,0.325,15,19,0.789,10,37,47,33,4,5,6,23,10.0
22024,1610612750,MIN,Minnesota Timberwolves,0022400234,2024-11-17,MIN vs. PHX,W,240,120,42,80,0.525,17,39,0.436,19,26,0.731,9,23,32,27,8,6,14,13,3.0
22024,1610612746,LAC,LA Clippers,0022400243,2024-11-17,LAC vs. UTA,W,240,116,46,94,0.489,11,40,0.275,13,17,0.765,14,27,41,30,11,5,9,11,11.0
22024,1610612766,CHA,Charlotte Hornets,0022400236,2024-11-17,CHA @ CLE,L,240,114,42,103,0.408,20,52,0.385,10,12,0.833,17,23,40,34,12,6,9,23,-14.0
22024,1610612757,POR,Portland Trail Blazers,0022400239,2024-11-17,POR vs. ATL,W,241,114,44,95,0.463,14,38,0.368,12,19,0.632,18,22,40,31,16,10,20,21,4.0
22024,1610612737,ATL,Atlanta Hawks,0022400239,2024-11-17,ATL @ POR,L,240,110,39,85,0.459,11,32,0.344,21,25,0.84,16,31,47,30,10,7,25,19,-4.0
22024,1610612742,DAL,Dallas Mavericks,0022400242,2024-11-17,DAL @ OKC,W,240,121,40,84,0.476,11,27,0.407,30,36,0.833,18,35,53,18,4,5,16,20,2.0
22024,1610612758,SAC,Sacramento Kings,0022400233,2024-11-16,SAC vs. UTA,W,240,121,42,83,0.506,19,41,0.463,18,25,0.72,9,26,35,24,6,3,14,29,4.0
22024,1610612738,BOS,Boston Celtics,0022400230,2024-11-16,BOS vs. TOR,W,265,126,44,99,0.444,21,61,0.344,17,19,0.895,14,28,42,30,2,6,9,20,3.0
22024,1610612749,MIL,Milwaukee Bucks,0022400229,2024-11-16,MIL @ CHA,L,240,114,47,92,0.511,15,36,0.417,5,11,0.455,8,32,40,31,6,6,9,18,-1.0
22024,1610612740,NOP,New Orleans Pelicans,0022400231,2024-11-16,NOP vs. LAL,L,242,99,35,83,0.422,11,29,0.379,18,23,0.783,18,32,50,24,7,4,17,19,-5.0
22024,1610612761,TOR,Toronto Raptors,0022400230,2024-11-16,TOR @ BOS,L,265,123,50,98,0.51,9,23,0.391,14,21,0.667,15,31,46,35,3,2,9,19,-3.0
22024,1610612742,DAL,Dallas Mavericks,0022400232,2024-11-16,DAL vs. SAS,W,240,110,44,94,0.468,8,31,0.258,14,18,0.778,13,40,53,26,9,7,14,18,17.0
22024,1610612747,LAL,Los Angeles Lakers,0022400231,2024-11-16,LAL @ NOP,W,240,104,39,89,0.438,12,40,0.3,14,18,0.778,17,26,43,24,10,3,11,14,5.0
22024,1610612766,CHA,Charlotte Hornets,0022400229,2024-11-16,CHA vs. MIL,W,240,115,41,93,0.441,15,42,0.357,18,21,0.857,16,37,53,25,7,4,10,16,1.0
22024,1610612762,UTA,Utah Jazz,0022400233,2024-11-16,UTA @ SAC,L,239,117,37,75,0.493,12,26,0.462,31,42,0.738,11,22,33,16,11,3,13,20,-4.0
22024,1610612759,SAS,San Antonio Spurs,0022400232,2024-11-16,SAS @ DAL,L,240,93,28,88,0.318,11,40,0.275,26,30,0.867,13,32,45,21,10,9,11,17,-17.0
22024,1610612737,ATL,Atlanta Hawks,0022400012,2024-11-15,ATL vs. WAS,W,240,129,46,98,0.469,12,37,0.324,25,30,0.833,15,40,55,28,10,10,16,17,12.0
22024,1610612763,MEM,Memphis Grizzlies,0022400019,2024-11-15,MEM @ GSW,L,240,118,42,103,0.408,7,42,0.167,27,33,0.818,18,36,54,22,8,11,15,21,-5.0
22024,1610612760,OKC,Oklahoma City Thunder,0022400018,2024-11-15,OKC vs. PHX,W,240,99,36,91,0.396,10,40,0.25,17,18,0.944,13,40,53,21,6,11,10,26,16.0
22024,1610612765,DET,Detroit Pistons,0022400011,2024-11-15,DET @ TOR,W,238,99,39,95,0.411,8,38,0.211,13,20,0.65,14,42,56,24,8,8,13,16,4.0
22024,1610612748,MIA,Miami Heat,0022400009,2024-11-15,MIA @ IND,W,240,124,45,87,0.517,15,42,0.357,19,23,0.826,4,32,36,27,16,1,10,12,13.0
22024,1610612740,NOP,New Orleans Pelicans,0022400017,2024-11-15,NOP vs. DEN,W,241,101,37,87,0.425,11,35,0.314,16,18,0.889,17,39,56,21,4,5,14,13,7.0
22024,1610612756,PHX,Phoenix Suns,0022400018,2024-11-15,PHX @ OKC,L,238,83,22,75,0.293,9,37,0.243,30,40,0.75,11,39,50,17,6,4,14,20,-16.0
22024,1610612754,IND,Indiana Pacers,0022400009,2024-11-15,IND vs. MIA,L,240,111,44,86,0.512,14,35,0.4,9,11,0.818,8,31,39,28,8,4,20,15,-13.0
22024,1610612752,NYK,New York Knicks,0022400014,2024-11-15,NYK vs. BKN,W,240,124,44,83,0.53,13,38,0.342,23,28,0.821,8,37,45,25,7,6,13,21,2.0
22024,1610612746,LAC,LA Clippers,0022400016,2024-11-15,LAC @ HOU,L,240,104,34,90,0.378,10,40,0.25,26,33,0.788,13,38,51,12,6,6,14,15,-21.0
22024,1610612764,WAS,Washington Wizards,0022400012,2024-11-15,WAS @ ATL,L,240,117,43,106,0.406,15,43,0.349,16,21,0.762,13,39,52,28,11,5,15,23,-12.0
22024,1610612741,CHI,Chicago Bulls,0022400013,2024-11-15,CHI @ CLE,L,239,126,45,88,0.511,20,42,0.476,16,20,0.8,3,33,36,32,7,4,17,20,-18.0
22024,1610612739,CLE,Cleveland Cavaliers,0022400013,2024-11-15,CLE vs. CHI,W,241,144,51,93,0.548,21,43,0.488,21,24,0.875,4,36,40,33,11,6,13,16,18.0
22024,1610612745,HOU,Houston Rockets,0022400016,2024-11-15,HOU vs. LAC,W,240,125,46,95,0.484,19,44,0.432,14,18,0.778,9,39,48,31,11,3,12,25,21.0
22024,1610612750,MIN,Minnesota Timberwolves,0022400020,2024-11-15,MIN @ SAC,W,265,130,48,101,0.475,20,49,0.408,14,16,0.875,10,31,41,26,9,4,11,19,4.0
22024,1610612755,PHI,Philadelphia 76ers,0022400010,2024-11-15,PHI @ ORL,L,239,86,29,72,0.403,10,31,0.323,18,21,0.857,6,28,34,19,10,3,16,23,-12.0
22024,1610612759,SAS,San Antonio Spurs,0022400015,2024-11-15,SAS vs. LAL,L,237,115,43,88,0.489,17,45,0.378,12,16,0.75,11,29,40,32,6,5,13,19,-5.0
22024,1610612747,LAL,Los Angeles Lakers,0022400015,2024-11-15,LAL @ SAS,W,241,120,44,88,0.5,14,31,0.452,18,23,0.783,10,31,41,27,10,3,10,11,5.0
22024,1610612758,SAC,Sacramento Kings,0022400020,2024-11-15,SAC vs. MIN,L,266,126,48,96,0.5,12,37,0.324,18,20,0.9,11,40,51,21,6,7,13,17,-4.0
22024,1610612744,GSW,Golden State Warriors,0022400019,2024-11-15,GSW vs. MEM,W,241,123,43,98,0.439,19,46,0.413,18,25,0.72,14,42,56,33,9,5,19,28,5.0
22024,1610612761,TOR,Toronto Raptors,0022400011,2024-11-15,TOR vs. DET,L,240,95,35,97,0.361,8,31,0.258,17,22,0.773,17,36,53,21,7,6,14,13,-4.0
22024,1610612751,BKN,Brooklyn Nets,0022400014,2024-11-15,BKN @ NYK,L,241,122,39,89,0.438,19,46,0.413,25,28,0.893,10,27,37,27,8,2,9,22,-2.0
22024,1610612753,ORL,Orlando Magic,0022400010,2024-11-15,ORL vs. PHI,W,239,98,34,78,0.436,11,37,0.297,19,22,0.864,11,32,43,15,11,6,17,21,12.0
22024,1610612743,DEN,Denver Nuggets,0022400017,2024-11-15,DEN @ NOP,L,240,94,37,87,0.425,10,37,0.27,10,11,0.909,5,33,38,26,10,1,7,16,-7.0
22024,1610612742,DAL,Dallas Mavericks,0022400228,2024-11-14,DAL @ UTA,L,240,113,43,85,0.506,12,39,0.308,15,20,0.75,11,19,30,25,11,10,17,18,-2.0
22024,1610612762,UTA,Utah Jazz,0022400228,2024-11-14,UTA vs. DAL,W,239,115,43,85,0.506,13,34,0.382,16,21,0.762,16,24,40,25,11,2,18,20,2.0
22024,1610612755,PHI,Philadelphia 76ers,0022400220,2024-11-13,PHI vs. CLE,L,240,106,41,92,0.446,14,43,0.326,10,11,0.909,12,33,45,24,8,2,11,13,-8.0
22024,1610612764,WAS,Washington Wizards,0022400224,2024-11-13,WAS @ SAS,L,240,130,49,95,0.516,18,44,0.409,14,16,0.875,11,30,41,27,5,5,18,23,-9.0
22024,1610612754,IND,Indiana Pacers,0022400217,2024-11-13,IND @ ORL,L,242,90,32,84,0.381,10,30,0.333,16,18,0.889,7,34,41,22,10,6,16,19,-4.0
22024,1610612751,BKN,Brooklyn Nets,0022400218,2024-11-13,BKN vs. BOS,L,239,114,40,79,0.506,19,43,0.442,15,18,0.833,3,31,34,26,4,3,12,20,-25.0
22024,1610612763,MEM,Memphis Grizzlies,0022400225,2024-11-13,MEM @ LAL,L,240,123,42,89,0.472,12,33,0.364,27,33,0.818,12,29,41,28,11,6,13,25,-5.0
22024,1610612765,DET,Detroit Pistons,0022400223,2024-11-13,DET @ MIL,L,264,120,46,100,0.46,18,38,0.474,10,13,0.769,11,34,45,29,6,7,14,21,-7.0
22024,1610612747,LAL,Los Angeles Lakers,0022400225,2024-11-13,LAL vs. MEM,W,241,128,43,85,0.506,20,41,0.488,22,32,0.688,7,35,42,31,7,5,18,22,5.0
22024,1610612758,SAC,Sacramento Kings,0022400227,2024-11-13,SAC vs. PHX,W,241,127,50,78,0.641,15,28,0.536,12,17,0.706,6,39,45,38,7,8,17,20,23.0
22024,1610612752,NYK,New York Knicks,0022400219,2024-11-13,NYK vs. CHI,L,240,123,48,94,0.511,15,37,0.405,12,18,0.667,10,30,40,31,7,3,15,17,-1.0
22024,1610612739,CLE,Cleveland Cavaliers,0022400220,2024-11-13,CLE @ PHI,W,239,114,42,85,0.494,16,40,0.4,14,17,0.824,9,37,46,25,8,1,11,14,8.0
22024,1610612756,PHX,Phoenix Suns,0022400227,2024-11-13,PHX @ SAC,L,240,104,36,97,0.371,13,43,0.302,19,26,0.731,19,21,40,23,12,2,10,12,-23.0
22024,1610612753,ORL,Orlando Magic,0022400217,2024-11-13,ORL vs. IND,W,242,94,34,84,0.405,13,38,0.342,13,15,0.867,13,37,50,26,8,10,17,19,4.0
22024,1610612745,HOU,Houston Rockets,0022400222,2024-11-13,HOU vs. LAC,W,239,111,42,97,0.433,15,40,0.375,12,17,0.706,18,41,59,28,8,11,13,17,8.0
22024,1610612740,NOP,New Orleans Pelicans,0022400221,2024-11-13,NOP @ OKC,L,239,88,34,86,0.395,9,37,0.243,11,17,0.647,21,37,58,21,3,4,23,15,-18.0
22024,1610612759,SAS,San Antonio Spurs,0022400224,2024-11-13,SAS vs. WAS,W,241,139,48,92,0.522,18,44,0.409,25,32,0.781,8,31,39,38,7,7,9,15,9.0
22024,1610612757,POR,Portland Trail Blazers,0022400226,2024-11-13,POR vs. MIN,W,239,106,38,83,0.458,9,25,0.36,21,23,0.913,11,36,47,17,10,10,19,18,8.0
22024,1610612750,MIN,Minnesota Timberwolves,0022400226,2024-11-13,MIN @ POR,L,240,98,37,94,0.394,7,39,0.179,17,22,0.773,13,28,41,16,12,3,13,19,-8.0
22024,1610612741,CHI,Chicago Bulls,0022400219,2024-11-13,CHI @ NYK,W,239,124,44,82,0.537,14,36,0.389,22,27,0.815,7,33,40,31,10,6,18,17,1.0
22024,1610612746,LAC,LA Clippers,0022400222,2024-11-13,LAC @ HOU,L,239,103,38,96,0.396,14,38,0.368,13,16,0.813,10,32,42,27,10,3,9,16,-8.0
22024,1610612760,OKC,Oklahoma City Thunder,0022400221,2024-11-13,OKC vs. NOP,W,240,106,39,88,0.443,15,39,0.385,13,16,0.813,5,26,31,20,16,7,5,17,18.0
22024,1610612738,BOS,Boston Celtics,0022400218,2024-11-13,BOS @ BKN,W,241,139,50,93,0.538,22,46,0.478,17,24,0.708,12,33,45,35,7,6,7,17,25.0
22024,1610612749,MIL,Milwaukee Bucks,0022400223,2024-11-13,MIL vs. DET,W,266,127,45,95,0.474,15,35,0.429,22,25,0.88,9,38,47,26,10,9,11,12,7.0
22024,1610612750,MIN,Minnesota Timberwolves,0022400008,2024-11-12,MIN @ POR,L,240,108,37,73,0.507,13,35,0.371,21,23,0.913,4,28,32,22,13,4,21,22,-14.0
22024,1610612749,MIL,Milwaukee Bucks,0022400005,2024-11-12,MIL vs. TOR,W,240,99,38,94,0.404,16,56,0.286,7,12,0.583,12,35,47,25,16,9,16,18,14.0
22024,1610612744,GSW,Golden State Warriors,0022400007,2024-11-12,GSW vs. DAL,W,241,120,45,94,0.479,14,41,0.341,16,27,0.593,18,32,50,29,13,7,12,18,3.0
22024,1610612761,TOR,Toronto Raptors,0022400005,2024-11-12,TOR @ MIL,L,240,85,30,86,0.349,9,25,0.36,16,20,0.8,17,37,54,20,11,6,21,11,-14.0
22024,1610612762,UTA,Utah Jazz,0022400006,2024-11-12,UTA vs. PHX,L,238,112,45,92,0.489,15,38,0.395,7,9,0.778,12,27,39,32,7,3,10,17,-8.0
22024,1610612737,ATL,Atlanta Hawks,0022400001,2024-11-12,ATL @ BOS,W,240,117,50,99,0.505,10,32,0.313,7,13,0.538,19,25,44,35,16,2,16,17,1.0
22024,1610612756,PHX,Phoenix Suns,0022400006,2024-11-12,PHX @ UTA,W,240,120,43,86,0.5,18,39,0.462,16,22,0.727,10,32,42,21,6,11,8,11,8.0
22024,1610612738,BOS,Boston Celtics,0022400001,2024-11-12,BOS vs. ATL,L,239,116,38,75,0.507,18,45,0.4,22,27,0.815,6,28,34,28,7,5,20,12,-1.0
22024,1610612765,DET,Detroit Pistons,0022400002,2024-11-12,DET vs. MIA,W,265,123,43,92,0.467,13,36,0.361,24,28,0.857,15,41,56,32,4,4,19,19,2.0
22024,1610612766,CHA,Charlotte Hornets,0022400003,2024-11-12,CHA @ ORL,L,241,89,34,84,0.405,13,38,0.342,8,14,0.571,8,40,48,22,7,3,22,18,-25.0
22024,1610612755,PHI,Philadelphia 76ers,0022400004,2024-11-12,PHI vs. NYK,L,240,99,31,83,0.373,14,42,0.333,23,24,0.958,9,31,40,19,10,6,13,20,-12.0
22024,1610612757,POR,Portland Trail Blazers,0022400008,2024-11-12,POR vs. MIN,W,240,122,43,84,0.512,18,32,0.563,18,20,0.9,11,28,39,30,14,7,19,23,14.0
22024,1610612753,ORL,Orlando Magic,0022400003,2024-11-12,ORL vs. CHA,W,241,114,43,93,0.462,13,44,0.295,15,19,0.789,8,35,43,25,12,7,11,21,25.0
22024,1610612748,MIA,Miami Heat,0022400002,2024-11-12,MIA @ DET,L,266,121,47,101,0.465,17,45,0.378,10,13,0.769,12,31,43,25,14,3,10,22,-2.0
22024,1610612742,DAL,Dallas Mavericks,0022400007,2024-11-12,DAL @ GSW,L,240,117,44,84,0.524,11,34,0.324,18,24,0.75,8,32,40,26,6,1,17,23,-3.0
22024,1610612752,NYK,New York Knicks,0022400004,2024-11-12,NYK @ PHI,W,240,111,44,89,0.494,9,31,0.29,14,15,0.933,8,39,47,31,8,5,15,15,12.0
22024,1610612741,CHI,Chicago Bulls,0022400212,2024-11-11,CHI vs. CLE,L,241,113,43,87,0.494,14,38,0.368,13,16,0.813,8,43,51,26,7,5,20,17,-6.0
22024,1610612739,CLE,Cleveland Cavaliers,0022400212,2024-11-11,CLE @ CHI,W,240,119,43,97,0.443,15,45,0.333,18,24,0.75,12,31,43,26,14,3,8,13,6.0
22024,1610612745,HOU,Houston Rockets,0022400213,2024-11-11,HOU vs. WAS,W,240,107,40,87,0.46,5,23,0.217,22,25,0.88,17,41,58,13,12,10,19,17,15.0
22024,1610612759,SAS,San Antonio Spurs,0022400216,2024-11-11,SAS vs. SAC,W,240,116,43,85,0.506,22,46,0.478,8,8,1.0,8,36,44,31,5,5,16,10,20.0
22024,1610612764,WAS,Washington Wizards,0022400213,2024-11-11,WAS @ HOU,L,241,92,36,88,0.409,11,31,0.355,9,13,0.692,8,26,34,21,14,5,18,17,-15.0
22024,1610612746,LAC,LA Clippers,0022400215,2024-11-11,LAC @ OKC,L,240,128,44,80,0.55,20,37,0.541,20,29,0.69,15,32,47,31,5,5,23,22,-6.0
22024,1610612740,NOP,New Orleans Pelicans,0022400214,2024-11-11,NOP vs. BKN,L,239,105,42,94,0.447,10,30,0.333,11,12,0.917,14,31,45,31,13,4,10,15,-2.0
22024,1610612758,SAC,Sacramento Kings,0022400216,2024-11-11,SAC @ SAS,L,239,96,39,91,0.429,10,38,0.263,8,9,0.889,9,28,37,18,11,4,11,14,-20.0
22024,1610612760,OKC,Oklahoma City Thunder,0022400215,2024-11-11,OKC vs. LAC,W,241,134,47,91,0.516,18,46,0.391,22,23,0.957,9,20,29,31,16,5,11,23,6.0
22024,1610612751,BKN,Brooklyn Nets,0022400214,2024-11-11,BKN @ NOP,W,239,107,36,84,0.429,19,42,0.452,16,19,0.842,14,32,46,24,4,5,16,14,2.0
22024,1610612743,DEN,Denver Nuggets,0022400208,2024-11-10,DEN vs. DAL,W,240,122,45,89,0.506,14,29,0.483,18,26,0.692,13,32,45,35,6,5,10,16,2.0
22024,1610612745,HOU,Houston Rockets,0022400201,2024-11-10,HOU @ DET,W,239,101,38,93,0.409,7,34,0.206,18,24,0.75,17,36,53,19,10,5,11,21,2.0
22024,1610612750,MIN,Minnesota Timberwolves,0022400206,2024-11-10,MIN vs. MIA,L,241,94,35,88,0.398,13,45,0.289,11,13,0.846,16,31,47,22,13,5,19,20,-1.0
22024,1610612754,IND,Indiana Pacers,0022400203,2024-11-10,IND vs. NYK,W,239,132,45,88,0.511,21,46,0.457,21,25,0.84,5,27,32,27,6,4,6,22,11.0
22024,1610612753,ORL,Orlando Magic,0022400204,2024-11-10,ORL vs. WAS,W,241,121,41,91,0.451,17,48,0.354,22,25,0.88,15,29,44,25,6,5,11,21,27.0
22024,1610612763,MEM,Memphis Grizzlies,0022400210,2024-11-10,MEM @ POR,W,240,134,47,85,0.553,16,43,0.372,24,28,0.857,10,41,51,32,15,13,20,17,45.0
22024,1610612742,DAL,Dallas Mavericks,0022400208,2024-11-10,DAL @ DEN,L,240,120,48,90,0.533,10,33,0.303,14,19,0.737,10,32,42,29,7,5,10,17,-2.0
22024,1610612761,TOR,Toronto Raptors,0022400211,2024-11-10,TOR @ LAL,L,239,103,37,82,0.451,10,29,0.345,19,22,0.864,12,28,40,26,2,2,16,23,-20.0
22024,1610612757,POR,Portland Trail Blazers,0022400210,2024-11-10,POR vs. MEM,L,239,89,34,100,0.34,4,42,0.095,17,21,0.81,16,27,43,18,9,3,23,21,-45.0
22024,1610612758,SAC,Sacramento Kings,0022400209,2024-11-10,SAC @ PHX,W,267,127,50,102,0.49,11,37,0.297,16,19,0.842,8,49,57,23,7,3,14,20,9.0
22024,1610612749,MIL,Milwaukee Bucks,0022400202,2024-11-10,MIL vs. BOS,L,240,107,39,81,0.481,13,32,0.406,16,21,0.762,5,36,41,21,9,8,12,18,-6.0
22024,1610612748,MIA,Miami Heat,0022400206,2024-11-10,MIA @ MIN,W,239,95,34,77,0.442,11,31,0.355,16,22,0.727,6,37,43,18,14,9,22,20,1.0
22024,1610612738,BOS,Boston Celtics,0022400202,2024-11-10,BOS @ MIL,W,240,113,35,86,0.407,19,50,0.38,24,27,0.889,8,34,42,27,5,2,12,16,6.0
22024,1610612752,NYK,New York Knicks,0022400203,2024-11-10,NYK @ IND,L,241,121,46,83,0.554,7,25,0.28,22,27,0.815,8,31,39,23,5,3,13,20,-11.0
22024,1610612747,LAL,Los Angeles Lakers,0022400211,2024-11-10,LAL vs. TOR,W,242,123,44,86,0.512,12,37,0.324,23,28,0.821,10,23,33,30,9,4,5,15,20.0
22024,1610612764,WAS,Washington Wizards,0022400204,2024-11-10,WAS @ ORL,L,240,94,33,72,0.458,10,33,0.303,18,25,0.72,7,30,37,20,4,7,16,25,-27.0
22024,1610612766,CHA,Charlotte Hornets,0022400205,2024-11-10,CHA @ PHI,L,265,105,36,95,0.379,14,54,0.259,19,22,0.864,12,38,50,22,10,5,19,22,-2.0
22024,1610612765,DET,Detroit Pistons,0022400201,2024-11-10,DET vs. HOU,L,240,99,36,84,0.429,11,34,0.324,16,23,0.696,11,35,46,21,6,6,18,21,-2.0
22024,1610612755,PHI,Philadelphia 76ers,0022400205,2024-11-10,PHI vs. CHA,W,265,107,39,84,0.464,9,33,0.273,20,26,0.769,8,32,40,24,8,1,17,23,2.0
22024,1610612744,GSW,Golden State Warriors,0022400207,2024-11-10,GSW @ OKC,W,240,127,45,89,0.506,21,43,0.488,16,23,0.696,13,33,46,35,8,3,14,26,11.0
22024,1610612760,OKC,Oklahoma City Thunder,0022400207,2024-11-10,OKC vs. GSW,L,240,116,42,94,0.447,11,33,0.333,21,26,0.808,14,27,41,25,4,6,11,18,-11.0
22024,1610612756,PHX,Phoenix Suns,0022400209,2024-11-10,PHX vs. SAC,L,264,118,44,105,0.419,18,57,0.316,12,15,0.8,8,40,48,30,11,3,11,19,-9.0
22024,1610612761,TOR,Toronto Raptors,0022400200,2024-11-09,TOR @ LAC,L,238,103,40,95,0.421,11,37,0.297,12,21,0.571,12,32,44,26,8,5,10,23,-2.0
22024,1610612741,CHI,Chicago Bulls,0022400198,2024-11-09,CHI @ ATL,W,240,125,46,92,0.5,13,39,0.333,20,23,0.87,13,34,47,30,12,6,17,18,12.0
22024,1610612739,CLE,Cleveland Cavaliers,0022400199,2024-11-09,CLE vs. BKN,W,240,105,40,74,0.541,10,28,0.357,15,19,0.789,4,29,33,24,12,5,14,18,5.0
22024,1610612737,ATL,Atlanta Hawks,0022400198,2024-11-09,ATL vs. CHI,L,240,113,41,89,0.461,9,29,0.31,22,30,0.733,10,29,39,31,8,5,13,19,-12.0
22024,1610612762,UTA,Utah Jazz,0022400197,2024-11-09,UTA @ SAS,W,240,111,38,82,0.463,10,33,0.303,25,35,0.714,9,36,45,23,13,4,17,20,1.0
22024,1610612759,SAS,San Antonio Spurs,0022400197,2024-11-09,SAS vs. UTA,L,241,110,38,85,0.447,17,47,0.362,17,19,0.895,6,31,37,29,8,10,20,26,-1.0
22024,1610612751,BKN,Brooklyn Nets,0022400199,2024-11-09,BKN @ CLE,L,239,100,34,76,0.447,15,43,0.349,17,18,0.944,10,26,36,21,4,2,17,14,-5.0
22024,1610612746,LAC,LA Clippers,0022400200,2024-11-09,LAC vs. TOR,W,241,105,35,76,0.461,10,26,0.385,25,32,0.781,7,40,47,18,6,8,12,20,2.0
22024,1610612755,PHI,Philadelphia 76ers,0022400195,2024-11-08,PHI @ LAL,L,239,106,39,96,0.406,13,39,0.333,15,23,0.652,13,31,44,28,6,4,5,14,-10.0
22024,1610612752,NYK,New York Knicks,0022400189,2024-11-08,NYK vs. MIL,W,240,116,43,91,0.473,14,46,0.304,16,19,0.842,14,34,48,35,7,3,7,20,22.0
22024,1610612748,MIA,Miami Heat,0022400194,2024-11-08,MIA @ DEN,L,240,122,46,94,0.489,20,43,0.465,10,13,0.769,9,24,33,33,11,1,11,19,-13.0
22024,1610612765,DET,Detroit Pistons,0022400185,2024-11-08,DET vs. ATL,W,241,122,44,86,0.512,13,33,0.394,21,31,0.677,11,34,45,27,7,8,20,18,1.0
22024,1610612760,OKC,Oklahoma City Thunder,0022400192,2024-11-08,OKC vs. HOU,W,242,126,46,90,0.511,14,37,0.378,20,23,0.87,7,34,41,24,9,8,10,23,19.0
22024,1610612738,BOS,Boston Celtics,0022400187,2024-11-08,BOS vs. BKN,W,266,108,39,90,0.433,14,53,0.264,16,19,0.842,4,35,39,23,7,9,13,15,4.0
22024,1610612753,ORL,Orlando Magic,0022400186,2024-11-08,ORL vs. NOP,W,239,115,45,86,0.523,8,32,0.25,17,21,0.81,11,32,43,28,9,8,13,14,27.0
22024,1610612743,DEN,Denver Nuggets,0022400194,2024-11-08,DEN vs. MIA,W,239,135,50,81,0.617,18,35,0.514,17,19,0.895,6,33,39,37,5,5,17,13,13.0
22024,1610612750,MIN,Minnesota Timberwolves,0022400193,2024-11-08,MIN vs. POR,W,240,127,47,97,0.485,22,50,0.44,11,14,0.786,10,39,49,32,9,7,17,21,25.0
22024,1610612740,NOP,New Orleans Pelicans,0022400186,2024-11-08,NOP @ ORL,L,240,88,32,84,0.381,10,31,0.323,14,17,0.824,6,25,31,18,10,1,15,19,-27.0
22024,1610612764,WAS,Washington Wizards,0022400191,2024-11-08,WAS @ MEM,L,241,104,38,93,0.409,9,35,0.257,19,23,0.826,11,30,41,27,14,8,18,27,-24.0
22024,1610612739,CLE,Cleveland Cavaliers,0022400188,2024-11-08,CLE vs. GSW,W,237,136,46,85,0.541,20,42,0.476,24,28,0.857,9,34,43,33,7,7,19,12,19.0
22024,1610612747,LAL,Los Angeles Lakers,0022400195,2024-11-08,LAL vs. PHI,W,239,116,44,85,0.518,16,35,0.457,12,14,0.857,5,40,45,28,1,13,11,17,10.0
22024,1610612751,BKN,Brooklyn Nets,0022400187,2024-11-08,BKN @ BOS,L,265,104,41,100,0.41,10,38,0.263,12,15,0.8,12,39,51,24,6,3,12,22,-4.0
22024,1610612749,MIL,Milwaukee Bucks,0022400189,2024-11-08,MIL @ NYK,L,238,94,36,83,0.434,7,30,0.233,15,23,0.652,11,30,41,20,1,5,12,16,-22.0
22024,1610612745,HOU,Houston Rockets,0022400192,2024-11-08,HOU @ OKC,L,241,107,39,90,0.433,11,30,0.367,18,26,0.692,14,34,48,19,7,3,17,18,-19.0
22024,1610612742,DAL,Dallas Mavericks,0022400190,2024-11-08,DAL vs. PHX,L,239,113,41,80,0.513,11,33,0.333,20,22,0.909,8,31,39,18,5,1,11,22,-1.0
22024,1610612754,IND,Indiana Pacers,0022400184,2024-11-08,IND @ CHA,L,241,83,33,83,0.398,9,29,0.31,8,14,0.571,7,30,37,24,10,4,12,16,-20.0
22024,1610612737,ATL,Atlanta Hawks,0022400185,2024-11-08,ATL @ DET,L,240,121,44,97,0.454,15,36,0.417,18,23,0.783,15,29,44,30,12,7,17,21,-1.0
22024,1610612746,LAC,LA Clippers,0022400196,2024-11-08,LAC @ SAC,W,241,107,36,81,0.444,14,30,0.467,21,23,0.913,12,36,48,20,7,2,18,21,9.0
22024,1610612744,GSW,Golden State Warriors,0022400188,2024-11-08,GSW @ CLE,L,242,117,47,98,0.48,13,42,0.31,10,14,0.714,11,29,40,32,14,4,17,24,-19.0
22024,1610612766,CHA,Charlotte Hornets,0022400184,2024-11-08,CHA vs. IND,W,239,103,38,90,0.422,17,50,0.34,10,12,0.833,13,43,56,23,6,7,14,16,20.0
22024,1610612763,MEM,Memphis Grizzlies,0022400191,2024-11-08,MEM vs. WAS,W,240,128,46,97,0.474,14,43,0.326,22,25,0.88,13,37,50,30,10,10,17,19,24.0
22024,1610612756,PHX,Phoenix Suns,0022400190,2024-11-08,PHX @ DAL,W,240,114,43,86,0.5,15,39,0.385,13,18,0.722,11,26,37,26,6,2,8,18,1.0
22024,1610612758,SAC,Sacramento Kings,0022400196,2024-11-08,SAC vs. LAC,L,241,98,37,78,0.474,3,26,0.115,21,24,0.875,5,30,35,19,6,3,13,19,-9.0
22024,1610612757,POR,Portland Trail Blazers,0022400193,2024-11-08,POR @ MIN,L,240,102,39,91,0.429,6,25,0.24,18,24,0.75,12,25,37,13,11,7,16,17,-25.0
22024,1610612741,CHI,Chicago Bulls,0022400181,2024-11-07,CHI vs. MIN,L,240,119,47,88,0.534,15,36,0.417,10,15,0.667,10,22,32,30,9,4,13,20,-16.0
22024,1610612759,SAS,San Antonio Spurs,0022400183,2024-11-07,SAS vs. POR,W,238,118,44,82,0.537,16,39,0.41,14,18,0.778,12,33,45,35,9,4,15,15,13.0
22024,1610612762,UTA,Utah Jazz,0022400182,2024-11-07,UTA @ MIL,L,238,100,33,77,0.429,17,41,0.415,17,18,0.944,8,31,39,24,5,5,21,19,-23.0
22024,1610612750,MIN,Minnesota Timberwolves,0022400181,2024-11-07,MIN @ CHI,W,241,135,51,93,0.548,16,38,0.421,17,17,1.0,10,30,40,29,7,4,13,17,16.0
22024,1610612757,POR,Portland Trail Blazers,0022400183,2024-11-07,POR @ SAS,L,240,105,41,86,0.477,9,32,0.281,14,22,0.636,14,27,41,23,7,3,14,14,-13.0
22024,1610612749,MIL,Milwaukee Bucks,0022400182,2024-11-07,MIL vs. UTA,W,238,123,43,84,0.512,15,35,0.429,22,30,0.733,11,30,41,20,13,3,10,21,23.0
22024,1610612743,DEN,Denver Nuggets,0022400177,2024-11-06,DEN vs. OKC,W,239,124,42,89,0.472,16,38,0.421,24,33,0.727,13,42,55,34,8,6,18,22,2.0
22024,1610612746,LAC,LA Clippers,0022400179,2024-11-06,LAC vs. PHI,W,240,110,41,72,0.569,12,28,0.429,16,19,0.842,8,21,29,27,12,1,17,16,12.0
22024,1610612754,IND,Indiana Pacers,0022400170,2024-11-06,IND vs. ORL,W,239,118,41,76,0.539,12,26,0.462,24,26,0.923,4,32,36,21,7,3,11,24,7.0
22024,1610612755,PHI,Philadelphia 76ers,0022400179,2024-11-06,PHI @ LAC,L,242,98,40,73,0.548,7,25,0.28,11,19,0.579,10,22,32,19,10,2,20,22,-12.0
22024,1610612745,HOU,Houston Rockets,0022400173,2024-11-06,HOU vs. SAS,W,239,127,54,96,0.563,10,27,0.37,9,15,0.6,11,34,45,28,10,5,11,13,27.0
22024,1610612752,NYK,New York Knicks,0022400171,2024-11-06,NYK @ ATL,L,240,116,41,84,0.488,22,47,0.468,12,15,0.8,7,34,41,29,5,5,15,18,-5.0
22024,1610612765,DET,Detroit Pistons,0022400169,2024-11-06,DET @ CHA,L,241,107,46,94,0.489,10,32,0.313,5,9,0.556,6,40,46,34,5,4,10,20,-1.0
22024,1610612753,ORL,Orlando Magic,0022400170,2024-11-06,ORL @ IND,L,239,111,42,82,0.512,7,25,0.28,20,26,0.769,10,28,38,26,6,5,16,22,-7.0
22024,1610612763,MEM,Memphis Grizzlies,0022400174,2024-11-06,MEM vs. LAL,W,240,131,48,93,0.516,17,34,0.5,18,23,0.783,12,38,50,28,5,6,18,17,17.0
22024,1610612756,PHX,Phoenix Suns,0022400178,2024-11-06,PHX vs. MIA,W,240,115,42,84,0.5,18,43,0.419,13,18,0.722,10,36,46,29,5,6,16,14,3.0
22024,1610612742,DAL,Dallas Mavericks,0022400176,2024-11-06,DAL vs. CHI,W,241,119,45,93,0.484,12,38,0.316,17,21,0.81,9,38,47,33,11,4,15,19,20.0
22024,1610612758,SAC,Sacramento Kings,0022400180,2024-11-06,SAC vs. TOR,W,241,122,42,90,0.467,10,35,0.286,28,32,0.875,15,32,47,26,7,5,9,13,15.0
22024,1610612766,CHA,Charlotte Hornets,0022400169,2024-11-06,CHA vs. DET,W,241,108,39,90,0.433,14,44,0.318,16,16,1.0,8,39,47,22,5,4,12,16,1.0
22024,1610612740,NOP,New Orleans Pelicans,0022400175,2024-11-06,NOP vs. CLE,L,240,122,42,88,0.477,13,27,0.481,25,28,0.893,8,25,33,21,8,8,9,14,-9.0
22024,1610612760,OKC,Oklahoma City Thunder,0022400177,2024-11-06,OKC @ DEN,L,240,122,44,100,0.44,16,40,0.4,18,23,0.783,13,34,47,29,15,6,14,28,-2.0
22024,1610612761,TOR,Toronto Raptors,0022400180,2024-11-06,TOR @ SAC,L,242,107,43,88,0.489,10,34,0.294,11,15,0.733,8,26,34,25,7,1,11,23,-15.0
22024,1610612744,GSW,Golden State Warriors,0022400172,2024-11-06,GSW @ BOS,W,239,118,42,91,0.462,14,34,0.412,20,24,0.833,15,38,53,22,6,5,11,19,6.0
22024,1610612759,SAS,San Antonio Spurs,0022400173,2024-11-06,SAS @ HOU,L,239,100,37,83,0.446,14,36,0.389,12,16,0.75,8,33,41,20,6,6,19,13,-27.0
22024,1610612748,MIA,Miami Heat,0022400178,2024-11-06,MIA @ PHX,L,240,112,40,92,0.435,13,34,0.382,19,20,0.95,13,30,43,27,12,3,10,16,-3.0
22024,1610612737,ATL,Atlanta Hawks,0022400171,2024-11-06,ATL vs. NYK,W,240,121,45,100,0.45,15,38,0.395,16,22,0.727,16,32,48,31,12,4,8,14,5.0
22024,1610612738,BOS,Boston Celtics,0022400172,2024-11-06,BOS vs. GSW,L,240,112,38,90,0.422,19,54,0.352,17,21,0.81,13,34,47,22,5,3,12,18,-6.0
22024,1610612739,CLE,Cleveland Cavaliers,0022400175,2024-11-06,CLE @ NOP,W,241,131,52,96,0.542,17,35,0.486,10,13,0.769,12,34,46,33,6,10,11,21,9.0
22024,1610612747,LAL,Los Angeles Lakers,0022400174,2024-11-06,LAL @ MEM,L,240,114,41,93,0.441,15,48,0.313,17,21,0.81,9,28,37,23,10,1,11,18,-17.0
22024,1610612741,CHI,Chicago Bulls,0022400176,2024-11-06,CHI @ DAL,L,241,99,36,86,0.419,12,42,0.286,15,23,0.652,14,37,51,25,8,2,22,17,-20.0
22024,1610612739,CLE,Cleveland Cavaliers,0022400154,2024-11-04,CLE vs. MIL,W,239,116,46,91,0.505,17,37,0.459,7,13,0.538,5,34,39,28,10,4,10,15,2.0
22024,1610612742,DAL,Dallas Mavericks,0022400165,2024-11-04,DAL vs. IND,L,240,127,46,89,0.517,15,36,0.417,20,25,0.8,5,33,38,29,4,3,8,18,-7.0
22024,1610612737,ATL,Atlanta Hawks,0022400157,2024-11-04,ATL vs. BOS,L,240,93,37,89,0.416,6,31,0.194,13,16,0.813,8,35,43,23,9,3,19,13,-30.0
22024,1610612760,OKC,Oklahoma City Thunder,0022400163,2024-11-04,OKC vs. ORL,W,240,102,39,85,0.459,12,31,0.387,12,16,0.75,5,37,42,23,12,4,15,21,16.0
22024,1610612743,DEN,Denver Nuggets,0022400166,2024-11-04,DEN vs. TOR,W,240,121,41,83,0.494,10,31,0.323,29,38,0.763,14,30,44,29,9,10,17,21,2.0
22024,1610612745,HOU,Houston Rockets,0022400161,2024-11-04,HOU vs. NYK,W,240,109,43,88,0.489,8,33,0.242,15,18,0.833,11,39,50,21,4,6,10,20,12.0
22024,1610612752,NYK,New York Knicks,0022400161,2024-11-04,NYK @ HOU,L,240,97,34,88,0.386,11,28,0.393,18,21,0.857,13,26,39,20,6,4,10,18,-12.0
22024,1610612765,DET,Detroit Pistons,0022400156,2024-11-04,DET vs. LAL,W,240,115,45,96,0.469,8,34,0.235,17,22,0.773,17,38,55,22,6,5,12,25,12.0
22024,1610612750,MIN,Minnesota Timberwolves,0022400162,2024-11-04,MIN vs. CHA,W,239,114,39,79,0.494,18,38,0.474,18,26,0.692,9,36,45,23,7,8,15,19,21.0
22024,1610612754,IND,Indiana Pacers,0022400165,2024-11-04,IND @ DAL,W,241,134,54,95,0.568,13,32,0.406,13,20,0.65,7,39,46,30,5,3,9,16,7.0
22024,1610612759,SAS,San Antonio Spurs,0022400168,2024-11-04,SAS @ LAC,L,240,104,38,86,0.442,11,41,0.268,17,19,0.895,12,33,45,22,9,10,10,16,-9.0
22024,1610612757,POR,Portland Trail Blazers,0022400164,2024-11-04,POR @ NOP,W,242,118,46,84,0.548,10,29,0.345,16,24,0.667,11,27,38,21,10,5,11,15,18.0
22024,1610612748,MIA,Miami Heat,0022400159,2024-11-04,MIA vs. SAC,L,241,110,37,85,0.435,15,36,0.417,21,30,0.7,8,28,36,24,9,6,10,15,-1.0
22024,1610612746,LAC,LA Clippers,0022400168,2024-11-04,LAC vs. SAS,W,239,113,41,90,0.456,19,37,0.514,12,17,0.706,16,28,44,25,6,7,10,21,9.0
22024,1610612741,CHI,Chicago Bulls,0022400160,2024-11-04,CHI vs. UTA,L,240,126,45,95,0.474,14,37,0.378,22,25,0.88,10,26,36,36,7,7,9,23,-9.0
22024,1610612744,GSW,Golden State Warriors,0022400155,2024-11-04,GSW @ WAS,W,240,125,44,97,0.454,12,37,0.324,25,34,0.735,16,40,56,29,5,7,6,20,13.0
22024,1610612764,WAS,Washington Wizards,0022400155,2024-11-04,WAS vs. GSW,L,240,112,42,96,0.438,10,43,0.233,18,21,0.857,8,39,47,29,4,8,9,23,-13.0
22024,1610612763,MEM,Memphis Grizzlies,0022400158,2024-11-04,MEM @ BKN,L,240,104,43,91,0.473,8,30,0.267,10,13,0.769,13,31,44,29,5,8,14,16,-2.0
22024,1610612753,ORL,Orlando Magic,0022400163,2024-11-04,ORL @ OKC,L,240,86,29,82,0.354,5,34,0.147,23,27,0.852,7,34,41,20,12,5,18,16,-16.0
22024,1610612740,NOP,New Orleans Pelicans,0022400164,2024-11-04,NOP vs. POR,L,241,100,38,84,0.452,10,35,0.286,14,16,0.875,10,24,34,24,5,3,12,20,-18.0
22024,1610612761,TOR,Toronto Raptors,0022400166,2024-11-04,TOR @ DEN,L,240,119,47,103,0.456,13,39,0.333,12,18,0.667,14,27,41,38,12,3,13,27,-2.0
22024,1610612749,MIL,Milwaukee Bucks,0022400154,2024-11-04,MIL @ CLE,L,240,114,42,86,0.488,17,35,0.486,13,15,0.867,7,42,49,21,6,6,14,15,-2.0
22024,1610612758,SAC,Sacramento Kings,0022400159,2024-11-04,SAC @ MIA,W,240,111,44,86,0.512,10,27,0.37,13,15,0.867,11,28,39,23,5,4,12,28,1.0
22024,1610612756,PHX,Phoenix Suns,0022400167,2024-11-04,PHX vs. PHI,W,240,118,42,82,0.512,11,32,0.344,23,26,0.885,9,34,43,24,6,4,14,16,2.0
22024,1610612755,PHI,Philadelphia 76ers,0022400167,2024-11-04,PHI @ PHX,L,240,116,40,87,0.46,20,51,0.392,16,18,0.889,9,29,38,27,10,4,14,22,-2.0
22024,1610612747,LAL,Los Angeles Lakers,0022400156,2024-11-04,LAL @ DET,L,240,103,37,85,0.435,9,25,0.36,20,27,0.741,7,30,37,28,8,1,13,16,-12.0
22024,1610612751,BKN,Brooklyn Nets,0022400158,2024-11-04,BKN vs. MEM,W,241,106,40,84,0.476,13,36,0.361,13,18,0.722,12,25,37,28,7,1,13,22,2.0
22024,1610612762,UTA,Utah Jazz,0022400160,2024-11-04,UTA @ CHI,W,240,135,48,89,0.539,16,36,0.444,23,30,0.767,12,37,49,35,3,6,12,18,9.0
22024,1610612738,BOS,Boston Celtics,0022400157,2024-11-04,BOS @ ATL,W,239,123,48,99,0.485,18,55,0.327,9,13,0.692,11,39,50,27,15,7,12,14,30.0
22024,1610612766,CHA,Charlotte Hornets,0022400162,2024-11-04,CHA @ MIN,L,240,93,35,88,0.398,10,42,0.238,13,16,0.813,9,29,38,19,10,1,14,22,-21.0
22024,1610612737,ATL,Atlanta Hawks,0022400152,2024-11-03,ATL @ NOP,W,240,126,50,88,0.568,15,36,0.417,11,12,0.917,10,31,41,29,10,3,16,17,15.0
22024,1610612751,BKN,Brooklyn Nets,0022400151,2024-11-03,BKN vs. DET,L,240,92,32,71,0.451,9,31,0.29,19,31,0.613,4,23,27,23,9,3,13,24,-14.0
22024,1610612740,NOP,New Orleans Pelicans,0022400152,2024-11-03,NOP vs. ATL,L,243,111,39,90,0.433,16,38,0.421,17,20,0.85,18,25,43,22,6,3,18,16,-15.0
22024,1610612765,DET,Detroit Pistons,0022400151,2024-11-03,DET @ BKN,W,240,106,37,77,0.481,11,36,0.306,21,26,0.808,9,38,47,25,4,6,17,25,14.0
22024,1610612742,DAL,Dallas Mavericks,0022400153,2024-11-03,DAL vs. ORL,W,240,108,42,85,0.494,10,32,0.313,14,23,0.609,12,41,53,25,8,5,18,22,23.0
22024,1610612753,ORL,Orlando Magic,0022400153,2024-11-03,ORL @ DAL,L,240,85,31,93,0.333,8,41,0.195,15,19,0.789,13,30,43,19,8,4,14,22,-23.0
22024,1610612744,GSW,Golden State Warriors,0022400144,2024-11-02,GSW @ HOU,W,264,127,40,78,0.513,15,32,0.469,32,50,0.64,9,38,47,26,5,4,14,22,6.0
22024,1610612738,BOS,Boston Celtics,0022400141,2024-11-02,BOS @ CHA,W,240,113,36,82,0.439,16,52,0.308,25,28,0.893,8,36,44,23,4,4,15,17,10.0
22024,1610612762,UTA,Utah Jazz,0022400148,2024-11-02,UTA @ DEN,L,241,103,32,77,0.416,13,42,0.31,26,31,0.839,8,31,39,24,7,8,22,22,-26.0
22024,1610612758,SAC,Sacramento Kings,0022400143,2024-11-02,SAC @ TOR,L,266,128,46,100,0.46,10,40,0.25,26,32,0.813,15,34,49,21,16,3,18,22,-3.0
22024,1610612745,HOU,Houston Rockets,0022400144,2024-11-02,HOU vs. GSW,L,264,121,44,107,0.411,15,45,0.333,18,24,0.75,18,31,49,27,10,6,11,32,-6.0
22024,1610612760,OKC,Oklahoma City Thunder,0022400150,2024-11-02,OKC @ LAC,W,239,105,36,84,0.429,16,39,0.41,17,19,0.895,3,38,41,25,11,3,12,22,13.0
22024,1610612750,MIN,Minnesota Timberwolves,0022400146,2024-11-02,MIN @ SAS,L,240,103,39,82,0.476,11,37,0.297,14,20,0.7,6,26,32,21,7,2,12,16,-10.0
22024,1610612759,SAS,San Antonio Spurs,0022400146,2024-11-02,SAS vs. MIN,W,239,113,43,83,0.518,13,42,0.31,14,17,0.824,7,37,44,32,6,5,11,16,10.0
22024,1610612746,LAC,LA Clippers,0022400150,2024-11-02,LAC vs. OKC,L,240,92,32,79,0.405,11,35,0.314,17,26,0.654,10,40,50,23,10,7,20,17,-13.0
22024,1610612763,MEM,Memphis Grizzlies,0022400142,2024-11-02,MEM @ PHI,W,239,124,48,87,0.552,12,27,0.444,16,21,0.762,11,41,52,35,9,6,16,22,17.0
22024,1610612764,WAS,Washington Wizards,0022400147,2024-11-02,MIA @ WAS,L,240,98,38,91,0.418,7,35,0.2,15,21,0.714,8,36,44,23,12,10,11,22,-20.0
22024,1610612755,PHI,Philadelphia 76ers,0022400142,2024-11-02,PHI vs. MEM,L,239,107,36,89,0.404,19,46,0.413,16,20,0.8,8,25,33,22,11,5,14,19,-17.0
22024,1610612756,PHX,Phoenix Suns,0022400149,2024-11-02,PHX vs. POR,W,242,103,35,93,0.376,17,52,0.327,16,22,0.727,13,50,63,29,4,8,12,10,6.0
22024,1610612739,CLE,Cleveland Cavaliers,0022400145,2024-11-02,CLE @ MIL,W,241,114,44,91,0.484,15,38,0.395,11,15,0.733,10,35,45,31,3,2,7,20,1.0
22024,1610612766,CHA,Charlotte Hornets,0022400141,2024-11-02,CHA vs. BOS,L,239,103,40,91,0.44,17,42,0.405,6,9,0.667,7,27,34,24,10,1,13,25,-10.0
22024,1610612757,POR,Portland Trail Blazers,0022400149,2024-11-02,POR @ PHX,L,239,97,37,111,0.333,14,43,0.326,9,11,0.818,14,42,56,17,10,5,6,18,-6.0
22024,1610612761,TOR,Toronto Raptors,0022400143,2024-11-02,TOR vs. SAC,W,265,131,46,95,0.484,17,37,0.459,22,31,0.71,12,34,46,31,13,3,19,25,3.0
22024,1610612748,MIA,Miami Heat,0022400147,2024-11-02,MIA @ WAS,W,240,118,43,102,0.422,15,37,0.405,17,24,0.708,21,44,65,19,6,3,13,18,20.0
22024,1610612749,MIL,Milwaukee Bucks,0022400145,2024-11-02,MIL vs. CLE,L,241,113,43,89,0.483,18,39,0.462,9,15,0.6,10,35,45,24,3,3,13,23,-1.0
22024,1610612743,DEN,Denver Nuggets,0022400148,2024-11-02,DEN vs. UTA,W,239,129,48,99,0.485,16,32,0.5,17,23,0.739,19,33,52,33,14,1,17,25,26.0
22024,1610612743,DEN,Denver Nuggets,0022400139,2024-11-01,DEN @ MIN,L,241,116,41,92,0.446,11,32,0.344,23,29,0.793,17,29,46,30,11,2,13,18,-3.0
22024,1610612740,NOP,New Orleans Pelicans,0022400138,2024-11-01,NOP vs. IND,W,240,125,49,101,0.485,12,31,0.387,15,19,0.789,15,31,46,28,8,4,6,15,7.0
22024,1610612761,TOR,Toronto Raptors,0022400137,2024-11-01,TOR vs. LAL,L,241,125,52,107,0.486,10,35,0.286,11,13,0.846,15,29,44,35,4,6,11,29,-6.0
22024,1610612750,MIN,Minnesota Timberwolves,0022400139,2024-11-01,MIN vs. DEN,W,240,119,43,83,0.518,18,42,0.429,15,18,0.833,8,30,38,34,8,9,16,22,3.0
22024,1610612766,CHA,Charlotte Hornets,0022400132,2024-11-01,CHA vs. BOS,L,241,109,42,91,0.462,19,48,0.396,6,12,0.5,12,30,42,20,5,5,14,26,-15.0
22024,1610612753,ORL,Orlando Magic,0022400133,2024-11-01,ORL @ CLE,L,240,109,41,90,0.456,11,33,0.333,16,24,0.667,7,32,39,26,10,4,14,17,-11.0
22024,1610612751,BKN,Brooklyn Nets,0022400136,2024-11-01,BKN vs. CHI,W,241,120,49,94,0.521,11,36,0.306,11,13,0.846,9,37,46,34,11,6,10,20,8.0
22024,1610612758,SAC,Sacramento Kings,0022400135,2024-11-01,SAC @ ATL,W,239,123,43,89,0.483,11,33,0.333,26,30,0.867,10,41,51,28,9,4,14,21,8.0
22024,1610612738,BOS,Boston Celtics,0022400132,2024-11-01,BOS @ CHA,W,242,124,41,86,0.477,13,42,0.31,29,35,0.829,11,30,41,21,12,5,10,13,15.0
22024,1610612757,POR,Portland Trail Blazers,0022400140,2024-11-01,POR vs. OKC,L,239,114,39,83,0.47,15,35,0.429,21,31,0.677,11,25,36,27,8,5,19,17,-23.0
22024,1610612737,ATL,Atlanta Hawks,0022400135,2024-11-01,ATL vs. SAC,L,240,115,41,92,0.446,19,50,0.38,14,18,0.778,8,32,40,30,8,4,13,22,-8.0
22024,1610612765,DET,Detroit Pistons,0022400134,2024-11-01,DET vs. NYK,L,240,98,41,81,0.506,11,34,0.324,5,7,0.714,6,32,38,23,6,9,22,12,-30.0
22024,1610612752,NYK,New York Knicks,0022400134,2024-11-01,NYK @ DET,W,239,128,52,101,0.515,18,38,0.474,6,10,0.6,12,33,45,31,16,3,9,14,30.0
22024,1610612741,CHI,Chicago Bulls,0022400136,2024-11-01,CHI @ BKN,L,239,112,38,88,0.432,17,44,0.386,19,24,0.792,10,34,44,24,5,3,16,15,-8.0
22024,1610612747,LAL,Los Angeles Lakers,0022400137,2024-11-01,LAL @ TOR,W,239,131,42,88,0.477,11,32,0.344,36,41,0.878,9,34,43,29,6,5,10,17,6.0
22024,1610612739,CLE,Cleveland Cavaliers,0022400133,2024-11-01,CLE vs. ORL,W,239,120,44,87,0.506,15,38,0.395,17,20,0.85,7,42,49,25,6,4,12,21,11.0
22024,1610612760,OKC,Oklahoma City Thunder,0022400140,2024-11-01,OKC @ POR,W,238,137,51,95,0.537,19,49,0.388,16,19,0.842,14,31,45,31,14,9,13,29,23.0
22024,1610612754,IND,Indiana Pacers,0022400138,2024-11-01,IND @ NOP,L,241,118,46,89,0.517,16,38,0.421,10,13,0.769,6,33,39,35,3,3,14,21,-7.0
22024,1610612745,HOU,Houston Rockets,0022400129,2024-10-31,HOU @ DAL,W,240,108,40,97,0.412,8,34,0.235,20,27,0.741,18,32,50,21,4,4,8,20,6.0
22024,1610612742,DAL,Dallas Mavericks,0022400129,2024-10-31,DAL vs. HOU,L,239,102,39,85,0.459,10,30,0.333,14,20,0.7,10,27,37,21,6,7,10,27,-6.0
22024,1610612749,MIL,Milwaukee Bucks,0022400128,2024-10-31,MIL @ MEM,L,242,99,41,96,0.427,9,42,0.214,8,19,0.421,9,29,38,20,10,4,10,27,-23.0
22024,1610612759,SAS,San Antonio Spurs,0022400130,2024-10-31,SAS @ UTA,W,239,106,38,92,0.413,12,43,0.279,18,23,0.783,11,31,42,25,17,7,11,17,18.0
22024,1610612746,LAC,LA Clippers,0022400131,2024-10-31,LAC vs. PHX,L,241,119,45,93,0.484,12,35,0.343,17,21,0.81,15,33,48,27,8,8,14,22,-6.0
22024,1610612756,PHX,Phoenix Suns,0022400131,2024-10-31,PHX @ LAC,W,240,125,42,82,0.512,18,39,0.462,23,28,0.821,8,31,39,29,12,4,12,20,6.0
22024,1610612762,UTA,Utah Jazz,0022400130,2024-10-31,UTA vs. SAS,L,240,88,32,82,0.39,7,32,0.219,17,19,0.895,15,38,53,19,6,6,26,19,-18.0
22024,1610612763,MEM,Memphis Grizzlies,0022400128,2024-10-31,MEM vs. MIL,W,242,122,43,82,0.524,8,28,0.286,28,31,0.903,7,49,56,26,6,3,16,21,23.0
22024,1610612763,MEM,Memphis Grizzlies,0022400124,2024-10-30,MEM vs. BKN,L,239,106,38,81,0.469,8,27,0.296,22,29,0.759,12,26,38,27,9,3,22,21,-13.0
22024,1610612739,CLE,Cleveland Cavaliers,0022400118,2024-10-30,CLE vs. LAL,W,239,134,56,97,0.577,17,41,0.415,5,8,0.625,6,30,36,37,14,2,12,26,24.0
22024,1610612740,NOP,New Orleans Pelicans,0022400126,2024-10-30,NOP @ GSW,L,240,89,33,90,0.367,11,36,0.306,12,20,0.6,18,31,49,24,7,6,14,17,-15.0
22024,1610612766,CHA,Charlotte Hornets,0022400117,2024-10-30,CHA vs. TOR,W,239,138,49,94,0.521,20,45,0.444,20,25,0.8,14,24,38,31,9,8,15,24,5.0
22024,1610612738,BOS,Boston Celtics,0022400119,2024-10-30,BOS @ IND,L,266,132,44,109,0.404,19,57,0.333,25,31,0.806,18,33,51,23,11,5,14,19,-3.0
22024,1610612759,SAS,San Antonio Spurs,0022400125,2024-10-30,SAS @ OKC,L,239,93,35,85,0.412,12,36,0.333,11,13,0.846,13,39,52,22,6,6,22,8,-12.0
22024,1610612761,TOR,Toronto Raptors,0022400117,2024-10-30,TOR @ CHA,L,240,133,52,91,0.571,9,28,0.321,20,30,0.667,13,28,41,37,9,5,14,25,-5.0
22024,1610612753,ORL,Orlando Magic,0022400123,2024-10-30,ORL @ CHI,L,239,99,35,86,0.407,11,46,0.239,18,20,0.9,6,36,42,25,9,8,12,19,-3.0
22024,1610612751,BKN,Brooklyn Nets,0022400124,2024-10-30,BKN @ MEM,W,240,119,41,80,0.513,15,41,0.366,22,25,0.88,8,26,34,27,10,2,15,25,13.0
22024,1610612746,LAC,LA Clippers,0022400127,2024-10-30,LAC vs. POR,L,240,105,41,90,0.456,13,36,0.361,10,18,0.556,13,36,49,26,10,5,13,19,-1.0
22024,1610612760,OKC,Oklahoma City Thunder,0022400125,2024-10-30,OKC vs. SAS,W,242,105,41,89,0.461,17,41,0.415,6,8,0.75,5,34,39,28,18,6,10,15,12.0
22024,1610612744,GSW,Golden State Warriors,0022400126,2024-10-30,GSW vs. NOP,W,238,104,41,87,0.471,13,38,0.342,9,13,0.692,13,29,42,32,5,9,13,22,15.0
22024,1610612755,PHI,Philadelphia 76ers,0022400120,2024-10-30,PHI vs. DET,L,241,95,33,79,0.418,8,28,0.286,21,28,0.75,8,29,37,17,7,4,9,21,-10.0
22024,1610612741,CHI,Chicago Bulls,0022400123,2024-10-30,CHI vs. ORL,W,239,102,36,84,0.429,13,34,0.382,17,25,0.68,9,45,54,23,6,2,14,16,3.0
22024,1610612737,ATL,Atlanta Hawks,0022400121,2024-10-30,ATL @ WAS,L,240,120,45,95,0.474,12,39,0.308,18,21,0.857,12,29,41,28,10,3,15,19,-13.0
22024,1610612764,WAS,Washington Wizards,0022400121,2024-10-30,WAS vs. ATL,W,242,133,47,89,0.528,16,38,0.421,23,25,0.92,6,31,37,32,10,5,14,21,13.0
22024,1610612757,POR,Portland Trail Blazers,0022400127,2024-10-30,POR @ LAC,W,241,106,41,92,0.446,14,33,0.424,10,12,0.833,12,35,47,19,9,6,12,18,1.0
22024,1610612747,LAL,Los Angeles Lakers,0022400118,2024-10-30,LAL @ CLE,L,238,110,38,77,0.494,6,28,0.214,28,33,0.848,5,32,37,21,6,0,20,7,-24.0
22024,1610612765,DET,Detroit Pistons,0022400120,2024-10-30,DET @ PHI,W,241,105,36,78,0.462,15,36,0.417,18,22,0.818,12,37,49,23,4,5,16,25,10.0
22024,1610612754,IND,Indiana Pacers,0022400119,2024-10-30,IND vs. BOS,W,265,135,50,104,0.481,15,38,0.395,20,24,0.833,16,41,57,33,10,5,18,26,3.0
22024,1610612748,MIA,Miami Heat,0022400122,2024-10-30,MIA vs. NYK,L,239,107,37,81,0.457,17,40,0.425,16,24,0.667,7,32,39,27,6,3,10,17,-9.0
22024,1610612752,NYK,New York Knicks,0022400122,2024-10-30,NYK @ MIA,W,240,116,40,82,0.488,18,40,0.45,18,20,0.9,7,35,42,30,8,4,9,16,9.0
22024,1610612743,DEN,Denver Nuggets,0022400113,2024-10-29,DEN @ BKN,W,266,144,46,89,0.517,13,27,0.481,39,47,0.83,9,34,43,31,3,4,5,22,5.0
22024,1610612740,NOP,New Orleans Pelicans,0022400116,2024-10-29,NOP @ GSW,L,239,106,40,74,0.541,9,22,0.409,17,24,0.708,9,35,44,23,4,6,23,13,-18.0
22024,1610612758,SAC,Sacramento Kings,0022400115,2024-10-29,SAC @ UTA,W,240,113,48,92,0.522,8,31,0.258,9,14,0.643,9,40,49,26,9,9,11,19,17.0
22024,1610612751,BKN,Brooklyn Nets,0022400113,2024-10-29,BKN vs. DEN,L,266,139,49,96,0.51,20,52,0.385,21,27,0.778,7,34,41,37,4,6,8,32,-5.0
22024,1610612762,UTA,Utah Jazz,0022400115,2024-10-29,UTA vs. SAC,L,241,96,35,89,0.393,14,48,0.292,12,14,0.857,12,30,42,24,7,4,17,16,-17.0
22024,1610612750,MIN,Minnesota Timberwolves,0022400114,2024-10-29,MIN vs. DAL,L,240,114,39,77,0.506,19,39,0.487,17,26,0.654,11,31,42,33,5,2,20,20,-6.0
22024,1610612744,GSW,Golden State Warriors,0022400116,2024-10-29,GSW vs. NOP,W,243,124,46,97,0.474,21,46,0.457,11,13,0.846,11,23,34,34,15,9,7,20,18.0
22024,1610612742,DAL,Dallas Mavericks,0022400114,2024-10-29,DAL @ MIN,W,239,120,45,93,0.484,16,39,0.41,14,18,0.778,12,28,40,25,12,2,9,21,6.0
22024,1610612742,DAL,Dallas Mavericks,0022400110,2024-10-28,DAL vs. UTA,W,239,110,43,95,0.453,11,39,0.282,13,17,0.765,13,37,50,27,9,12,13,23,8.0
22024,1610612738,BOS,Boston Celtics,0022400104,2024-10-28,BOS vs. MIL,W,242,119,43,87,0.494,18,47,0.383,15,19,0.789,4,34,38,24,5,5,12,18,11.0
22024,1610612756,PHX,Phoenix Suns,0022400111,2024-10-28,PHX vs. LAL,W,239,109,40,87,0.46,11,36,0.306,18,20,0.9,9,37,46,21,7,11,10,22,4.0
22024,1610612749,MIL,Milwaukee Bucks,0022400104,2024-10-28,MIL @ BOS,L,241,108,37,82,0.451,8,31,0.258,26,31,0.839,8,35,43,18,7,6,16,24,-11.0
22024,1610612762,UTA,Utah Jazz,0022400110,2024-10-28,UTA @ DAL,L,240,102,34,92,0.37,10,35,0.286,24,29,0.828,15,35,50,24,7,5,13,17,-8.0
22024,1610612765,DET,Detroit Pistons,0022400105,2024-10-28,DET @ MIA,L,240,98,35,91,0.385,14,38,0.368,14,17,0.824,19,35,54,14,6,6,16,19,-8.0
22024,1610612759,SAS,San Antonio Spurs,0022400109,2024-10-28,SAS vs. HOU,L,241,101,37,87,0.425,10,33,0.303,17,21,0.81,17,32,49,22,6,6,17,21,-5.0
22024,1610612761,TOR,Toronto Raptors,0022400107,2024-10-28,TOR vs. DEN,L,266,125,49,109,0.45,10,35,0.286,17,21,0.81,18,36,54,30,7,7,15,27,-2.0
22024,1610612764,WAS,Washington Wizards,0022400103,2024-10-28,WAS @ ATL,W,240,121,41,91,0.451,21,44,0.477,18,22,0.818,9,34,43,24,7,3,18,25,2.0
22024,1610612754,IND,Indiana Pacers,0022400102,2024-10-28,IND @ ORL,L,241,115,41,88,0.466,13,29,0.448,20,30,0.667,15,29,44,25,7,4,12,28,-4.0
22024,1610612758,SAC,Sacramento Kings,0022400112,2024-10-28,SAC vs. POR,W,240,111,37,81,0.457,14,35,0.4,23,25,0.92,9,31,40,25,8,6,14,27,13.0
22024,1610612739,CLE,Cleveland Cavaliers,0022400106,2024-10-28,CLE @ NYK,W,240,110,39,82,0.476,12,36,0.333,20,24,0.833,9,32,41,21,10,5,13,20,6.0
22024,1610612752,NYK,New York Knicks,0022400106,2024-10-28,NYK vs. CLE,L,240,104,40,90,0.444,9,28,0.321,15,18,0.833,13,30,43,22,8,3,16,21,-6.0
22024,1610612747,LAL,Los Angeles Lakers,0022400111,2024-10-28,LAL @ PHX,L,239,105,39,94,0.415,14,32,0.438,13,18,0.722,11,35,46,25,5,6,11,19,-4.0
22024,1610612763,MEM,Memphis Grizzlies,0022400108,2024-10-28,MEM vs. CHI,L,239,123,51,111,0.459,14,43,0.326,7,13,0.538,18,42,60,37,5,9,10,21,-3.0
22024,1610612753,ORL,Orlando Magic,0022400102,2024-10-28,ORL vs. IND,W,241,119,39,83,0.47,13,41,0.317,28,38,0.737,11,35,46,26,7,6,15,25,4.0
22024,1610612745,HOU,Houston Rockets,0022400109,2024-10-28,HOU @ SAS,W,241,106,35,85,0.412,15,37,0.405,21,24,0.875,13,30,43,20,6,2,12,23,5.0
22024,1610612741,CHI,Chicago Bulls,0022400108,2024-10-28,CHI @ MEM,W,241,126,45,100,0.45,25,53,0.472,11,17,0.647,11,39,50,36,5,6,9,15,3.0
22024,1610612748,MIA,Miami Heat,0022400105,2024-10-28,MIA vs. DET,W,241,106,38,88,0.432,15,47,0.319,15,20,0.75,10,34,44,24,14,3,9,14,8.0
22024,1610612737,ATL,Atlanta Hawks,0022400103,2024-10-28,ATL vs. WAS,L,240,119,39,81,0.481,15,40,0.375,26,36,0.722,6,33,39,32,12,7,16,22,-2.0
22024,1610612743,DEN,Denver Nuggets,0022400107,2024-10-28,DEN @ TOR,W,265,127,47,96,0.49,9,20,0.45,24,30,0.8,15,37,52,29,6,6,16,20,2.0
22024,1610612757,POR,Portland Trail Blazers,0022400112,2024-10-28,POR @ SAC,L,240,98,35,83,0.422,4,22,0.182,24,30,0.8,12,34,46,17,5,4,17,22,-13.0
22024,1610612740,NOP,New Orleans Pelicans,0022400099,2024-10-27,NOP @ POR,L,241,103,38,88,0.432,8,29,0.276,19,24,0.792,15,24,39,24,9,8,15,22,-22.0
22024,1610612744,GSW,Golden State Warriors,0022400101,2024-10-27,GSW vs. LAC,L,242,104,38,88,0.432,14,43,0.326,14,22,0.636,14,33,47,19,10,5,21,22,-8.0
22024,1610612751,BKN,Brooklyn Nets,0022400098,2024-10-27,BKN vs. MIL,W,241,115,39,91,0.429,16,45,0.356,21,23,0.913,12,35,47,23,9,3,12,26,13.0
22024,1610612755,PHI,Philadelphia 76ers,0022400097,2024-10-27,PHI @ IND,W,265,118,42,98,0.429,11,42,0.262,23,31,0.742,20,34,54,15,9,4,19,26,4.0
22024,1610612737,ATL,Atlanta Hawks,0022400100,2024-10-27,ATL @ OKC,L,240,104,36,91,0.396,10,31,0.323,22,29,0.759,17,32,49,24,7,4,19,23,-24.0
22024,1610612749,MIL,Milwaukee Bucks,0022400098,2024-10-27,MIL @ BKN,L,238,102,33,74,0.446,10,33,0.303,26,31,0.839,7,36,43,20,7,3,18,17,-13.0
22024,1610612746,LAC,LA Clippers,0022400101,2024-10-27,LAC @ GSW,W,240,112,42,90,0.467,10,32,0.313,18,23,0.783,14,34,48,27,11,2,18,21,8.0
22024,1610612760,OKC,Oklahoma City Thunder,0022400100,2024-10-27,OKC vs. ATL,W,239,128,44,89,0.494,16,40,0.4,24,32,0.75,11,34,45,26,13,12,10,23,24.0
22024,1610612754,IND,Indiana Pacers,0022400097,2024-10-27,IND vs. PHI,L,263,114,39,84,0.464,13,32,0.406,23,34,0.676,7,30,37,28,8,4,19,26,-4.0
22024,1610612757,POR,Portland Trail Blazers,0022400099,2024-10-27,POR vs. NOP,W,241,125,43,93,0.462,14,35,0.4,25,32,0.781,22,29,51,25,9,8,16,21,22.0
22024,1610612764,WAS,Washington Wizards,0022400090,2024-10-26,WAS vs. CLE,L,239,116,37,96,0.385,15,43,0.349,27,32,0.844,18,28,46,25,6,9,15,25,-19.0
22024,1610612748,MIA,Miami Heat,0022400088,2024-10-26,MIA @ CHA,W,242,114,40,86,0.465,14,34,0.412,20,28,0.714,13,30,43,33,8,6,13,19,8.0
22024,1610612766,CHA,Charlotte Hornets,0022400088,2024-10-26,CHA vs. MIA,L,241,106,39,89,0.438,13,41,0.317,15,21,0.714,15,31,46,20,6,5,17,24,-8.0
22024,1610612739,CLE,Cleveland Cavaliers,0022400090,2024-10-26,CLE @ WAS,W,239,135,47,88,0.534,18,39,0.462,23,34,0.676,11,37,48,27,13,10,16,27,19.0
22024,1610612761,TOR,Toronto Raptors,0022400093,2024-10-26,TOR @ MIN,L,241,101,41,90,0.456,10,29,0.345,9,13,0.692,12,34,46,29,9,4,20,22,-11.0
22024,1610612741,CHI,Chicago Bulls,0022400091,2024-10-26,CHI vs. OKC,L,238,95,32,92,0.348,15,53,0.283,16,22,0.727,11,50,61,23,6,2,26,19,-19.0
22024,1610612753,ORL,Orlando Magic,0022400092,2024-10-26,ORL @ MEM,L,240,111,37,87,0.425,17,48,0.354,20,28,0.714,12,29,41,21,10,6,19,20,-13.0
22024,1610612738,BOS,Boston Celtics,0022400089,2024-10-26,BOS @ DET,W,239,124,38,90,0.422,22,48,0.458,26,30,0.867,13,24,37,19,10,6,10,16,6.0
22024,1610612758,SAC,Sacramento Kings,0022400096,2024-10-26,SAC @ LAL,L,240,127,45,88,0.511,15,44,0.341,22,25,0.88,5,27,32,32,12,5,14,19,-4.0
22024,1610612746,LAC,LA Clippers,0022400087,2024-10-26,LAC @ DEN,W,242,109,40,82,0.488,12,33,0.364,17,21,0.81,11,33,44,30,4,5,16,24,5.0
22024,1610612750,MIN,Minnesota Timberwolves,0022400093,2024-10-26,MIN vs. TOR,W,239,112,39,83,0.47,14,37,0.378,20,26,0.769,9,32,41,29,9,8,13,16,11.0
22024,1610612763,MEM,Memphis Grizzlies,0022400092,2024-10-26,MEM vs. ORL,W,241,124,46,86,0.535,13,34,0.382,19,24,0.792,6,36,42,38,10,5,18,24,13.0
22024,1610612742,DAL,Dallas Mavericks,0022400095,2024-10-26,DAL @ PHX,L,239,102,37,93,0.398,13,41,0.317,15,18,0.833,12,34,46,22,6,2,8,28,-12.0
22024,1610612765,DET,Detroit Pistons,0022400089,2024-10-26,DET vs. BOS,L,240,118,43,88,0.489,14,39,0.359,18,22,0.818,9,35,44,27,4,7,14,22,-6.0
22024,1610612743,DEN,Denver Nuggets,0022400087,2024-10-26,DEN vs. LAC,L,240,104,35,87,0.402,14,35,0.4,20,24,0.833,10,27,37,20,13,4,10,22,-5.0
22024,1610612745,HOU,Houston Rockets,0022400094,2024-10-26,HOU @ SAS,L,240,106,38,92,0.413,13,41,0.317,17,21,0.81,8,26,34,21,10,3,10,24,-3.0
22024,1610612756,PHX,Phoenix Suns,0022400095,2024-10-26,PHX vs. DAL,W,239,114,36,80,0.45,14,39,0.359,28,37,0.757,7,40,47,26,3,4,11,17,12.0
22024,1610612760,OKC,Oklahoma City Thunder,0022400091,2024-10-26,OKC @ CHI,W,240,114,45,107,0.421,8,40,0.2,16,20,0.8,9,45,54,21,15,5,10,18,19.0
22024,1610612747,LAL,Los Angeles Lakers,0022400096,2024-10-26,LAL vs. SAC,W,240,131,48,92,0.522,14,34,0.412,21,24,0.875,13,32,45,32,8,3,19,19,4.0
22024,1610612759,SAS,San Antonio Spurs,0022400094,2024-10-26,SAS vs. HOU,W,241,109,39,79,0.494,8,20,0.4,23,28,0.821,10,39,49,23,6,7,17,18,3.0
22024,1610612754,IND,Indiana Pacers,0022400081,2024-10-25,IND @ NYK,L,241,98,41,83,0.494,3,30,0.1,13,20,0.65,9,24,33,28,8,6,15,24,-25.0
22024,1610612741,CHI,Chicago Bulls,0022400083,2024-10-25,CHI @ MIL,W,239,133,46,96,0.479,21,47,0.447,20,23,0.87,9,37,46,30,10,4,9,17,11.0
22024,1610612737,ATL,Atlanta Hawks,0022400079,2024-10-25,ATL vs. CHA,W,240,125,39,81,0.481,14,38,0.368,33,38,0.868,7,32,39,25,11,9,13,28,5.0
22024,1610612766,CHA,Charlotte Hornets,0022400079,2024-10-25,CHA @ ATL,L,241,120,37,96,0.385,21,51,0.412,25,31,0.806,22,31,53,22,7,4,17,28,-5.0
22024,1610612755,PHI,Philadelphia 76ers,0022400078,2024-10-25,PHI @ TOR,L,238,107,29,76,0.382,9,29,0.31,40,53,0.755,10,18,28,19,11,5,16,32,-8.0
22024,1610612762,UTA,Utah Jazz,0022400084,2024-10-25,UTA vs. GSW,L,242,86,29,92,0.315,9,42,0.214,19,26,0.731,14,31,45,18,8,5,22,11,-41.0
22024,1610612757,POR,Portland Trail Blazers,0022400086,2024-10-25,POR vs. NOP,L,240,103,37,90,0.411,13,37,0.351,16,20,0.8,10,38,48,26,7,11,19,22,-2.0
22024,1610612763,MEM,Memphis Grizzlies,0022400082,2024-10-25,MEM @ HOU,L,240,108,38,91,0.418,10,28,0.357,22,36,0.611,14,29,43,24,8,8,17,25,-20.0
22024,1610612761,TOR,Toronto Raptors,0022400078,2024-10-25,TOR vs. PHI,W,239,115,35,76,0.461,6,23,0.261,39,46,0.848,18,36,54,25,11,13,26,34,8.0
22024,1610612745,HOU,Houston Rockets,0022400082,2024-10-25,HOU vs. MEM,W,240,128,43,98,0.439,17,43,0.395,25,36,0.694,23,41,64,20,10,4,17,32,20.0
22024,1610612749,MIL,Milwaukee Bucks,0022400083,2024-10-25,MIL vs. CHI,L,241,122,46,93,0.495,13,40,0.325,17,25,0.68,8,39,47,24,5,3,14,14,-11.0
22024,1610612744,GSW,Golden State Warriors,0022400084,2024-10-25,GSW @ UTA,W,241,127,51,106,0.481,20,50,0.4,5,6,0.833,19,41,60,35,15,6,13,25,41.0
22024,1610612765,DET,Detroit Pistons,0022400080,2024-10-25,DET @ CLE,L,238,101,38,81,0.469,13,32,0.406,12,17,0.706,8,34,42,25,3,5,22,22,-12.0
22024,1610612752,NYK,New York Knicks,0022400081,2024-10-25,NYK vs. IND,W,240,123,44,84,0.524,12,27,0.444,23,29,0.793,11,32,43,19,5,4,11,18,25.0
22024,1610612747,LAL,Los Angeles Lakers,0022400085,2024-10-25,LAL vs. PHX,W,240,123,40,75,0.533,14,27,0.519,29,39,0.744,6,31,37,33,10,5,12,18,7.0
22024,1610612739,CLE,Cleveland Cavaliers,0022400080,2024-10-25,CLE vs. DET,W,240,113,42,82,0.512,13,34,0.382,16,23,0.696,5,34,39,28,13,4,12,15,12.0
22024,1610612753,ORL,Orlando Magic,0022400077,2024-10-25,ORL vs. BKN,W,240,116,39,75,0.52,15,30,0.5,23,33,0.697,5,34,39,28,10,7,12,19,15.0
22024,1610612751,BKN,Brooklyn Nets,0022400077,2024-10-25,BKN @ ORL,L,239,101,35,83,0.422,14,37,0.378,17,21,0.81,8,29,37,22,7,3,17,31,-15.0
22024,1610612756,PHX,Phoenix Suns,0022400085,2024-10-25,PHX @ LAL,L,239,116,42,82,0.512,17,37,0.459,15,17,0.882,5,29,34,35,8,4,16,26,-7.0
22024,1610612740,NOP,New Orleans Pelicans,0022400086,2024-10-25,NOP @ POR,W,238,105,36,86,0.419,12,32,0.375,21,31,0.677,11,33,44,25,12,8,14,22,2.0
22024,1610612738,BOS,Boston Celtics,0022400073,2024-10-24,BOS @ WAS,W,240,122,42,90,0.467,17,45,0.378,21,27,0.778,12,37,49,21,7,3,14,19,20.0
22024,1610612758,SAC,Sacramento Kings,0022400076,2024-10-24,SAC vs. MIN,L,241,115,38,82,0.463,11,29,0.379,28,35,0.8,4,34,38,21,7,2,9,18,-2.0
22024,1610612764,WAS,Washington Wizards,0022400073,2024-10-24,WAS vs. BOS,L,240,102,41,95,0.432,7,36,0.194,13,18,0.722,10,30,40,27,9,6,13,19,-20.0
22024,1610612760,OKC,Oklahoma City Thunder,0022400075,2024-10-24,OKC @ DEN,W,240,102,43,101,0.426,8,36,0.222,8,12,0.667,13,36,49,23,9,13,12,15,15.0
22024,1610612750,MIN,Minnesota Timberwolves,0022400076,2024-10-24,MIN @ SAC,W,240,117,41,86,0.477,20,50,0.4,15,17,0.882,6,36,42,24,3,2,16,24,2.0
22024,1610612743,DEN,Denver Nuggets,0022400075,2024-10-24,DEN vs. OKC,L,241,87,35,98,0.357,7,38,0.184,10,14,0.714,17,40,57,29,11,7,15,12,-15.0
22024,1610612742,DAL,Dallas Mavericks,0022400074,2024-10-24,DAL vs. SAS,W,240,120,42,102,0.412,19,44,0.432,17,23,0.739,17,33,50,27,9,5,9,21,11.0
22024,1610612759,SAS,San Antonio Spurs,0022400074,2024-10-24,SAS @ DAL,L,240,109,39,86,0.453,12,36,0.333,19,24,0.792,12,40,52,30,6,5,19,18,-11.0
22024,1610612762,UTA,Utah Jazz,0022400070,2024-10-23,UTA vs. MEM,L,240,124,40,85,0.471,10,26,0.385,34,45,0.756,14,35,49,21,7,9,14,24,-2.0
22024,1610612754,IND,Indiana Pacers,0022400063,2024-10-23,IND @ DET,W,241,115,42,83,0.506,9,31,0.29,22,25,0.88,7,32,39,32,10,8,15,23,6.0
22024,1610612741,CHI,Chicago Bulls,0022400069,2024-10-23,CHI @ NOP,L,242,111,42,86,0.488,10,34,0.294,17,25,0.68,9,38,47,26,4,2,21,16,-12.0
22024,1610612756,PHX,Phoenix Suns,0022400071,2024-10-23,PHX @ LAC,W,264,116,38,78,0.487,15,38,0.395,25,34,0.735,4,38,42,25,12,9,22,23,3.0
22024,1610612763,MEM,Memphis Grizzlies,0022400070,2024-10-23,MEM @ UTA,W,239,126,43,91,0.473,17,45,0.378,23,32,0.719,13,28,41,28,7,5,12,35,2.0
22024,1610612753,ORL,Orlando Magic,0022400065,2024-10-23,ORL @ MIA,W,238,116,41,96,0.427,18,49,0.367,16,22,0.727,18,39,57,28,8,8,11,21,19.0
22024,1610612765,DET,Detroit Pistons,0022400063,2024-10-23,DET vs. IND,L,241,109,38,88,0.432,9,33,0.273,24,28,0.857,12,26,38,22,6,2,12,21,-6.0
22024,1610612766,CHA,Charlotte Hornets,0022400068,2024-10-23,CHA @ HOU,W,241,110,38,85,0.447,15,39,0.385,19,24,0.792,15,41,56,20,6,10,16,21,5.0
22024,1610612737,ATL,Atlanta Hawks,0022400064,2024-10-23,ATL vs. BKN,W,241,120,39,80,0.488,9,28,0.321,33,46,0.717,12,33,45,25,12,9,16,20,4.0
22024,1610612748,MIA,Miami Heat,0022400065,2024-10-23,MIA vs. ORL,L,240,97,32,82,0.39,11,34,0.324,22,29,0.759,9,32,41,24,5,8,11,19,-19.0
22024,1610612751,BKN,Brooklyn Nets,0022400064,2024-10-23,BKN @ ATL,L,240,116,40,91,0.44,17,43,0.395,19,25,0.76,12,31,43,21,8,6,17,32,-4.0
22024,1610612755,PHI,Philadelphia 76ers,0022400066,2024-10-23,PHI vs. MIL,L,240,109,41,98,0.418,8,31,0.258,19,27,0.704,17,32,49,18,4,2,10,28,-15.0
22024,1610612761,TOR,Toronto Raptors,0022400067,2024-10-23,TOR vs. CLE,L,240,106,36,86,0.419,12,31,0.387,22,29,0.759,14,24,38,25,8,6,18,24,-30.0
22024,1610612749,MIL,Milwaukee Bucks,0022400066,2024-10-23,MIL @ PHI,W,239,124,43,80,0.538,16,37,0.432,22,31,0.71,8,38,46,27,4,9,14,23,15.0
22024,1610612745,HOU,Houston Rockets,0022400068,2024-10-23,HOU vs. CHA,L,239,105,38,103,0.369,13,43,0.302,16,20,0.8,16,27,43,19,8,4,8,18,-5.0
22024,1610612739,CLE,Cleveland Cavaliers,0022400067,2024-10-23,CLE @ TOR,W,243,136,51,87,0.586,14,30,0.467,20,26,0.769,8,28,36,29,10,9,12,22,30.0
22024,1610612757,POR,Portland Trail Blazers,0022400072,2024-10-23,POR vs. GSW,L,240,104,36,92,0.391,8,34,0.235,24,30,0.8,13,29,42,21,10,4,17,22,-36.0
22024,1610612744,GSW,Golden State Warriors,0022400072,2024-10-23,GSW @ POR,W,240,140,48,93,0.516,20,48,0.417,24,30,0.8,15,42,57,38,13,5,17,27,36.0
22024,1610612746,LAC,LA Clippers,0022400071,2024-10-23,LAC vs. PHX,L,266,113,42,92,0.457,8,29,0.276,21,30,0.7,13,38,51,27,9,1,21,29,-3.0
22024,1610612740,NOP,New Orleans Pelicans,0022400069,2024-10-23,NOP vs. CHI,W,241,123,45,97,0.464,14,37,0.378,19,21,0.905,7,35,42,29,15,10,11,17,12.0
22024,1610612747,LAL,Los Angeles Lakers,0022400062,2024-10-22,LAL vs. MIN,W,240,110,42,95,0.442,5,30,0.167,21,25,0.84,15,31,46,22,7,8,7,22,7.0
22024,1610612752,NYK,New York Knicks,0022400061,2024-10-22,NYK @ BOS,L,241,109,43,78,0.551,11,30,0.367,12,16,0.75,5,29,34,20,2,3,11,12,-23.0
22024,1610612750,MIN,Minnesota Timberwolves,0022400062,2024-10-22,MIN @ LAL,L,239,103,35,85,0.412,13,41,0.317,20,27,0.741,12,35,47,17,4,1,15,22,-7.0
22024,1610612738,BOS,Boston Celtics,0022400061,2024-10-22,BOS vs. NYK,W,240,132,48,95,0.505,29,61,0.475,7,8,0.875,11,29,40,33,6,3,3,15,23.0
